:020000041010DA
:1000000000B50C4B00219960082159610A4919601B
:100010000A490B480160002159600121996001BC27
:10002000002800D0004707480749086003C880F34C
:10003000088808470000001800031F00180200038A
:10004000F40000180001001008ED00E000000000BE
:1000500000000000000000000000000000000000A0
:100060000000000000000000000000000000000090
:100070000000000000000000000000000000000080
:100080000000000000000000000000000000000070
:100090000000000000000000000000000000000060
:1000A0000000000000000000000000000000000050
:1000B0000000000000000000000000000000000040
:1000C0000000000000000000000000000000000030
:1000D0000000000000000000000000000000000020
:1000E0000000000000000000000000000000000010
:1000F000000000000000000000000000A071FAAD48
:1001000000200420F7011010C3011010C5011010C9
:10011000C1011010C1011010C1011010C101101057
:10012000C1011010C1011010C1011010C701101041
:10013000C1011010C1011010C9011010CB01101025
:10014000CD011010CD011010CD011010CD011010F7
:10015000CD011010CD011010CD011010CD011010E7
:10016000CD011010CD011010CD011010CD011010D7
:10017000CD011010CD011010CD011010CD011010C7
:10018000CD011010CD011010CD011010CD011010B7
:10019000CD011010CD011010CD011010CD011010A7
:1001A000CD011010CD011010CD011010CD01101097
:1001B000CD011010CD011010CD011010CD01101087
:1001C00000BE00BE00BE00BE00BE00BEEFF3058054
:1001D000103800BEF2EB8871BCE81010E0E8101097
:1001E0003402101090A31AE700201F49086006C8C7
:1001F00081F3088810471D48006800282FD10DA4FE
:100200000ECC002902D000F012F8F9E71849194A7B
:10021000002000E001C19142FCD1174988471749ED
:1002200088471749884700BEFDE701C901C29A42C5
:10023000FBD37047E0E81010C000002090F50120CB
:10024000B0DD121000000420D406042084E4121053
:100250000010042028130420000000007047094803
:1002600007F0B0F90047000008ED00E0000000D002
:1002700090F50120042A0220495B10100D23101074
:10028000715C10105756000006005250ABB360531B
:1002900094DF101006005250861C0302ACDF1010D1
:1002A000060052505422A29DB4DF10100500525097
:1002B000DE65F468ACE71210F8B5C0460448054B9B
:1002C00010B5834203D0044B002B00D0984710BDDB
:1002D00090F5012090F50120000000000648074934
:1002E000091A8B10C90FC91810B5491003D0044B57
:1002F000002B00D0984710BD90F5012090F501200B
:100300000000000010B5074C2378002B09D1FFF73F
:10031000D5FF054B002B02D0044800E000BF0123AD
:10032000237010BDF8FA01200000000020DD10103D
:10033000054B10B5002B03D00449054800E000BF71
:10034000FFF7CCFF10BDC04600000000FCFA012002
:1003500020DD1010817C427C09020A43037E111CBF
:10036000002A00D101210122818411001940C162BB
:10037000D9100A40017D0263C27C09020A43111CA4
:10038000002A00D101210122818659101140C16348
:1003900019110A40817D0264427D09020A43111C41
:1003A000002A00D10121442281529910433A5B1165
:1003B00011401A400265C27DC164131C002A00D19D
:1003C00001235422DBB28352838B1A1C002B00D1F1
:1003D00001226023C2527047F0B54546DE465746BB
:1003E0004E460123E0B588278346F0240026984630
:1003F000A848A94D3F018DB05F4458445D44240591
:100400004246B2400300002192B20092019602904F
:100410001A68002A0DD01000009EB043000502D1DA
:100420001002000D0143100020408246224200D0FD
:10043000BFE018339D42EBD1019E3980013602980E
:1004400002370C2EDCD15A465946924B5846D358A7
:10045000924A8E583205120D0692F0223100120592
:10046000114000918E4945582905090D0A918D4981
:100470002F00445817402105090D0B912100114010
:100480008C46002B00D1F1E01A40924619051B0260
:100490001B0D029333021B0D07932B02090D1B0D3D
:1004A000039108938049230B1B05A04659445C46E1
:1004B0000022E3460993AC4604965546019730E086
:1004C000049E002E0AD0079E37000740BE4201D18D
:1004D000069E3343009E002E00D01BE26646002E8F
:1004E0000AD0089E37000740BE4201D10A9E33431E
:1004F000019E002E00D0C2E14646002E0BD0099E80
:10050000360DB1460640B14501D10B9E33435E46E0
:10051000002E00D099E201320B8002310C2A00D16A
:1005200056E101239340029E98B29E437342734169
:10053000039E5B423340002DC2D081263601A6596E
:10054000B1462E4208D03602360DB24600D13AE10D
:100550000640B24500D136E1544EA659B1462E426E
:1005600008D03602360DB24600D113E10640B2453E
:1005700000D10FE14E4EA659B1462E4208D03602A8
:10058000360DB24600D10AE10640B24500D106E17F
:10059000484EA659B1462E4292D03602360DB2468A
:1005A00002D00640B2458BD14E463605360D334358
:1005B00086E781205A46000112585046944602426E
:1005C00009D0120591464846120D002844D00098E3
:1005D0001040824240D05A46344812585046944601
:1005E000024209D0120591464846120D002838D023
:1005F00000981040824234D05A462D481258504636
:100600009446024209D0120591464846120D002830
:100610001DD000981040824219D05A4625481258E1
:1006200050469446024200D103E712059146120D4E
:1006300092464A46002A05D052460098024092450A
:1006400000D0F6E662461202120D1143F1E6624650
:100650001202120D1143E0E762461202120D11431D
:10066000B9E762461202120D1143C5E733021B0DB2
:1006700003932B021B0D9A46230B1B050493634621
:100680000948A04658445C460021AC46D346029631
:10069000019331E024080000840800003C080000B9
:1006A000540800006C0800009808000014080000BE
:1006B000180800001C0800006646002E08D05E46A0
:1006C00016405E4501D10A9E3343002F00D075E1EC
:1006D0004646002E0BD0049E360DB1461640B1455D
:1006E00001D10B9E3343019D002D00D07DE00131EF
:1006F000038002300C296BD001228A40029D002326
:1007000092B2002DD8D0039B93431E0073427341D5
:10071000069E5B423340009E002ECDD081263601DE
:10072000A659B1464D46009E2E4206D02D022D0DF3
:10073000AA4639D01540AA4536D09C4D6559A946E0
:100740004E46009D354206D035022D0DAA4630D0CA
:10075000154055452DD0964D009E6559A946354208
:1007600006D02D022D0DAA4628D01540554525D07E
:10077000904D009E6559A94635429DD02D022D0D04
:10078000AA4602D01540AA4596D14D462D052D0DFD
:100790002B4391E74E463605360D3343EAE64E4687
:1007A0003605360D3343F3E64D462D052D0D2B430F
:1007B000C3E74D462D052D0D2B43CCE74D462D05AA
:1007C0002D0D2B43D4E74E463605360D3343C3E695
:1007D0008B2200231201A350774AA3500DB0F0BC26
:1007E000BB46B246A946A046F0BD2E0081252D018C
:1007F0006559A946354206D02D022D0DAA4634D0A2
:100800001540AA4531D0694D019E6559A94635422A
:1008100006D02D022D0DAA462CD01540AA4529D070
:10082000634D019E6559A946354206D02D022D0D16
:10083000AA4615D01540AA4512D05E4D019E6559B5
:10084000A946354200D152E72D022D0D03D02A4092
:10085000954200D04BE74A461205120D134346E776
:100860004D462D052D0D2B43E7E74D462D052D0D4E
:100870002B43C8E74D462D052D0D2B43D0E7370000
:1008800081263601A659B1463E4206D03602360DC3
:10089000B2463AD00640B24537D0444E019FA659E1
:1008A000B1463E4206D03602360DB24623D006404F
:1008B000B24520D03E4E019FA659B1463E4206D0D9
:1008C0003602360DB2461BD00640B24518D0394E1E
:1008D000019FA659B1463E4200D10DE63602360DC3
:1008E000B24603D00640B24500D005E64E46360576
:1008F000360D334300E64E463605360D3343D9E711
:100900004E463605360D3343E1E74E463605360D85
:100910003343C2E7370081263601A659B1463E422D
:1009200006D03602360DB24635D00640B24532D03A
:100930001E4E009FA659B1463E4206D03602360DE5
:10094000B2462DD00640B2452AD0194E009FA65976
:10095000B1463E4206D03602360DB24616D00640AB
:10096000B24513D0134E009FA659B1463E4200D166
:10097000B4E53602360DB24603D00640B24500D08B
:10098000ACE54E463605360D3343A7E54E463605F3
:10099000360D3343E6E74E463605360D3343C7E79B
:1009A0004E463605360D3343CFE7C04614080000E7
:1009B000180800001C080000B408000081252D0163
:1009C0006559A9462F4206D02D022D0DAA462DD0DD
:1009D0001540AA452AD0424D6559A9462F4206D056
:1009E0002D022D0DAA4626D01540AA4523D03D4DF7
:1009F0006559A9462F4206D02D022D0DAA461FD0BB
:100A00001540AA451CD0384D6559A9462F4200D142
:100A10005EE62D022D0DAA4603D01540AA4500D052
:100A200056E64D462D052D0D2B4351E64D462D0521
:100A30002D0D2B43CFE74D462D052D0D2B43D6E72E
:100A40004D462D052D0D2B43DDE781265F463601F2
:100A5000A659B1463E4206D03602360DB24634D0D3
:100A60000640B24531D05F461D4EA659B1463E42C2
:100A700006D03602360DB2462CD00640B24529D0FB
:100A80005F46184EA659B1463E4206D03602360D94
:100A9000B24615D00640B24512D05F46124EA65956
:100AA000B1463E4200D136E53602360D03D0304025
:100AB000864200D02FE548460005000D03432AE595
:100AC0004E463605360D3343E7E74E463605360DBE
:100AD0003343C8E74E463605360D3343D0E7C046AC
:100AE00014080000180800001C080000002806D1A7
:100AF0008B231B01C9439C46C9B262449181704754
:100B0000FF20704710B502F097FF10BD70B5FF20B1
:100B100003F07AF9082003F059F9D0248023240641
:100B20005B0063620920636103F050F980239B003E
:100B300063620A20636103F049F98023DB0063628A
:100B40000B20636103F042F980231B01A36215208F
:100B500003F03CF9802380259B03ED0463621A2097
:100B600003F034F96562192003F030F980239B0407
:100B700063621B20636103F029F98023FA201B05BF
:100B80006362002163618000A56103F05DFF656120
:100B900070BDC046D023FF201B061A6A0240DA62ED
:100BA000802252009A61C046C046C046C046C04638
:100BB000C04659685A610840802189009961C04641
:100BC000C046C046C046C046C0465A685961120277
:100BD000104380B27047C04603002D20F0B55C7909
:100BE0001A5C002C09D0022422431A5404301C5CE5
:100BF00025382040082800D197E0187A002804D032
:100C00003120185C000700D469E0987B00280AD0E6
:100C100010203F2402431D301A540430185CA043B6
:100C2000802800D17EE0587C002807D03120185C55
:100C30007F2803D80820024325301A54DC8B98699A
:100C4000E50701D5401A9861C50F5D7730255D5DD8
:100C500000284CDBE00501D5988A9861586AAD06FA
:100C600026D53221595C00293ED11900C50F20310B
:100C70004D72002827DBD98DC80703D58020024399
:100C800053381A542C269E5D5D8DD009164201D032
:100C9000022211430227264E6A086408344032407B
:100CA00049083C433A433140DC835A85D985F0BD3D
:100CB0005D8DED07D9D5401A1900C50F2031586256
:100CC0004D720028D7DA1B485862087A0028D2D122
:100CD000203002430D301A542C380872CBE7012023
:100CE00002432C301A5490E701385862BDE711488E
:100CF0001E7F986140206F060BD5012702432D20EF
:100D00007E40D2B21E771A54D430FF300443DC83C5
:100D1000A0E7002E9ED102432D20D2B21A542C38C7
:100D2000187797E77F3818747DE70738D87164E73C
:100D30007F7F0000FFFF0000030070B50F2900D97E
:100D4000A5E0584A89005258974630229A5C0078AC
:100D5000D2075DD49A785B7890431340184357E0EC
:100D60003022825C407A91070DD4DC7A997AA043D4
:100D7000214052B20843002A05DA1A7F002A00D027
:100D80008DE07F32104031225F219A5C2D248A430E
:100D9000203A511E8A41072152428A43195DEF329F
:100DA0000A402C217F251A55595C11400D422FD144
:100DB000FF2115401D55DA8D8A43DA8528E030225F
:100DC0009A5C0078D20764D531229C5C273A224095
:100DD0002D25023A51424A41595DFC320A402C21EC
:100DE0007F265A55595C11400E4205D1FF2116400D
:100DF0005E55DA8D8A43DA850E2222400A2A03D014
:100E00000C222240082A03D10022DA7100E0C07AC5
:100E100070BD2D215D5C40222C009443007E143A6D
:100E20005C549A5C22405206F2D13F2216E0407E8A
:100E3000EEE78078ECE7007DEAE7808A000AE7E7E2
:100E40002D215D5C20222C009443406A0C325C54BE
:100E50009A5CC0B222405206DAD15F222A405A542C
:100E6000DA8DD2318A43DA85D2E7406A0012C0B205
:100E7000CEE73022805CCBE73122805CC8E72D22B0
:100E8000805CC5E72C228023805C1843C0E70020EB
:100E9000BEE799785A7888430A40104394E7802245
:100EA000104370E720DD101070B50F2904D87C4B7B
:100EB00089005B589F46427070BDFF21838A8B4337
:100EC00013438382F8E7017D12020A432D218282B7
:100ED000455C40232C009C434454143BC35C23409A
:100EE0005B0606D13F232B404354C38DD2318B4345
:100EF000C385002382610377DEE7037D12021A4374
:100F000082822D22845C4023210099438154143B2A
:100F1000C35C0B405B06CFD13F2323408354C38D7A
:100F2000D2329343C385C7E7FF252D21038C1202DC
:100F30002B401A430284465C202334009C434454D3
:100F40000C33C35C23405B0605D15F23334043541D
:100F5000C38DAB43C38528230021C1544262ABE754
:100F60003023C2549206A7D40122438D9343438574
:100F7000A2E7FF21038C8B43134303849CE73123B7
:100F8000C254253B13400C2B78D03F2311009943CA
:100F9000C02900D090E79206D20F02748CE7141C8F
:100FA0007F2A64D82D212C22435CA3437F24435401
:100FB000825C1A40144200D07EE7FF221C40445459
:100FC000C38D9343C38577E72C2154B2435C002C37
:100FD0004FDB934343546FE731238272C35C5F223C
:100FE0001900914320294DD02D21455C18222C0059
:100FF000944344541432825C2240520606D1672244
:101000002A404254C28DD2318A43C2853F22934343
:10101000802B00D050E7002303744DE7312342704A
:10102000C15C273B0B402D24023B5A425341025DD9
:10103000FC3313402C227F250355825C1A40154255
:1010400005D1FF221D400555C38D9343C3850E2353
:101050000B400A2B04D00C230B40082B00D02BE7AD
:101060000023C37128E7C27226E7827024E77F2439
:1010700098E77F242240134343541DE79307DB0F77
:10108000C37182E72D22845C10232100994381548F
:101090001C33C35C0B405B0600D00DE76F233CE7BD
:1010A00060DD1010C38C828C08339BB2C3849A42DB
:1010B00005D800230122C384836A53408362C38E10
:1010C000828E08339BB2C3869A4205D80023012240
:1010D000C386836B5340836346224421835A08337B
:1010E0009BB28352415A994205D800238352836CA4
:1010F000453A5340836456225421835A08339BB2A5
:101100008352415A994211D800238352C26D013350
:101110005340C365012A09D08021826D8902D3081A
:1011200053405B040B4053405B0883657047C046E7
:1011300010B5037C04000F2B12D80E2B04D00F2BFC
:1011400010D0E418607C10BD027E5206F9D44268CB
:10115000002A14D0C16800209047237CE077F0E794
:10116000FF20F0E7027E7F2AEBD84268002A09D0F0
:10117000C168012090472023E054237CE1E7FF224F
:10118000C277DEE72022FF218154DAE710B5037C25
:101190000F2B00D910BD434CC218E45C21405174A0
:1011A000847C417C24022143027E0C1C002968D0EF
:1011B000012184840C001440C462D4102140047DB9
:1011C0000163C17C240221430C1C002957D001215A
:1011D000848654100C40C46314112140847D016442
:1011E000417D240221430C1C002946D04421445255
:1011F000433994100C40C46454112140C47D0165EE
:10120000211C002C30D05424C9B20153818B0C1CFA
:10121000002913D0602144520D2B14D00E2B32D054
:101220000F2BB7D152B2002AB4DA8368002BB1D0A9
:101230002021C268415C01209847ABE7012460216E
:1012400044520D2BEAD1002364228354023283548A
:10125000837F1A0704D50122110019401A421ED0BB
:1012600065230122C25495E701215424C9B20153D8
:10127000818B0C1C0029CDD1E0E70124B6E70124C5
:10128000A5E7012494E7520600D483E78368002B86
:1012900000D17FE7C268C17F002098477AE76523C5
:1012A000C15477E7DCE31010802270B5344D0400A0
:1012B0002800FF21520107F029F900238022A350C2
:1012C0000432A3500432A3500432A3500432A3507A
:1012D0000432A3500432A3500432A3500432A3506A
:1012E0000432A3500432A3500432A3500432A3505A
:1012F0000432A3500432A3500432A3500432A3504A
:101300000432A3500432A3500432A3500432A35039
:101310000432A3500432A3500432A3500432A35029
:101320000432A3500432A3500432A3500432A35019
:101330000432A3500432A3500432A350114B256051
:10134000A5602561A5612562A5622563A563256465
:10135000A5642565A5652566A56625676360E360C8
:101360006361E3616362E3626363E3636364E36451
:101370006365E3656366E3666367E367A56770BDFE
:101380004C0E02204CFE0120F0B5C6460F2300B5DE
:101390000B40057C083BDBB2040016002800072B3D
:1013A00000D994E0584A9B00D3589F460123194026
:1013B0008D4200D02174080009E0EB005B1B012581
:1013C0009B00E31823331A782940AA431A70002996
:1013D0000ED180BCB846F0BDEB005B1B01259B0025
:1013E000E31823331A782A431A7001231940F0D0E6
:1013F000C3000500984615E0EB005B1B02259B002F
:10140000E31823331A78AA431A7001231940DEE740
:101410000221EB0098465B1B9B00E31823331A78EC
:101420000A431A7043465F1BBF00E7193B00223393
:101430001B78002BCDD03B0021331B78002BC8D16B
:10144000952EC6D97B7D002BC3D03B0023331B7860
:10145000032BBED13B0024331B78002BB9D03200C4
:10146000F98B2A4807F01AFA7B7DF88B002B06D0FF
:10147000BB210130490106F0D7F888B2F883434612
:10148000BB225B1B9B00E418217F520149084A43A1
:10149000E36A9B181E542300012220331A70002394
:1014A0002434237095E7EB005B1B194A9B00E3187B
:1014B0009A61012319408AE72022EB005B1B9B0005
:1014C000E3185A7500229A61012319407FE7CB0780
:1014D00000D47EE74B100321EA009046521B920095
:1014E000A2180B40107F04331B1A1940012906D0A3
:1014F000032997D1002895D00138107792E7432827
:1015000090D8013010778DE73CE11010A0DD10106D
:10151000C62D0000F8B5CE464746BE4B80B5CB1869
:101520009BB2FF2B13D80F2B2ED8C9B2002A00D1A3
:101530006AE00430FFF700FCFF22D02314001B06F2
:10154000196A8C43DC6219694840024013E00C05BB
:101550000B0B240D002A34D0AF4ADB00C3189B5874
:10156000FF22195DD0231B06186A14008443DC6235
:10157000186941400A40DA618022D2009A615A61BA
:10158000C0BCB946B046F8BDA44CA54B0C19C35C11
:101590000F2C4FD8002B00D194E00F23CDB219406F
:1015A000002A00D19AE09E4BC6180B00347C083B01
:1015B000DBB22000072B00D911E29A4A9B00D358D6
:1015C0009F46D022FF251206166A3540D562802537
:1015D000ED009561C046C046C046C046C046C04604
:1015E000566855618C4ADB008218D3185B681E551B
:1015F000D023DB019C468C4B614489B29942BFD811
:1016000001228A4BC254BBE7D023FF221B061C6A6F
:1016100022408024E400DA629C61C046C046C04695
:10162000C046C046C0465A6804305C61D2B2FFF77B
:101630003BFCA5E7002B45D0002A67D17C4B9942A3
:1016400000D190E100D91FE1023B994200D156E15F
:10165000784B994200D093E7774A6F4B8118774ACD
:10166000C31882180A60764941180A605A661A66D9
:10167000744A8418744A270082181460734A8218C6
:101680001460734A8118734A884682180E00944683
:101690001500DF6647469C666F4C041921606F4C4D
:1016A00004192760196793216446490141185E6750
:1016B0000A606B4941180C609A670022DD67694B2C
:1016C000C2525DE7002A00D15AE7FF22D023100062
:1016D0001B06196A8843D86219694BE7D023FF2299
:1016E0001B061C6A22408024E400DA629C61C0462A
:1016F000C046C046C046C046C0465A685C61484BBA
:10170000D2B29C466044FFF73FFE39E7FF22554BBB
:101710001140C45A544BC3585918D0231B06095DB5
:10172000186A22E701231D40AC4200D0357428001E
:1017300009E00121E3001B1B9B00F31823331A78F7
:101740000D408A431A70002D55D10400E7003D1B5F
:10175000AD0075192B00802224331A70013B1B78D1
:10176000012B00D156E1022B00D159E1002B42D1CF
:101770002B0022331B78002B00D153E16B7DE98BCA
:10178000002B06D0481CBB21490105F04DFF89B252
:10179000E983BB223B1B9B00F3181C7F52016408AA
:1017A0006243DB6A9B18585CFF22D02314001B069F
:1017B000196A8C43DC6219694140DBE62022E300B0
:1017C0001B1B9B00F3185A7500229A6101231D40D0
:1017D000B9E7E3001B1B254A9B00F3189A6101231C
:1017E0001D40B0E70221E3001B1B9B00F3182333CD
:1017F0001A780A431A700020D6E70221E3001B1B67
:101800009B00F31823331A788A431A7001231D4072
:1018100099E7C04600FDFFFF68110000F0FCFFFFE4
:10182000A87B01005CE11010DF270000907B010025
:1018300082030000810300004812000080D20000F3
:101840004C12000080E20000501200005412000010
:1018500080F2000080020100581200005C120000BB
:1018600064120000927B010084120100C62D00006A
:101870000121E3001B1B9B00F31823331A780A4352
:101880001A7001231D405EE7714B994200D077E644
:10189000704A714B8118714AC31882180A607049E6
:1018A00041180A605A661A666E4A84186E4A270002
:1018B000821814606D4A821814606D4A81186D4A4E
:1018C000884682180E0094461500DF6647469C66DF
:1018D000694C04192160694C041927601967932128
:1018E0006446490141185E670A60654941180C6009
:1018F0009A678022DD67634B5200C25240E6624B1A
:10190000C258564BC518002A00D097E08021554B8D
:101910004901C7185D4B0C009C465D4B99464D4EE6
:101920004D4BB0468044464632604D4EC318B046DB
:1019300080444646356065465D664D461D664A4DA7
:10194000451929604A4D49494619C0254118AD013C
:101950000F608021AC46474D890145195118B046AA
:101960006244AC4695E6484BC2583C4BC118002A2D
:101970002CD180253B4B6D01C718444B2C009C4655
:10198000434B9946334E344BB04680444646326012
:10199000334EC318B04680444646316061465966AE
:1019A00049461966304941180D60314D2F49461995
:1019B000C0254118AD010F608021AC462D4D890135
:1019C00045195118B0466244AC467EE780235B015E
:1019D000D418244B8C4691462500C718D2E7ED0752
:1019E00000D4B3E6E3001B1B9B00F3181A7F4B10D7
:1019F00003219B1A0B40012B16D0032B00D0FAE6D3
:101A0000002A00D1F7E619336343013AF3180020A6
:101A10001A77C9E62B00213318786B7D1843C3E68B
:101A20008020C1E6FF20BFE6432A00D9E3E61C235D
:101A300063430132F31800201A77B5E680235B0177
:101A4000D418084BAC4691462100C71867E7C0463A
:101A500083030000481200006811000080D20000DB
:101A60004C12000080E200005012000054120000EE
:101A700080F2000080020100581200005C12000099
:101A800064120000927B0100801201004CFE0120D4
:101A90004C0E0220F0B5DE464E4657464546894676
:101AA000E0B504000125002187B0DF4A06F02EFDD5
:101AB0004A46DE4B0432E554DD4B2700E31843CAA7
:101AC00043C3DC4B3837E31803CA03C34B461A6AD7
:101AD000D94BE2504B469A6AD84BE250FFF716F8C2
:101AE00000213322601D06F011FDFF232371637373
:101AF00001235B422383A3844B46DE6900212572C8
:101B0000E57265742575301C06F03CFC002801D098
:101B1000FE26B6050021CA4A380006F0F7FCC94B7C
:101B20000125E363C84B646423643823E5545833C8
:101B3000E55010333800E650FEF70CFC23009D33CF
:101B40001D70C24BE5182800FFF7AEFB9423C0229E
:101B50005B01E61800211202300006F0D7FC80225B
:101B6000BB4BD201E7180021380006F0CFFCB94B7F
:101B7000E3181E605E60B54B6E60E650B64BE2182F
:101B80008A239B01E31813605360EB60AB60B34B97
:101B9000E218CA239B01E318136053606B612B6149
:101BA00090235B01E2188523DB01E3181360536087
:101BB000EB61AB61AA4BE218A523DB01E3181360CC
:101BC00053606B622B62A74BE218C523DB01E3185D
:101BD00013605360EB62AB62A34BE218E523DB01B9
:101BE000E318136053606B632B6391235B01E2186E
:101BF0009E4BE31813605360EB63AB639C4BE2189E
:101C00009C4BE318136053606B642B649A4BE2188F
:101C10009A4BE31813605360EB64AB64984BE21883
:101C2000984BE318136053606B652B6592235B013F
:101C3000E218954BE31813605360EB65AB657E4B80
:101C4000E358002B00D090E18020904A4001A11879
:101C50008F4A94468F4A924602008F4EB046A04467
:101C6000464633608D4EB046A044464637606646D1
:101C70006E6656462E668A4D002665192A60894A88
:101C80000125A2181160884AA21803C2802292017D
:101C90009818864AA2181060854AA118854AA21889
:101CA0000A608549611805C1C022920194469322B9
:101CB00052016344A2181360804AA118804AA218F6
:101CC0000A608F21490161180B608B231B01E71803
:101CD0004A60380000217B4A06F018FC7A4B7B48AA
:101CE000BB6086237A495B01E31818605960794B21
:101CF00005979C4638230393634602934B4604930F
:101D00000822029993460832924610320800914602
:101D100020320C23904620300191019A1278202A1B
:101D200009D02F009F408B21043292003743A21824
:101D30002F4309015750019A127A202A0AD02F0006
:101D40009F40022137430F438B2104329200A21897
:101D500009015750019A127C202A0AD02F009F4077
:101D6000042137430F438B2104329200A21809014A
:101D70005750019A127E202A0AD02F009F405946C0
:101D800037430F438B2104329200A21809015750A8
:101D90000278202A0AD02F009F40514637430F4334
:101DA0008B2104329200A21809015750027A202A8E
:101DB0000AD02F009F40494637430F438B210432FE
:101DC0009200A21809015750027C202A0AD02F0045
:101DD0009F40414637430F438B2104329200A218A3
:101DE00009015750027E202A0AD02F009F408021EF
:101DF00037430F438B2104329200A2180901575038
:101E0000019A0133013201920130142B85D18023D4
:101E10005B049C46029B664440330293039B782BF1
:101E20005AD0782303936BE7E07B0100681200002F
:101E30006C12000078120000801201008412010070
:101E400078080000010B1010ED0A10106811000056
:101E500080D20000E8110000F0110000F81100002D
:101E6000081200001012000018120000808200000A
:101E700028120000809200003012000080A20000B2
:101E80003812000080B2000080C2000080E2000032
:101E90004CFE01204C0E0220481200004C120000A3
:101EA0005012000054120000D0110000581200001F
:101EB0005C12000080F20000D811000064120000E3
:101EC00080020100B8080000368200001000010105
:101ED00004000102CCDD1010049B3B4A9946942378
:101EE0001B01E3181A60E023384A1B01E3181A604B
:101EF000374B384AE3181A60374B384AE3181A60F0
:101F0000374B384AE3181A60059F374B37483B6315
:101F1000374B38493B66384B384ABB62384B3B62DB
:101F200090231B01E31818605960364B3648FB6557
:101F30008F2336491B01E31818605960344BBB648A
:101F40000023A350334AA354334AA3524B461B7871
:101F5000002B13D14B465B78002B1ED107B0F0BC91
:101F6000BB46B246A946A046F0BD80222B4952018D
:101F70009A181000BC469A4661186EE6284B142247
:101F8000E5180021280006F0C1FA01236B70063322
:101F9000AB604B465B78002BE0D00125214B2F2214
:101FA000E018002106F0B2FA1F4B1B22E5541F4B2C
:101FB0000021E01806F0AAFA1D4B9C46E554802348
:101FC000644465732374C9E7101000001000020018
:101FD000FC0D000010000800040E000010000400BA
:101FE000080E000010800000200002002080000287
:101FF0000220000202000402028000028812010096
:10200000020008024000040280200002800002005A
:10201000012000028C120100927B010080E200008E
:10202000947B0100A97B0100A87B0100BD7B01001E
:10203000BC7B0100F0B5FF23C64600B54360224BD0
:1020400080278360FF231B02C36001230025838256
:102050007F0020330761C5540300002624334584E4
:102060005E723623C58505638586C654023398465D
:102070008044434604001E7410220021493006F0BB
:1020800045FA4046FEF766F99C23E75223009E334B
:102090001E700E4BE35C002B07D00D4B9C46E654A4
:1020A00007236444E5606560A360D0248025FA209E
:1020B000ED042406A5610021800002F0C5FC6561E5
:1020C00080BCB846F0BDC04601000001957B010010
:1020D000947B010010B58CB06C461E220021A01C20
:1020E00006F014FA0223FF332380064B694604935B
:1020F000054B06480893064B0A93FFF7CBFC0CB040
:1021000010BDC046050B1010109D0120281F002097
:10211000109B0120A42370B55B00984200D191E090
:102120007F282FD84B4B1A5C03231340012B48D038
:10213000022B00D12038484A484BD358984200D14E
:1021400076E0474BD358984200D173E088235B0177
:10215000D358984200D16FE0424BD358984232D0C6
:10216000414BD358002B40D0404BD358002B65D067
:102170003F4BD358002B63D03E4BD358002B19D183
:10218000033333E0A2235B00984208D013DD4623DB
:10219000FF339842CFD13048FFF74CFF0AE0D024FC
:1021A0008025FA2024062D050021A561800002F07B
:1021B0004BFC656170BD03003B3BFF3B082BF9D92D
:1021C000B9E72030B7E703218B231B01D0182A4A37
:1021D0004B009446046845685B18DB00C3186344F1
:1021E0001C605D60FEF7F8F8E4E700235900C918A9
:1021F000C9001A4B5418E31818601B4B0430E5183B
:1022000083008B20D31800011B5810182B601A4B29
:1022100041189C460268436861440A604B6087230A
:102220005B019C46002364442370FEF7D5F8C1E7A8
:102230000021C9E70121C7E70221C5E70123D5E74E
:102240000223D3E700200D4B0A220100D86003F0DF
:1022500019FCFEE7B9E71010281F0020D01000007D
:10226000E810000018110000D4100000EC1000006D
:10227000041100001C110000280800000080054027
:1022800010B57F2807D8174B1A5C03231340012B86
:1022900024D0022B24D0144B144A9A58904203D1D4
:1022A0008722012152019954114A9A58904202D131
:1022B0000121104A9954882252019A58904202D121
:1022C00001210D4A99540D4A9A58904202D1012198
:1022D0000B4A99540B48FEF77FF810BD2030DAE71F
:1022E0002038D8E7B9E71010281F0020D0100000D0
:1022F000E8100000F8100000101100001811000094
:1023000028110000D82700207047C046F0B5DE46EF
:10231000454657464E46E0B50D20ABB003F09CFB5A
:102320000A2002F0FFFB074D29ABAC6A28AA200067
:1023300027A901F0EBFB002808D12100024803F097
:102340009BFCC0465CED012094DE1010299A289970
:10235000279801F09FFB06F0ADFA0AF0C3FDDF48B5
:1023600006F0B4F9DE4C0021200024224030256024
:1023700006F0CCF80222DB4B1025E3630123A264B4
:102380000C32E26404322265063AA2655032A3544C
:102390006364656501F0FEFD060001F0FBFD3100A0
:1023A0000200200006F0F2FBCF4C08222100CF48AB
:1023B00007F0AEF803230093C823CD4A21009B0009
:1023C000CC480BF06DFCCC4806F080F9CB4BCC48E8
:1023D0001D6006F0AFFBFFF77DFECA4BCA4A9A4666
:1023E0001592CA4ACA4B1492CA4A17932092CA4AF3
:1023F000CA4B1692CA4A9B462192CA4ACA4F229297
:10240000CA4A24972392CA4A0F92CA4A0992CA4AD0
:102410001292CA4A139252461092C94B9C269B6A4A
:10242000D0240593239B109D9846F601240680270F
:10243000BF03A761FEF7AEFB626828801205D20FCA
:102440000100AA7028006761FFF764F8BD4BEF58E0
:10245000BB0601D100F01DFD7F231A003A403B422C
:1024600024D19A2198206B5A08339BB26B52285A78
:1024700098421BD89C209E236A52295CEA5C002962
:102480000BD101321F310A40EA54013BEB5C002BB7
:1024900003D01F2A01D101232B5456231799EB5C3B
:1024A0008C465B0163449A5C9F23EA545B465A4620
:1024B0001B780133DBB213702E2B01D100F03DFDF0
:1024C000A14BEB5C002B01D100F09DFC7B0601D001
:1024D00000F099FC9D4AAB58002B05D0013BAB5056
:1024E000002B01D19A4AAB5404211498FEF774FBD7
:1024F00080239B04002801D000F092FC63612B7DB7
:10250000002B01D100F092FCAA7929796B799143D3
:1025100013401943EB7A002B01D100F0A7FD4823AB
:10252000E954143BEF5C6B7BA97B9A465246EB7BEC
:1025300019409A437BB21143002B01DA00F05FFD92
:1025400001220723100094468B220B409840814BB8
:102550005201EB5AAA5A81469A4201D100F072FD0B
:10256000624660461A40184201D07B4AAA5A980730
:1025700002D57A48285A0243580702D57848285A83
:102580000243180702D57748285A0243D80602D5D5
:102590007548285A0243980602D57448285A0243BF
:1025A000580602D57248285A0243180602D57148C7
:1025B000285A0243D80502D56F48285A0243980585
:1025C00002D56E48285A0243580502D56C48285A4D
:1025D0000243180502D56B48285A02436A482A521A
:1025E00002382B52504640230340484680B2904266
:1025F00001D100F032FD0822080090430022002B98
:1026000004D001234A06D20F5A40D2B23623EA54EC
:10261000BF0700D476E2AB7C002B00D072E25B4BAC
:10262000EB5C002B00D173E24027169B0F401B7818
:10263000BB420DD0564AAB5C002F01D100F042FDE9
:10264000012121980B43AB5406F040F8169B1F70F4
:10265000434619784E4A0131C9B21970AB5C34292E
:1026600001D100F049FD022213402A7C002B01D148
:1026700000F014FD002A01D000F070FD3523EB5C62
:10268000DB06DB0FAB7401232B742E4BEF582D4B65
:102690000137013EEF50002E00D0C8E6059B109890
:1026A00098463C4BC35C002B00D148E120213A4ABC
:1026B00084468358042719400C913F2101330B4075
:1026C0008350364B0022C45C5B46A14634493548F2
:1026D00061440B9160440D9266E0C04674DE1010B8
:1026E000BC24022000002050681E00207CE1101055
:1026F000A80B00208808002084DE10100020034072
:10270000C1000020281F00209CE310102C1F002077
:102710009CE11010601F0020FB290220012A0220EA
:1027200050DE101064DE1010788F0120022A022083
:10273000A8E90020A8E50020A8C90020A8CD002015
:1027400000400540D87B0100A87B0100C07B010050
:10275000BD7B0100BC080000481100004A110000C8
:102760004C1100004E1100005011000052110000E9
:102770005411000056110000581100005A110000B9
:102780005C1100005E11000062110000957B0100E9
:10279000947B0100907B0100881201008C120100E3
:1027A00080B2000090120100259300230D9C9A46F0
:1027B000E2100733089393009B180722DB00634461
:1027C0000A9363101A4000266346010000258346E1
:1027D0000E92039611934B461F4200D1C4E1602034
:1027E00004000B9B5B5D1C40A4461A005CB21842BF
:1027F00000D0D9E118221A40102A00D16EE200D987
:1028000029E2002A00D158E207261E4003963B40E9
:10281000002C00DA2AE2002B00D044E253461C01CF
:102820001B190B7053465046E4B223434B700443CC
:1028300001358C700331282DCDD15846119B0B9A50
:102840009C460D9B283201330D930B927830C82B98
:10285000ABD118004B460E93259B24999B46C21082
:1028600093009B18AC4ADB00944663440593002315
:102870000724994607330B930340069343101C40EB
:102880005B460A00002600258A4683460D94119374
:102890000599109B8C4694215B19490163448C4631
:1028A000634419780223069C334200D00D9C012317
:1028B00004200E9F3340384200D19CE212980390CE
:1028C000002B01D0139B039360231F000F40BC46D5
:1028D00048B20B4200D00CE218230B40102B00D161
:1028E000EEE200D9BCE2002B00D1D8E20726042397
:1028F0000E401940002800DA8BE3002900D0BCE22A
:102900004B461C011B19DBB213704B464846E4B220
:10291000234353700443013594700332282DB7D1FB
:1029200058465146119B01309B467831E02896D19C
:102930007A4B10990E9ACA540022794BCA548B21B3
:10294000109A090113008C4663441C685D68872354
:102950005B01D35C002B29D01300724A9446634478
:102960001A685B68AB4211D801D1A2420ED8109808
:102970006D49415818910021199118981999121808
:102980004B419D4202D811D194420FD90021109E93
:10299000664BB446F150664B0022F150002361486B
:1029A00060440260436087235B01F154614B109ADD
:1029B000D35C002B28D013005F4A944663441A6806
:1029C0005B68AB4211D801D1A2420ED8109856498B
:1029D00041581A9100211B911A981B9912184B41CA
:1029E0009D4202D810D194420ED90021109E534B23
:1029F000B446F150524B0022F15000234E4860443F
:102A0000026043604B4BF1544E4B109AD35C002B49
:102A100028D013004C4A944663441A685B68AB4262
:102A200011D801D1A2420ED810983F4941581C91AB
:102A300000211D911C981D9912184B419D4202D8EE
:102A400010D194420ED90021109E404BB446F15053
:102A5000043BF150002200233B4860440260436085
:102A6000384BF1543A4B109AD35C002B2AD0130008
:102A700089225201944663441A685B68AB4211D8BC
:102A800001D1A2420ED81098274941581E91002129
:102A90001F911E981F9912184B419D4202D811D1C7
:102AA00094420FD90021109E2A4B8920F1502A4BC5
:102AB000B446F150002200234001604402604360AC
:102AC000234BF1548B239C221B019C460023D201F3
:102AD000A4185D411098604404604560FDF77CFCDB
:102AE00001200021404208F0F1FB9C201B4BC0015B
:102AF0009B6A4044C01A002800DC8EE4C11701F034
:102B0000A3FF8AE4164B6873EB5C002B00D08BE5C7
:102B1000144BEF58BBE5C04680BB00008C1201008F
:102B2000907B0100D8100000B8080000D41000000D
:102B3000D0100000F8100000F0100000EC100000B1
:102B4000E81000001011000008110000041100003E
:102B5000281100001C110000181100000040054061
:102B6000957B0100D87B0100CE22120294460222FE
:102B70000A9B03985B1963441B78024266D00600E7
:102B80000E9C01220998324200D00F98FE26DA00EE
:102B9000B60032402243825C602004001C40A44600
:102BA0005CB2184200D125E6089E50463300002C46
:102BB00004DA072358407340C0B2DBB2202414402B
:102BC00026001024144007940824144006943C0066
:102BD0001440059402241440A44601242240039C7E
:102BE000274203D00C9C002C00D003001C00002EB8
:102BF00000D1E6E02401079EE4B204941C00002EFC
:102C000075D0049E26430E70069E0400002E00D050
:102C10001C002401059EE4B204940400002E00D0A0
:102C20001C00049E344366464C700400002E00D005
:102C30001C002401E4B2002A00D1F8E51C43013550
:102C40008C700331282D00D0C5E5F6E507240D9AD8
:102C50000600144095E7182A1CD107221A403B00B1
:102C60009146039A1340002C00DBD4E5544607221A
:102C70005440E4B2002B17D02000089B5340DBB235
:102C80000C9A002A00D195E02301E4180C704C70D6
:102C9000DCB2CCE53A00039B1A40002C00DA9EE03F
:102CA000002A00D1BAE5544620002301DBB22343B9
:102CB0000B7004014B70E4B2B9E507221A403B00E7
:102CC000039808920340002C7DDB002BEBD1534688
:102CD00052461B01134350460B70EAE707221A4085
:102CE0003B009246039A1340002CEEDABEE7040044
:102CF00087E7002800DAABE048460B9BFE27C900B7
:102D0000BF0039402143039C0227615C20240C4012
:102D10000A9410240C40089408240C4007940424BE
:102D20000C40049401240F40214003910421BC462F
:102D3000314203D00C99002900D003000A991C00ED
:102D4000002900D163E12401E1B20F0008991C00C1
:102D5000002900D19BE0390021431170079904003C
:102D6000002900D01C002401E1B20F0004990400E6
:102D7000002900D01C003900214351706146040035
:102D8000002900D01C0003992401E4B2002900D1DD
:102D9000C0E51C43013594700332282D00D077E53F
:102DA00058465146119B01309B467831E02800D0AF
:102DB00055E5BDE52201A618D2B204920E7000229C
:102DC0002FE7040016E7544607204440E4B2002BE6
:102DD00000D169E713004340DBB2200050E707232E
:102DE00054465C40E4B2002A00D15DE7089A200016
:102DF0005340DBB244E709980390002B00D163E510
:102E00000F9B039360E5BB0700D040E404211498B6
:102E1000FDF7E2FE80239B04002801D1FFF76EFB43
:102E2000A3612B7D002B01D0FFF76EFB209F3800A4
:102E3000FEF77EF93B003422383B9F5CFA0704D54D
:102E40005A7A002A01D1FFF76EFB1871FFF76BFB6E
:102E5000072348460B9F58407B40C0B2DBB24DE78A
:102E6000182B3DD107230B400E9304233340002839
:102E700000DADAE0002B00D142E54C4620002301C5
:102E8000DBB22343137004015370E4B242E5040043
:102E900061E728003830FEF705F9FFF7DDFA072370
:102EA0000B400B9304233340002831DB002BE4D18B
:102EB0004B4649461B01DBB20B4348461370E2E721
:102EC00007230B40994604233340002820DB002BC6
:102ED000D3D14B4649461B010B4348461370D2E7FA
:102EE00004213140002800DB07E507234C465C4005
:102EF000E4B20029C2D020000B994B40DBB20C9900
:102F0000002912D02301E41814705470DCB201E5DA
:102F10004C4607214C40E4B2002BAFD00B9B200065
:102F20004B400C99DBB20029ECD121016718C9B2E2
:102F300017700F00002103911DE76233EA588F3BA1
:102F40001A40924651466A6E2B6E00201343AA6EB9
:102F50000A431A420CD05123EA5CD30600D5BFE0E5
:102F60000F231340159A9B00D058002105F0C4F997
:102F700051466A6F2B6F1343AA6F0A431A420BD054
:102F80005223EA5CD30600D5B0E00F231340159A14
:102F90009B00D15805F0B0F98023EA580433EB5870
:102FA00051461A438823EB58194311420BD053233F
:102FB000EA5CD30600D58DE00F231340159A9B00E1
:102FC000D15805F099F9A023E95805F0ACF9A423EC
:102FD000E850714BEB589A46002B0BD06F4B704961
:102FE000EF5805F0A0F905F0FDF93900C0B2D0475F
:102FF0006C4BEF5800235A461370FFF761FA2023F9
:10300000EB5C002B5AD17F331940FFF799FA04008B
:1030100099E64C4607204440E4B2002900D12DE750
:103020000B9B4340DBB2200069E74C4607214C4034
:10303000E4B2002B00D121E707210B9B20004B407D
:10304000DBB25CE7584B5046EA5A402303404846FF
:1030500080B2904201D0FFF7CEFA08200022084348
:10306000002B01D1FFF7D2FAFFF7CBFA2800383056
:10307000FEF78CF82B7D002B00D1D7E63423EF5CD4
:10308000FFF751FA02208343AB54002979D04B4615
:103090000139E9504346049A1A702A7C002A06D066
:1030A0003523EA5C0123D206D20F5A40D2B2002364
:1030B0002B743C4BAA74EF58FFF7E9FA80231943AD
:1030C000FFF73EFA012122988B43AB5405F0FEFA3C
:1030D000FFF7BCFA9F23EB5C159A9B00D15870E771
:1030E0009F23EB5C159A9B00D0583EE79F23EB5C37
:1030F000159A9B00D1584DE701218A46194230D0DC
:103100002A49695800292CD029482858039081421F
:1031100027D907002748284928588946C05D69589B
:10312000084184465046674638400490504638422D
:10313000A8D00220844660460343AB54002917D12F
:1031400007234A460398AB50194B0130E8504346D9
:1031500019702A7C002A01D1FFF790FA0023FFF7AB
:1031600091FA02224146134000220A70FFF77DFACD
:103170004B4601394246E950002313702A7CFFF781
:1031800079FA07234A460398AB50094B0130E850BF
:10319000434619702A7C81E7781200007C120000F7
:1031A00000007F43D87B010062110000A07B01007A
:1031B000987B0100A47B01009C7B0100F8B5160000
:1031C0000822037805000C001A4202D009780A424E
:1031D00018D05BB2002B1CDBAB78002B22D1EB7834
:1031E000002B44D12B79002B66D16B79002B00D0BA
:1031F0008DE0AB79002B00D0B5E0EB79002B00D04F
:10320000DCE0F8BDE420FF30B0472B785BB2002B48
:10321000E2DA23787F2BDFD8E820FF30B047AB78A5
:10322000002BDCD0A2789A42D9D0E2789A42D6D04C
:1032300022799A42D3D062799A42D0D0A2799A4226
:10324000CDD0E2799A42CAD022222F7886493A40DC
:10325000501E824158000918885C002800D0E4E024
:10326000802040001843B047EB78002BBAD0A278FA
:103270009A42B7D0E2789A42B4D022799A42B1D039
:1032800062799A42AED0A2799A42ABD0E2799A4260
:10329000A8D022222F7874493A40501E824158000B
:1032A0000918885C002800D0C7E08020400018433F
:1032B000B0472B79002B98D0A2789A4295D0E2782B
:1032C0009A4200D191E722799A4200D18DE7627942
:1032D0009A4200D189E7A2799A4200D185E7E27942
:1032E0009A4200D181E722222F785F493A40501E4E
:1032F000824158000918885C002800D086E08020B0
:1033000040001843B0476B79002B00D171E7A278D9
:103310009A4200D16DE7E2789A4200D169E72279BA
:103320009A4200D165E762799A4200D161E7A279B9
:103330009A4200D15DE7E2799A4200D159E7222210
:103340002F7849493A40501E824158000918885C3C
:10335000002800D080E0802040001843B047AB79BF
:10336000002B00D149E7A2789A4200D145E7E278E4
:103370009A4200D141E722799A4200D13DE7627931
:103380009A4200D139E7A2799A4200D135E7E27931
:103390009A4200D131E722222F7833493A40501E19
:1033A000824158000918885C00284ED180204000D6
:1033B0001843B047EB79002B00D122E7A2789A425C
:1033C00000D11EE7E2789A4200D11AE722799A42A8
:1033D00000D116E762799A4200D112E7A2799A42A7
:1033E00000D10EE7E2799A4200D10AE722222C7836
:1033F0001D492240501E824158000918885C00284F
:103400000CD10130FF301843B047FAE611233B429C
:1034100000D177E74F339843B04774E71123234235
:10342000F2D04F339843B047EBE611233B4200D133
:1034300019E74F339843B04716E711233B4200D1B9
:1034400036E74F339843B04733E711233B42B0D0C0
:103450004F339843B047ADE711233B4200D17DE79E
:103460004F339843B0477AE7F8E31010F0B5CE46F3
:10347000474680B583B06B4604000D009A1D01A934
:1034800007F0E8FB2900200009F072F8002804D1B9
:103490000023164FFB56012B08DD2900200009F000
:1034A0007DF803B0C0BCB946B046F0BD1A019046E5
:1034B00041460F4E22022A438A536A469288464466
:1034C00091466A46D288DBB294464A466146120467
:1034D0000A43726033727072F0600133624649468B
:1034E00004483B7005F0DAF9D7E7C046FF2902200F
:1034F00074290220C8DE1010F0B5C64600B50400DD
:103500000D001700984609F033F8002819D001285B
:1035100006D02900200009F041F880BCB846F0BD73
:10352000B44E38003100B44AFFF748FE390030008D
:10353000B24AFFF743FE08223900300004F0ECFFE6
:10354000E7E70021AE4B220259562A43002900DC4E
:103550004CE1AC4B1E8896423DD0012900D145E19B
:10356000198A914200D041E1012109015A1852689B
:10357000A54EB24200D184E02FD8A44EB24200D171
:10358000C7E04ED8A24EB24202D0A24EB242C0D143
:103590004246092ABDD1BA78160702D40F2010403E
:1035A00001305A185072012238780240860702D53D
:1035B00002263243D2B2060702D508263243D2B2DF
:1035C000102606422BD14026064200D0324340B29C
:1035D00000284FDA4CE00021C7E78F4EB24274D08A
:1035E00000D9BCE08D4EB24200D092E742460A2A92
:1035F00000D08EE77A7916097F2A00D8701C5A18F5
:1036000050720222F8784607F60F024200D01643A5
:103610000822024200D01643012202401201324326
:10362000D1E77F4EB24200D073E742460A2A00D06B
:103630006FE77A79160702D40F20104001305A182C
:1036400050727A79D006C00F960601D50226304313
:10365000560601D50826304352B2002A01DA10225C
:1036600010430122BE79324092010243B60701D5D0
:10367000802002435B18597A187ADA60FEF744FE1C
:1036800047E74246082A00D043E74646BA78164242
:1036900002D10F20104001305A185072F8784206BB
:1036A000D20F860601D502263243C60601D508266A
:1036B000324346B2002E01DA10263243060701D506
:1036C000402632434007D5D5D2E74246082A00D0EB
:1036D0001FE77A783E781202324352BA514E92B2C4
:1036E000B2427DD00136B24263DAFF2A76D06EDC78
:1036F000002A77D07F2A00D107205A1850727A7991
:103700009006C00F560601D502263043D606A3D533
:10371000A0E742460B2A00D0FBE6BE7804323240D6
:10372000013AD2B20B2A01D83F48805C5A18507235
:10373000F878C606F60F820601D502221643420625
:1037400001D50822164342B2002A01DA102216439C
:10375000012202409201324380078BD588E7334E25
:10376000B4466244052A00D9D3E64246062A00D070
:10377000CFE63A78160702D40F20104001305A18CD
:103780005072012278780240860702D50226324321
:10379000D2B2460701D508263243060701D51026C6
:1037A0003243C60601D540263243800600D461E785
:1037B0005EE71F48824217D01E4E0420B2429CD0C2
:1037C0001D488446624450424241500095E71B48E0
:1037D0008446624450424241D0B28EE706208CE7D4
:1037E00005208AE7082088E7032086E700235B6836
:1037F000FFDEC046C02902201521101081221010C2
:10380000FF2902207429022060208305014028043A
:103810001C187900D218790001E41F081722380714
:10382000DA0C4C05FF7F0000ECE31010E0FFA6E38C
:103830007FFF0000FFFF00000001FFFF0081FFFF8E
:103840007047C046F0B5DE4657464E464546040032
:10385000E0B50E0083B0042100F08EFA2207530F6A
:103860000920984602F082F804F094FD5D4904F0C6
:103870005AFD5D4904F043FD051C300004F08AFD4B
:10388000011C281C04F03BFDFA21890504F04BFDC6
:10389000564904F02EFD8321C90504F044FD04F0CF
:1038A000A1FD43469B0043449B0099460026FF220E
:1038B00001254F4B2C404B441E609E60DE601A6118
:1038C00058601D60012005F05BFE4A4B64001860E3
:1038D00001209B4605F054FE474F3860012005F05B
:1038E0004FFE464B424618609A465B4618321968AE
:1038F000D2030192424ACB021340C0020343414823
:10390000019A03400920134303439C46A0233E4AE7
:103910008901DB05CB181A6090463C4A4444934623
:10392000D9444A465A6004229A6062461A613B684A
:10393000374A9C46DB021340019A13430343A020FD
:103940006246C0058146920132484A4410603248BE
:1039500081464944516080219160136163462A0089
:103960009A402E4B0C201A602D4900F057FB012184
:103970000C2000F02DFB53461B682A4AD902114047
:10398000294A9B010A43A021C9058C462749634463
:1039900019605C600C00083C9D6020001A6189463B
:1039A00000F0CEFD802200214846120104F0AEFD59
:1039B0008020000120220021484404F0A7FD1C4B78
:1039C000A022E6501B4BD205E6523B689D40862361
:1039D000DB00D55003B0F0BCBB46B246A946A046BA
:1039E000F0BDC04600007A4400007F430AD7A33CE4
:1039F00000000540C8290220EC290220CC29022021
:103A0000FD871FFFFF7FE0FFD42902200C00054047
:103A1000FD7F00FF38EF01203C00005014240050CF
:103A200011DD0120FDFF1FFF11801F00D4DD0120EB
:103A3000280800002C080000802130B5124B134AE2
:103A400009019A5A8A421ED2114D5C5B621C92B2E5
:103A50008A4289411C190A4020725A531868EFF3B0
:103A6000108172B60268002AFCD0BFF35F8F07484E
:103A700059601A5A01321A521B68BFF35F8F002235
:103A80001A6081F3108830BDCCDD01202C080000C5
:103A900028080000F0B583B005000E00140000F007
:103AA000E7F9002801D003B0F0BD154F01223B001B
:103AB00001210097053001F065FD33002A000094D4
:103AC0000121104801F076FF21002800714303F026
:103AD000D3FD04000C4B002200930221042001F0CE
:103AE00051FD2300002201210094052001F04AFD30
:103AF0003B00022200210097062001F043FDD2E79F
:103B0000006CDC0200800240001BB700F0B54E469E
:103B1000DE4657464546E0B51600924A85B09346C4
:103B2000A022520091465A4603969B4606000192F7
:103B30000291019B8C4A93420DD901235B429C4622
:103B40008A4AE1449446019B634401934B460F2B00
:103B5000EFD100208EE01F00854B07249C46674470
:103B60002300634338001900984603F085FDA24600
:103B7000651E864250D06C433800210003F07CFD66
:103B8000864259D06B1E9846012D00D1D3E0534692
:103B9000E41A2100380003F06FFD864258D0AB1EB6
:103BA0009846022D00D1B9E05346E41A21003800AE
:103BB00003F062FD864264D0EB1E9846032D66D06A
:103BC0005346E41A2100380003F056FD864200D126
:103BD00072E02B1F9846042D00D174E05346E41A7E
:103BE0002100380003F048FD864200D17DE0052D1C
:103BF00000D17FE053463800E11A03F03DFD062472
:103C00008642ADD10029ABD1C8465B46D1460125DD
:103C10000298039E26E0A8464146380003F02CFD9A
:103C2000002900D197E0651EA2466C4338002100B0
:103C300003F022FD8642A5D12100380003F01CFDCF
:103C400000299FD1C8465B46D1460298039E09E0F1
:103C50000029A4D15246C2465B46C8465546914605
:103C60000298039E4246434951434A46016001205F
:103C700032601D6005B0F0BCBB46B246A946A04606
:103C8000F0BD0029E6D0EB1E9846032D98D10921FE
:103C900038000324092503F0EFFC8642BBD0032340
:103CA000062138009A460334073D03F0E5FC8642BE
:103CB000C2D0012398466AE70029CBD02B1F984633
:103CC000042D00D08AE704240C353B099E42A2D083
:103CD00004230C2138009A4608340D3D03F0CCFC37
:103CE0008642A9D00223984651E70029B2D0052D7B
:103CF00000D07FE719213800192503F0BDFC86426A
:103D000026D01421380003F0B7FC052314249A466A
:103D100086421BD0023B9846153D38E70423022417
:103D20009846BB089E4200D176E7A246013D7B083B
:103D30009E4200D180E7B74200D0FEE60122C8468D
:103D40005B46914601250298039E8BE7042573E7A5
:103D5000A846052460E7C8465B46A14625000298B0
:103D6000039E7FE750262F0050F80C0020D1FFFF64
:103D7000B0710B00001BB700094A10B594464024EF
:103D8000830063441A68C00062408034144080227B
:103D9000520113431C60034B9C466044416010BDBC
:103DA00004C0014000400140074BC0009C466044F5
:103DB000036809025940C0239B00194080235B011E
:103DC000034319607047C046044001400123D022DC
:103DD0008340120693629361094A4021944683000E
:103DE00063441A68C0004A40803111408022520169
:103DF00013431960034B9C4605236044436070479E
:103E000004C00140004001404021F0B5D6464F4675
:103E1000464688468031D0258C46C0B5BB398027C0
:103E2000002301248A46104A2D067F01044211D046
:103E3000210099404646A962A96111687140664611
:103E400031403E0016433160084ED900B146564617
:103E500049440E600133400804321E2BE6D1E0BC19
:103E6000BA46B146A846F0BD04C001400440014036
:103E7000024B18688007C00F7047C04600C006405C
:103E8000EFF3108072B6034A1368002BFCD0BFF327
:103E90005F8F70472C0100D0BFF35F8F0022024B71
:103EA0001A6080F3108870472C0100D070B5EFF3D2
:103EB000108C72B60D4D2B68002BFCD0BFF35F8FBA
:103EC0000724CB08C618C05C01230C40A3401C008B
:103ED0000440034207D118433070BFF35F8F2C605A
:103EE0008CF3108870BD100001F0C6FE2C0100D0CC
:103EF000F8B54746CE46884680B5EFF3108C72B6CB
:103F00001C4D2C68002CFCD0BFF35F8F9A4222D846
:103F100007210126894602E00132934218D34D461B
:103F200037001540AF40D4080119045D2742F3D192
:103F300010003C430C70BFF35F8F00220D4B1A60E2
:103F40008CF3108800280EDBC0BCB946B046F8BD23
:103F500001204042EFE7BFF35F8F00232B608CF31B
:103F60001088012040424346002BEDD0089801F014
:103F700083FEC0462C0100D00021044B044ABFF34D
:103F80005F8F02C39342FAD17047C046000100D050
:103F9000800100D0044A1078431CDBB2172B00D9F3
:103FA000102313707047C0463CEF012010B5064B3C
:103FB000064C82B00100009318221F232000FFF757
:103FC00097FF02B010BDC046F0DE10106C24022036
:103FD00001238340002904D0034A1360034A13607D
:103FE0007047034A1360FBE780E200E000E100E075
:103FF00080E100E001228240034B1B6813405A1EFF
:104000009341D8B27047C04600E100E0024B103047
:104010009B688000C058704700ED00E070B50D004F
:10402000EFF3108672B60F4A1368002BFCD0BFF373
:104030005F8F0D4B10309B6884001B590B4A9342D5
:1040400003D09D4201D001F02FFE074B9B681D510C
:10405000BFF35F8FBFF35F8F0022024B1A6086F3BE
:10406000108870BD240100D000ED00E0CD011010DB
:10407000F0B557464E46DE464546E0B585B00600EB
:1040800000911700EFF3108B72B66A4A1368002B89
:10409000FCD0BFF35F8F0025674B5D579A46002D1C
:1040A00000DAA9E06B00654C01935B199B00984610
:1040B000A146C1444B4652469B7910361370604B63
:1040C000B6009B6899590B1B2F2B33D95D4B994236
:1040D00000D0ACE0019B42469C465B4B6544AD0082
:1040E00063535A4B0232A218043B9B1A1B05584AD1
:1040F0005B0D651913436B80564B0121AB80FF2389
:10410000AB71009BEF71AB604B460B4319004C4BFE
:104110009B689951BFF35F8FBFF35F8F0022454BC0
:104120001A608BF3108805B0F0BCBB46B246A946B6
:10413000A046F0BD01200A008243D3798C46BB42E1
:1041400031D84546130044491B1B5B415943090DB7
:104150003D4B63533D4B02356519043B5B1B1B050F
:104160003B4D5B0D2B43AA464D466B800425AC4668
:104170005546E044131F44441B1B1B055B0D1D43A8
:104180004B46997100999D8099604946DF71334B88
:1041900001431360BBE75800C01880002018C179A4
:1041A000B9422FD902000623D356002BF3DA02932B
:1041B0002B4B61460393131D9A4604235B429C4696
:1041C000E14450464B461B1A1B055B0D9C46204B99
:1041D000957198466346404603439380019B5A1964
:1041E0009200039BA418A380029B1C4AA371009B0E
:1041F0002260E771A3608AE701F056FD002553466F
:104200005D574FE7908802934005131D9A460315AA
:1042100061469C464046D444634604302018181A30
:10422000E0230005400D1B0218430390C5E701F091
:104230003BFD4FE7240100D0002A022040EF01207F
:1042400000ED00E0CD01101000A1FFFF70EF012094
:1042500000E0FFFF01BDFFFFAAAA00000148804760
:1042600001BD0000F8B5DE4657464E4645460C00F7
:10427000E0B5EFF3108872B65B4A1368002BFCD0F0
:10428000BFF35F8F594B5A499A68030010339F0060
:10429000D5599C468D4238D0A54248D0554EAA1BD0
:1042A0002F2A32D8012213008340994652480068D1
:1042B00003409A464B4651480360BFF35F8FEFF3CC
:1042C00005839B46002B34D09C4501D001F0ECFCCB
:1042D00001232A009A439068844208D172E04B007F
:1042E0005B189B00F3189868A04232D01A00062190
:1042F00051560029F3DA844250D05346002B24D083
:104300004A463F4B1A603C4B1A60384B9B68DD5164
:10431000BFF35F8FBFF35F8F0022334B1A6088F3C8
:104320001088F0BCBB46B246A946A046F8BD0D00B9
:10433000EBE72B00934398681A008442D7D10620FC
:104340001856002809DA0D0030E04A462B4B1A6057
:10435000DBE706201856002821DB420011188900EF
:1043600074188B46A1689960E179D971062161566C
:104370009971002924DBA488F11A640524155C4492
:10438000091909051F4C490D2143998013181E4A2C
:104390009B001178F31899711070AEE7130059461D
:1043A000002914D1FF3191711849918016490A787A
:1043B0009A71174A9B1B5B415A43120D0A709CE786
:1043C0001249E2E70620105613000028C5DA114A08
:1043D0001149D21A083A5002400D014399800F4901
:1043E00052080A43DA8088E7240100D000ED00E09B
:1043F000CD01101040EF012000E100E080E100E07D
:1044000080E200E000E0FFFF002A022001BDFFFF84
:10441000AAAA00007AEF012000F0FFFF00F8FFFFDA
:1044200070B5EFF3058101240443EFF3108C72B6ED
:10443000214A1368002BFCD0BFF35F8F1F4B050090
:104440001F4AED1A6D416A43120D1E4D8900AE6878
:1044500052B27658A6421CD00621595691421CD021
:1044600012215956914222D01E215956914220D0F4
:104470002A2159560324914210D0134B19781A70EF
:104480008171BFF35F8F00220B4B1A608CF3108891
:1044900070BDAB680D4C5C50EFE70024610009195A
:1044A00089005B18FF21997109499980E5E701248A
:1044B000F4E70224F2E7C046240100D040EF0120D7
:1044C000AAAA000000ED00E0002A0220CD01101091
:1044D00001BDFFFF054B064A1360064A1360536097
:1044E0009360D360136153619361704780808080D3
:1044F00000E400E004E400E0024B9C4661448900D3
:10450000016070474000003410B50400FFF742FD21
:1045100001002000FFF7F0FFFF232371BFF35F8F3F
:1045200010BDC04610B50400FFF734FD01002000A7
:10453000FFF7E2FFFF23A380BFF35F8F10BDC046EC
:1045400010B504000120FFF731FD034BC3189B0099
:104550002360BFF35F8F10BD4000003483680B48B9
:1045600010B58446614462441201090159189B1830
:104570005C684A680120944201D802D00020C0B291
:1045800010BD1A680B689A42F9D8F7E7FFFFFF0FD2
:104590000A4B1968EFF3108072B60A68002AFCD043
:1045A000BFF35F8F1B68BFF35F8F00221A6080F339
:1045B000108840BF002000217047C046D829022043
:1045C000F8B557464E464546DE46E0B598460CAB34
:1045D0001C780DAB1B78070091469A460668002CA4
:1045E00057D1B47B002C3AD0650031682D19033DBA
:1045F00049194B78B373002B00D1F37300238B70F0
:104600004B700B702D4BE218BB6812019B184A4689
:104610001A6042465A600A9A9A600B9ADA6000233E
:104620008B704B700B70737B9B46002B24D0220049
:1046300073685946B06898475B465B0032685B44D4
:10464000033B5519D21800280FD05B46AB70137886
:10465000002B24D15B46147073735C450DD0F0BC05
:10466000BB46B246A946A046F8BD94702B78002BF5
:1046700000D053705B462B7074734A464346387DB6
:1046800000F034FC051E11D10E9B002BE7D01D70ED
:10469000E5E7650031682D19033D4919B2E76B70F4
:1046A0005B46147073735C45D9D1E6E75346002B23
:1046B000EAD12100386800F04FFEE5E7FFFFFF0F69
:1046C000664B8200F0B5D4580023DE4657464E466E
:1046D00045469B46E0B58DB0099000F073FB6268DB
:1046E00006000F00EFF3108872B61368002BFCD0A1
:1046F000BFF35F8F23689C465B7B9946002B0DD1EF
:104700006368BFF35F8F4A461A6088F310880DB064
:10471000F0BCBB46B246A946A046F0BD504BA568CA
:104720004B441B01ED182868696802000B00921BBE
:10473000BB41002B0EDD02000B00099800F0D6FBF8
:104740006368BFF35F8F5A461A6088F310880028A9
:10475000C3D1DCE7002B01D1002AECD10021604657
:1047600000F066FDAB680200286869689A46EB684D
:104770000A900B9108934B465D1EE368585D636891
:10478000000202432261BFF35F8F5A461A6088F32A
:1047900010885346002BBAD04B4608991843D0478F
:1047A000626806900791EFF3108872B61368002BC9
:1047B000FCD0BFF35F8F079B002B27DB069A079B7C
:1047C0001100194302D02369002B3BD12368D97B08
:1047D000002906D01A684800411852184946033A81
:1047E00051709A7B002A01D14A469A734A46DA737D
:1047F000E268535D013353555B4623616368BFF341
:104800005F8F5A461A6088F3108866E72369002B89
:10481000DCD00A9A0B9B06980799121A8B41002B41
:1048200002DA01220F4B524200210491013103911F
:104830004946029108992000019151460091FFF7E5
:10484000BFFED9E700F0BEFA069A079B12184B414B
:10485000002BE9DA0122034B5242E5E7B02902209E
:10486000FFFFFF0FFFFFFF7F10B5144C6368002BA5
:1048700004D00A211248FFF73FFE10BD2300114A61
:104880001021206800F0E0FB032000F08FFA0320E5
:1048900000F094FB03200C4900F0E2FAFFF77AFBEA
:1048A0000A4B9C4603232375D0231B061B686044D8
:1048B0006375074B80006060DC60DAE788EF0120F9
:1048C000D82902205D451010C14610104000003468
:1048D000B0290220F0B54E465746DE464546E0B5C3
:1048E00087B0019312AB1B780600059300239A460C
:1048F000994600927268EFF3108B72B61368002B22
:10490000FCD0BFF35F8F3568AC7B002C00D170E02A
:1049100067002B683F19033FDB195A78AA73002AF6
:1049200000D1EA73464AA118B268090152180098EA
:10493000019910605160109991601199D1604A46B7
:104940009A705A701A706B7B9846002B61D02200C7
:104950006B684146A868984743465B002A68434411
:10496000033BD719D21800284CD04346BB701378AC
:10497000002B00D07B70434614706B73444549D0C4
:10498000F3681B19013B18787368BFF35F8F4A46C1
:104990001A608BF310885346002B08D10002204385
:1049A00007B0F0BCBB46B246A946A046F0BD059B89
:1049B000002B43D0109B00201199984703000B4314
:1049C0003CD002900391002931DA009B019C0299AE
:1049D000039A5B1A94418022009301941206944238
:1049E00004D30123174C5B4200930194059B9A4624
:1049F00080E77368BFF35F8F1C608BF31088012022
:104A00004042CDE794703B78002B00D05370434672
:104A10003B706C73307D009A019B00F067FA824610
:104A20000028ADD02100306800F096FCA8E700F027
:104A3000C9F9029B039C1B184C41CCE70020AFE74F
:104A4000FFFFFF0FFFFFFF7FF0B5C64600B584B044
:104A500004000D0000F0B6F924184D41002D02DAD3
:104A600001242B4D644206267642F71736196F4112
:104A7000AF4214D811D000F0A5F932003B00121A51
:104A80008B41002B15DC002B3ED02000290000F0CC
:104A9000D7F904B080BCB846F0BDA642EBD90026D9
:104AA000002700F08FF932003B00121A8B41002BD7
:104AB000E9DD002302930193164B32000093164860
:104AC0003B00FFF707FF0130DFD000233900984695
:104AD000124A1348536A994204D8976ABE42D4D9FD
:104AE0009942D2D10768EFF3108C72B63B68002B65
:104AF000FCD0BFF35F8F0368BFF35F8F47461F6033
:104B00008CF3108820BFE5E7002ABED0D1E7C0466D
:104B1000FFFFFF7F9145101088EF01200040054006
:104B2000D8290220F0B5C64600B584B0040000F0D4
:104B300049F9FA2206000F0020000023002192000C
:104B400003F0BAFB8019794104000D1E02DA01243A
:104B50002A4D644206267642F71736196F41AF4256
:104B600014D811D000F02EF932003B00121A8B41FC
:104B7000002B15DC002B3ED02000290000F060F94E
:104B800004B080BCB846F0BDA642EBD90026002791
:104B900000F018F932003B00121A8B41002BE9DDBE
:104BA000002302930193164B3200009315483B00FB
:104BB000FFF790FE0130DFD0002339009846124AFB
:104BC0001248536A994204D8976ABE42D4D999428E
:104BD000D2D10768EFF3108C72B63B68002BFCD083
:104BE000BFF35F8F0368BFF35F8F47461F608CF38F
:104BF000108820BFE5E7002ABED0D1E7FFFFFF7F86
:104C00009145101088EF012000400540D82902206E
:104C1000F0B5EFF30583C64600B505000C0084B07F
:104C2000002B0FD02F4A0020536AA34206D3926A6A
:104C30001B1B591E8B41AA424041184304B080BC43
:104C4000B846F0BD284E02930193284B0200009312
:104C500030000B00FFF73EFE00280CDC214A00204C
:104C6000536AA342EAD3926A1B1BAA4240415A1ECE
:104C700093411843E2E720BF7268EFF3108772B6E2
:104C80001368002BFCD0BFF35F8FC3B29846FF229E
:104C9000336802409C465B7B43450DD06346510020
:104CA0001B6889185B18033B9B78002B04D1326981
:104CB000904209D1336107E0F168030A8A18013A8A
:104CC0001278DBB29A4207D07368BFF35F8F00227D
:104CD0001A6087F31088A5E74146604600F03CFB68
:104CE000F2E7C0460040054088EF012091451010D2
:104CF000F0B5EFF30582D6464F4646461000C0B5E4
:104D00001038EFF3108872B6214C2368002BFCD0CA
:104D1000BFF35F8F0123190081401E4D1F0069639F
:104D2000AA461D4D29601D4D2E78AC463500C54064
:104D30002F402B4215D053465F6A194B8500EB5824
:104D40009F4218D36246174B8E43EB581670BFF341
:104D50005F8F0022226088F31088002B06D09847CE
:104D600004E0BFF35F8F276088F31088E0BCBA4689
:104D7000B146A846F0BD0C4B92009C4662441368B5
:104D80001360BFF35F8F0023236088F31088EDE783
:104D9000280100D0004005403C700540032A022055
:104DA000DC29022054240220D03F054010B5034BDB
:104DB00001001800024AFFF779F810BDFC29022013
:104DC0000CDF1010034B596A0A00986A596A8A422C
:104DD000FAD170470040054070B504000D00174A35
:104DE000536A1900966A536A8B42FAD1300019004F
:104DF00024184D41AB4216D813D0104B2A005B6AE1
:104E00009D4203D90D494B6A9342FCD3934207D18B
:104E10000A4A02E0516A994202D1916AA142F9D349
:104E200070BDA642E9D9054B5B6A1C005A1CEFD045
:104E3000012201246442E5175242E3E700400540A5
:104E4000064A536A9942FCD807D1044B02E05A6AD9
:104E5000914202D19A6A8242F9D3704700400540DC
:104E600070B504000D00EFF3108672B61A4A13688D
:104E7000002BFCD0BFF35F8F002D1BD02000FFF76D
:104E8000C5F8164981420AD02000FFF7C7F8012172
:104E90002000FFF79DF80123A340114A1360114B36
:104EA000A400E550BFF35F8F00220B4B1A6086F31E
:104EB000108870BD0121A1400A4BA200D5500A4BB9
:104EC00020001A788A4305491A70FFF7CBF90021B0
:104ED0002000FFF77DF8E5E7280100D0F14C101025
:104EE0003860054054240220032A0220F0B54F46C2
:104EF000D6464646C0B507002B4C616A0D00A66A2F
:104F0000616AA942FAD18B4208D805D00120E0BCE1
:104F1000BA46B146A846F0BDB242F7D9EFF3108ABF
:104F200072B6224801680029FCD0BFF35F8F0125CB
:104F3000BD401F491C4C8846097889462943C9B29F
:104F40008C46414660460870391D890065630A51E8
:104F50001849B8004350216A0020294219D0616ADB
:104F60000800A66A616A8142FAD18B4219D801D140
:104F7000B24216D8CC450BD00B4B1F221D625D638D
:104F800001233A4093400C4A136043464A461A7044
:104F90000120BFF35F8F0022044B1A608AF3108850
:104FA000B5E70020F5E7C04600400540280100D0E5
:104FB000032A0220DC29022080E200E0EFF3108CBB
:104FC00072B60A490B68002BFCD0BFF35F8F012338
:104FD0008340074A0748136202789A430270BFF37E
:104FE0005F8F00230B608CF310887047280100D07E
:104FF00000400540032A022070B506000D00140091
:1050000000291CD0002A12D073688068984763007A
:105010006A0031681B195219033B033ACB188918EF
:10502000002806D09D700A78002A0AD10C7028004A
:1050300070BD8C701A78002A00D04A701D70200054
:10504000F6E75A700C70F2E710B583600023CCB21B
:1050500043730133426004738373C4730068421C5A
:10506000012C05D90133DBB2137003329C42F9D114
:10507000FF230B405A00D318C01800230338437095
:1050800010BDC046F8B5CE46474605000C0080B5B9
:10509000002907D04E0003687618033E9A19577806
:1050A000002F04D12000C0BCB946B046F8BD79003D
:1050B000C9190339884643445978894600215970F3
:1050C00051706B683A0021008068984743462A680F
:1050D000D3189219002811D09C701178002900D0A3
:1050E00059701770270049462800FFF7CBFF390099
:1050F00002002800FFF780FF0400D3E797701978BB
:10510000002900D051701C70EDE7C046F8B5574635
:105110004E464546DE464C00E0B56418170002686E
:10512000033C0500105D13190E009C46002854D066
:10513000430098461B18033BD31859788A46002928
:1051400020D1002F13D0EC7B002C51D063001B1911
:10515000D318033B5E70AB7B002B3CD0EE73002872
:1051600007D04300984643461918033953180022C4
:105170009A70002362465370F0BCBB46B246A94603
:10518000A046F8BD49005144033952185178884669
:105190000021517089465970524601002800FFF7DE
:1051A0002BFF43468246002B07D05B00296843440F
:1051B000033BCB185A78002A1FD14246514628009B
:1051C000FFF71AFFA4462A689444002FC7D0EC7B4F
:1051D000002CC0D0BAE7AE73C0E7002FC9D0EC7B7B
:1051E000002CB3D1AB7B002B20D1A973E973C0E7AE
:1051F000AB7B002BEFD0EE73B5E75000801803387F
:105200000918487883464846487058704146280037
:10521000FFF7F2FE594680462800FFF733FF41466C
:1052200002002800FFF7E8FE8046C6E7E973A0E722
:10523000F8B557464E464546DE46E0B5467B026821
:105240007500AD19033D0F00515D531904009C46D4
:10525000002956D04B0098465B18033BD31858786A
:105260008246002822D1002F13D0E57B002D53D099
:105270006B005B19D318033B5E70A37B002B3ED001
:10528000E673002907D04B00984643465818033868
:10529000131800229A700023624630005370617325
:1052A000F0BCBB46B246A946A046F8BD40005044FB
:1052B000033812185078804600205070814658708C
:1052C00052462000FFF798FE43468246002B07D047
:1052D0005B0021684344033BCB185A78002A20D155
:1052E000424651462000FFF787FEAC462268010087
:1052F0009444002FC5D0E57B002DBED0B8E7A6733F
:10530000BEE7002FC7D0C57B002DB1D1837B002B1A
:1053100020D18673C673BEE7A37B002BEFD0E67364
:10532000B3E7500080180338091848788346484688
:105330004870587041462000FFF75EFE594680468F
:105340002000FFF79FFE414602002000FFF754FEB9
:105350008046C5E7C6739EE770B5040000292CD0CF
:10536000437B8B422ED0056848004018033828182C
:105370008278002A21D053009B18033BEA5CEE1888
:105380008A4202D11BE0002A08D053009B18033B3D
:10539000EB185A788A42F6D142785A7000230122DB
:1053A000837043702000FFF7B1FE617B0200200094
:1053B000FFF722FE6073012000E0002070BD4378FB
:1053C0003370EBE701221900FFF7A0FEF2E7C046B9
:1053D00070B516000D0019000400FFF78DF82900C4
:1053E000701C03F06BF80023E681A5816060A36068
:1053F00070BDC046F8B5CE464746040080B50620CD
:105400000E0000F0ADFA051E75D0534B80229C4271
:1054100000D192E0514BD2031A60514B51491A60AE
:1054200010008B689843FBD14F4B504AE318594208
:105430004B4180215B0049000620995200F090FA10
:105440003100C00002F018F9C30926D0484A93423F
:1054500000D876E000234749474A6162A362256B82
:105460009046EB0721D52200C02330329B01134325
:10547000424A06201A60666AA36AB601F61800F06E
:105480006FFA3F4902F0F8F8B6020100300002F06E
:10549000F3F80021FFF7A0FC07E04022012190462D
:1054A0006162A362256BEB07DDD427008026E36AE7
:1054B00000232C3776013E4333600620256300F03D
:1054C0004FFA4146800002F0D7F8236B050098465A
:1054D000DB0715D46023E26A5A400E331340336071
:1054E00043462363802310229B013B431A60234BD6
:1054F00023630323A3642800C0BCB946B046F8BDAB
:105500002200C02330329B0113431C4A06201A603C
:10551000636AA26A9B019946914400F021FA4B46C6
:1055200017499B02994602F0A7F80100484602F08D
:10553000A3F80021FFF750FCCCE7084B12041A60D7
:105540006BE77F2299018846024001325208190018
:1055500090441300A4E7C0460080034000E00040F0
:1055600000F0004000C000400080FCBFF029022095
:10557000FEFF0000FFFF0000C0FF3F00010300002E
:105580004E0E0000F0B545464E46DE465746E0B5A5
:1055900083B016000C9A050088469A4200D975E03F
:1055A0001A0E93461B0218000193594600230C9AC9
:1055B00002F0A0F8364B6C009C466419A4006444C9
:1055C00063680700834200D260602B1FDBB29946FC
:1055D000012B36D9C02380229B01234312011A607C
:1055E0002C4BAD0059599A46002907D0586902F052
:1055F00043F8013043001B18033BFDD222687301BE
:105600005340E0221A4080235B0123431A604A463C
:10561000012A2ED9802380229B01234312011A6084
:10562000594600233A000198676002F063F8534638
:105630005851012003B0F0BCBB46B246A946A04673
:10564000F0BD4346012BC5D1C02303229B01234358
:105650001A60023AA3681A42FCD0226873015340D0
:10566000E0221A4080235B0123431A60094AAD00FF
:10567000924642462168514003220A401A600122A4
:1056800043469A40A3681A42FCD0C3E70020D1E702
:1056900000800040D0F7012010B50C2082B000F04F
:1056A000E9F9FEF7E5FB002810D08B4B8B488B49BE
:1056B0008B4A186059609860D96018615961986187
:1056C000D961186259625A6202B010BD854CA06758
:1056D00000F026FA0122844B1A60636C012BFCD186
:1056E0000322824B1A607F4A936B012BFCD101335A
:1056F00001217F4A7F480093043300F05BF90523C2
:105700007D4A009301217D4800F054F97C4B5A6892
:10571000FF2A02D8802252005A608022734B6E4CBE
:1057200012011A602169002907D0606901F0A4FF05
:10573000013043001B18033BFDD2E023704A71483F
:1057400011680B40036002231168594001330B407C
:105750000421036093681942FCD080216A4B09013F
:1057600019608021694B490051602361684B5A6878
:10577000FF2A00D85960032201215B4B1A60644A5A
:1057800093681942FCD0E02310680340614803602D
:10579000126803234A40022113405D4A0360936864
:1057A0001942FCD080215C4B0901196080215B4BC0
:1057B0004900516063615A4B5A68FF2A00D859600A
:1057C0008022584B12011A60E169002907D06069F4
:1057D00001F052FF013043001B18033BFDD2E023D0
:1057E0004F4A11680B4050490B6080214F4B090113
:1057F00019608021394B49005160E3614C4B5A6874
:10580000FF2A00D8596080224A4B12011A60216A8F
:10581000002907D0606901F02FFF013043001B18F9
:10582000033BFDD2E023424A11680B4042490B6022
:105830008021424B0901196080235B005360802264
:10584000264BD20223623E4B5968914200D25A60E5
:1058500080223C4B12011A60616A002907D06069FE
:1058600001F00AFF013043001B18033BFDD2E02387
:10587000334A11680B4034490B608021334B0901D6
:1058800019608023DB025360154B6362304B5A680A
:10589000FF2A02D8802252005A6080222D4B12012A
:1058A0001A60A169002907D0606901F0E5FE0130A6
:1058B00043001B18033BFDD2E023254A11680B402F
:1058C00025490B608021254B0901196080235B006D
:1058D0005360124BA361F7E6D0F70120006CDC02A5
:1058E0001BB70000008000403CB0004030B00040DA
:1058F000002F685900800240008C864700C002409B
:10590000308000403090004030A00040001BB700C5
:105910003C8000403C9000403CA000404059730750
:105920005480004054B000405490004054A00040C7
:105930006080004060B000406090004060A0004087
:105940006C8000406CB000406C9000406CA0004047
:105950004880004048B000404890004048A00040C7
:10596000014B8000C0587047D0F70120802270B5ED
:1059700006000E4C5200A3691D0015401342FAD1D7
:10598000FA210B4B8900186901F076FE0A231021D9
:105990002060064A23610B3B6560A36066619369E2
:1059A0001942FCD0D069400970BDC04680800040DB
:1059B000D0F70120F8B5040022481E0017000D00A2
:1059C00001F05AFE0100380001F056FE069B360435
:1059D0001B031E432368002B22DB1B4B1B49E318D0
:1059E0005A1E93418022920194465B421B0B184A37
:1059F0001B0363441360174A13601F008A689743B0
:105A0000FBD1C022231D92011A4321232560A060EF
:105A100013602368002BFCDA0823E6601360F8BDEE
:105A20003F2322681340AB42D7D1A3681B051B0D4F
:105A30008342D2D1EE22E368D2021340B342CCD1EA
:105A4000EDE7C046001BB7000040FDBF00C00040AE
:105A500000E0004000F00040044B00011B68044AD5
:105A60005840F023034013607047C0460040064092
:105A7000005006408023024A9B000343D3627047D4
:105A80000080054010B580241C4BE4051C600028F4
:105A90001AD001231A4C18431A4BDC611A4C4440AB
:105AA0001C62596298628021144BC905196017481D
:105AB00017490860E021C9041960002A07D1802233
:105AC000144B12061A6010BD0E4BD861EBE7530160
:105AD0009B1A9B009A18802312015B049A4209D2F8
:105AE00013000D490B60074B5A608022094BD20509
:105AF0001A60E8E7094B1A00F3E7C04600B005401A
:105B0000D3C007B0008005402D3FF84FFCFF0100D7
:105B10000820014000A00540AC290220FFFFFF0043
:105B2000AA23064A1B0113602F230549D360054BA6
:105B300019605368002BFCDA7047C04600400240F1
:105B400000B0FA00006002402C4B2D4A70B51A607C
:105B50002C4A2D4B2D491A6014008B689C43FBD1B5
:105B60002B4D2C4EB54208D2013E761BB60808CD0F
:105B7000984723000134B342F9D1FFF78DFD264A3F
:105B8000214B1A60214A9368DB43DB01DD09002BBE
:105B9000F9D14022214B224C224E9A675A671A674C
:105BA000DA66B44208D223682000002B20D00834E3
:105BB000FEF7B8FCB442F6D31B4C1C4EC022B168B1
:105BC000200002F0A9FCB460FEF7D6F9FEF782FCD3
:105BD000FEF74AFE164C174EB44208D2013E361B61
:105BE000B60808CC98472B0001359E42F9D170BD0C
:105BF0000834FEF789FCB442D5D3DDE700E000406D
:105C0000BFCDFBFEFE7F3C0000F0004000C0004026
:105C100078F5012088F50120FFFFFF0100F0014029
:105C200068F5012078F501200000002000ED00E07B
:105C300088F5012090F5012000BEFDE7094A030028
:105C40001068002805D00849C3188B4207D8136094
:105C5000704706480449C31810608B42F7D90120E9
:105C60004042F5E79429022000000420042A022083
:105C700010B5FFF7E1FFC0460FB400B5084883B088
:105C800002F024FD049B002B07D005A91800019108
:105C900001F072FC034802F019FD0120FFF7CCFF70
:105CA00030DF101040DF101010B50148FFF7E4FF9F
:105CB00044DF10107047C046F8B55746DE464E46E2
:105CC0004546E0B599460A9B07009A460D9B8846D3
:105CD00093460B9C9B073BD10C9B9C423DD21E1BC9
:105CE0000B9415000C005E442A004B460135210040
:105CF0002020B847B542F7D1A0460B9C002C20D0FD
:105D0000454636195346321B013C185D29004B4667
:105D1000B847002CF6D12B00350098460D9B9B0709
:105D20000FD55B46EC1A0C9BA3420AD9464698460F
:105D30002A004B46310020200134B8470135444544
:105D4000F6D32800F0BCBB46B246A946A046F8BD33
:105D500016001500002CD3D1E0E716001500002C2A
:105D6000CED1EEE7F0B54546DE4657464E46E0B5A5
:105D700085B09C4610AB1B78149F934698460F9CA9
:105D8000129E139DBB074CD4002D42D1B44248D281
:105D900001233B4099460E9B013B9A46302304E089
:105DA000524601341355A64201D9202CF8D14B4656
:105DB000002B00D183E00E9B013B99463023A54286
:105DC00005D82EE04A4601341355AC4229D0202C88
:105DD000F8D1FB060CD57B0554D4A64263D0A5426E
:105DE00061D0119B102B50D0022B57D0202C32D1D8
:105DF000202301930E9B5A46009303976346029516
:105E0000FFF75AFF05B0F0BCBB46B246A946A04614
:105E1000F0BD01233B40994601233B422AD1B442C5
:105E2000B9D3FB061CD57B05DBD4002CD5D1119B47
:105E3000102B5BD0119B022B6BD0302301240E9AC8
:105E400013704346002B10D17B073ED52B260E9AAC
:105E5000631C1655CDE72300013430260E9AD65424
:105E6000202CC5D04346002BEED02D260E9A631C65
:105E70001655BEE74346002B2FD0013DB44200D259
:105E800089E798E7119B102BB2D1BB0637D5202CA0
:105E9000AED058230E9A13550134A7E7202CA7D073
:105EA0002300013407E0631E012CC0D0119A102A90
:105EB00031D0022AD1D162260E9AD65496E7FB063B
:105EC000CED57B0500D488E78BE723003E0790D52D
:105ED00020260E9A013316558BE70C233B405A1EA1
:105EE0009341ED1AB44200D255E764E7BB060ED4E5
:105EF00078230E9A0224137030235370A1E7202CCC
:105F000000D175E778230E9A135501346EE75823B4
:105F1000EFE76033EDE70E9AA61E91464E44BA06AF
:105F200002D55822327098E77822327095E7C04641
:105F300010B5002800D110BD02F07EFBFBE7C04683
:105F40000B0010B5002802D049681B68984710BDA7
:105F5000F0B55746DE464E464546E0B595B0834619
:105F60000F00924698461E9A1F9B10001900209E13
:105F700001F04BFE002800D0EAE11E981F99012293
:105F8000C54B524201F026FE002800D014E11E98B5
:105F90001F990122C14B524201F032FE002800D06D
:105FA000E9E01E981F990022BD4B01F029FE002850
:105FB00000D0C8E01E981F990022BA4B01F00AFEDB
:105FC000002800D0BFE01E981F990022002301F096
:105FD00001FE002800D0E4E000230B93229B5B0528
:105FE00000D406260024302307E0172106AA013436
:105FF00052181355013E202C01D0092EF5D81E98B9
:106000001F9901F02DFEA84BF2009B181A685B68DF
:1060100005000892099301F00BFE02000B001E9888
:106020001F9901F064FD089A099B01F090FD06900C
:10603000079101F039FE814601F0F6FD02000B00E8
:106040000698079901F053FD0022984B069007919E
:1060500001F0D6FD002800D10DE101239C46E1446A
:10606000484601F0E1FD02000B000898099901F093
:10607000B7FD002802D0002399460135002E00D13B
:10608000D9E006954D46B94614E006AA9446172372
:106090000A216344280001341F1901F0EDFA303160
:1060A000397028000A21013E01F0E6FA092D00D8D6
:1060B00017E10500202CE8D14F46069D20240CAEA8
:1060C00006AA17239446634499465B46B346069353
:1060D0000FE04B4628000A210134E61801F0A4FA2B
:1060E0003031280031700A2101F09EFA051E00D1DE
:1060F000E4E0202CEDD1069B5E469B460323229ACA
:106100001340012B18D1219B002B15D00B9B002B8A
:1061100000D1FDE0219B013B2193202B0CD93023A2
:10612000219A07E0172006A9013409180B5594425B
:1061300000D3CCE0202CF5D1229B01940393219B2A
:106140000096029322E0229B52460493219B390041
:10615000039358461E9B1F9C02960093019443464E
:1061600000F04AF90400200015B0F0BCBB46B2466E
:10617000A946A046F0BD229B5B070FD403224C4BDF
:10618000229901920391219900930291434652462C
:1061900039005846FFF790FD0400E4E70422454B20
:1061A000EEE71E9A1F9B0020002101F0A0FC0123B6
:1061B0001E901F910B9311E7229B54469B0711D110
:1061C000219B042B0ED9219B55469C465E46043CE0
:1061D00064442A004346013539002020B047A542D7
:1061E000F7D1B346344D26002B1F99465B46A34694
:1061F0001C003200E87843463900013DA0470136D3
:106200004D45F6D123005C469B46229B04349B07F8
:10621000A9D55346219AE31A9A42A4D95E4615009D
:106220002200434639002020B04753460134E31A88
:106230009D42F5D897E7280001F0FAFC02000B0018
:106240001E981F9901F053FC0022184B06900791ED
:1062500001F0C0FC0CAE002800D031E70698079989
:106260000022124B01F0CCFC002800D028E70123CB
:1062700001359D4324E70022069807990B4B01F056
:10628000A9FC002800D0F9E64B46002B5CD1012385
:106290009C46E144F2E6C046FFFFEFFFFFFFEF7FC1
:1062A00065CDCD4165CDCDC198E610100000E03F31
:1062B00058DF101050DF101060DF1010069B5E4694
:1062C0009B460323229A1340012B00D181E0202C0E
:1062D00000D131E70B9B002B27D02D233355013400
:1062E0002AE74F46069D202C00D1E7E630223319DD
:1062F00007E0172006A9013409180A55202C00D1FF
:10630000DCE6A342F5D12E220CAE0134F254D7E6DE
:106310000C23229A134257D0219B013B2193A34285
:1063200000D9FCE6202C00D106E7229B5B0703D5B1
:106330002B2333550134FFE6229B1B0700D4FBE6D9
:10634000202333550134F7E6DB0700D496E69EE7B9
:10635000229B55469B0711D1219B032B0ED9219BD4
:1063600054469C465E46033D654422004346013444
:1063700039002020B047AC42F7D1B346B9465F465A
:106380001C4EEC1C2A00B078434649460135B847FC
:10639000013EAC42F6D1229BBB464F469B0700D440
:1063A000E1E65346219AE31A9A4200D8DBE65E46BC
:1063B00015002200434639002020B04753460134DF
:1063C000E31AAB42F5D3CEE6219BA34200D9A6E661
:1063D000B2E6219B002B00D179E70B9B002B97D0D5
:1063E000219B013B21939C4200D298E6202C00D0B7
:1063F00073E7A1E65CDF1010F0B5DE4657464E4667
:106400004546E0B599B081468B4692469846229A19
:10641000239B1000190001F0F8FB002800D0CAE00F
:10642000229823990122824B524201F0E9FB002875
:1064300000D0C0E02298239901227E4B524201F005
:10644000C9FB002800D0B6E022982399002200233F
:1064500001F0C0FB002800D0C9E1229B239C0893D7
:106460000994089809998023269ADB001A400D9216
:106470008022269C1201144022000B94269C0700C7
:106480000E001C4200D0ADE00B00034300D0D5E06D
:10649000002A00D00AE2220006332493022313408C
:1064A0000C930223134200D002E2259B042B00D25E
:1064B0000FE2043B0B93002304250A930022229849
:1064C0002399002301F086FB002800D003E25A4BF9
:1064D000269A134004930B9B0393249B0293089BDF
:1064E000099C009301945946434652464846FFF79B
:1064F0002FFD02002020269B1F27034059424B41BD
:106500005B421840531C0893594643464530C847E0
:106510000A9AD317D4185C40D30F0A936B1E0B93BF
:1065200008AB9C460025674401E0202D0FD02000D9
:106530000A2101F0A1F801357E19303131702000B7
:106540000A2101F099F826000400092EEDD8052350
:1065500006930B9B59460593002304930A33039338
:106560000A9B4846029310AB0093089A4346019554
:10657000FFF7F8FB0C9B002B2DD05346C41A259B2C
:10658000A34228D94D465F4681461E005346390036
:106590001A19202043460134A847A642F6D853468C
:1065A00048462599C21A01320023914200D386E160
:1065B000013018180FE0269B0493259B0393249B1E
:1065C0000293229B239C00930194434652465946D2
:1065D0004846FFF7BDFC19B0F0BCBB46B246A94621
:1065E000A046F0BD01432BD10B9B2200002B00D114
:1065F00054E700230A93249B0A9A0024934200DD67
:1066000085E1229823990022002301F0E3FA002873
:1066100000D035E1269B084A02941A408023DB0013
:1066200013430493259B0393089B099CCBE7C04627
:10663000FFFFEF7FFFFFEFFFFFF7FFFF062324932E
:10664000B44B70009C46400D604401F0F1FAB24A30
:10665000B24B01F07CFAB24AB24B01F051FA360368
:10666000B14B360B334304000D00380019000022F3
:10667000AE4B01F03CFAAE4AAE4B01F068FA0200B4
:106680000B002000290001F03BFA01F0E9FA0A9022
:1066900001F0CEFAA84AA94B04000D0001F057FA08
:1066A0000022A74B01F02CFA01F0DAFAA54A060005
:1066B000A54B2000290001F04AFA040030000D002B
:1066C0000C9601F0B5FAA14AA14B01F040FA020084
:1066D0000B002000290001F00AFA02000B0006005E
:1066E0000F0001F034FA320004000D003B003000CE
:1066F000390001F005FA00220E900F91954B200011
:10670000290001F006FA0022934B01F0F9F902008A
:106710000B002000290001F0FCF900228F4B01F052
:10672000EFF902000B002000290001F0F2F90D0042
:106730008021040032003B000020C90501F0D7F998
:1067400002000B002000290001F0DAF902000B0022
:106750000E980F9901F0DDF90022734B01F0D0F98A
:106760007F4B0C9C9C4664440022230501F0EFF90A
:1067700006000F0002000B000898099901F02AFAA0
:1067800000280AD00A9B3000013B39000A930022FE
:10679000714B01F0BEF906000F000A9A3300633214
:1067A0003900C62A12D802222698042510400B9AD6
:1067B0000C90002A25D1259B042B05D9002800D058
:1067C000A1E0259B043B0B93042541E0022226987F
:1067D00010400B9A0C90002A12D1259B052B76D9DC
:1067E000002872D1259B0525053B0B9334E08022C0
:1067F00012069446229B0893239B6344099330E638
:1068000005250B4300D1F6E608980999554A564BE1
:1068100001F0EEF9002808D0089809990022534B9E
:1068200001F0D8F9002800D0E5E6249B002B1CD00D
:106830000D9B002B19D0249B013B2493259BAB423D
:1068400004D90C9B002B5AD002230C9300230B93EA
:106850000A9B002B00D131E60898099932003B00D1
:1068600001F057F90890099128E6259BAB42EDD934
:106870000C9B002B43D000230B9302330C93E7E7D0
:106880008020269B3A4A00061A40802384460294C0
:10689000089C099D2900DB0013430493259B614458
:1068A000220003930B00009201938EE60524A8E6D4
:1068B00000230B930A93023304250C93FEE5534601
:1068C0008C46013B63441B1A72E602230C93052598
:1068D000C2E70423EDE58020089E099F00063900E9
:1068E0008446269A224B6144134004930B9B32004A
:1068F0000393249B02930B0000920193F3E5259BE5
:106900005B1B0B93A4E7022304250C93A0E79C1ABE
:10691000013C76E601FCFFFFFB799F501344D33F17
:10692000B3C8608B288AC63F0000F03F0000F83FE4
:1069300061436F63A787D23F71A379094F930A40E0
:106940000000E03F1655B5BBB16B0240EF39FAFECF
:10695000422EE63F00002C4000002440000018407A
:10696000FF0300002D431CEBE2361A3F80842E41CA
:10697000FFF7FFFFF0B5DE4657464E464546E0B509
:10698000A5B01E002E9B92460C93CD4ACD4B80465F
:106990008B461A60002900D1EAE10023307899463D
:1069A000002800D1ECE1C84B4C460B93C74B454641
:1069B00057460E930AE0631C984622003B00594656
:1069C000A84744463078002800D187E001362528C2
:1069D000F1D108239A46043B9946023B9846013B75
:1069E00000229C460D943078711C0300203BDBB2E2
:1069F000102B03D80B9C9B00E3589F460300303BB1
:106A000089460D9C092B3AD9002398462A2800D1A3
:106A1000C1E000239A462E284BD00300683BDBB22E
:106A2000122B1ED80E999B00CB589F4663460E0032
:106A30001A43D8E743460E001A43D4E74B460E00EC
:106A40001A43D0E710230E001A43CCE753460E003A
:106A50001A43C8E780235B001A43FF3B9C467078CB
:106A6000E1444E4667284FD82428A4D90300253B8B
:106A7000DBB2422B9FD896499B00CB589F46002300
:106A800094461E0000E00131B3009B195B001E1804
:106A90000878303E0300303B092BF4D901236246CD
:106AA00089469C460023B0469A460E00E1442E28B3
:106AB000B3D13021802049428C46C0000243707817
:106AC0004B4684446146092900D86CE12A2800D14C
:106AD0007AE101239C464E46E1449EE7A146A84642
:106AE000BA46CA4503D801235B42534499465346EC
:106AF0004A4659460020C047200025B0F0BCBB469E
:106B0000B246A946A046F0BD0300693BDBB20D9337
:106B10000F2B00D94FE7012199408C466D498946DA
:106B200061464B4619400F91634649460B4200D0DF
:106B300028E10D9B0A2B3AD0072B00D03BE70C9B9A
:106B4000190008C98846002B00D14BE121200243DF
:106B5000914614A98C461F220F2162448C4651464F
:106B60000D950C91A24615000F9902E020290CD03A
:106B7000130064461C4020003730092C00D8073829
:106B8000013168541A090F2BF0D80C9B54460D9D07
:106B90009A460F9133E10C9B02CB8846002947DBD4
:106BA0000C9301239C4670784E46E14431E70C9BE0
:106BB00002CB14935346002B00D138E19C46087851
:106BC0000B000C908C44002801D100F098FC894601
:106BD0006146944603E05A780133002A01D08B4283
:106BE000F9D1494662465B1A0C900F93530500D5C4
:106BF00020E10223180010400D90134200D1CBE396
:106C00000D930B1BB1469A465E460C9822003B0042
:106C10003100A84753460134185D0028F6D1B34629
:106C20004E460D9B002B00D0C7E1149B0C93C9E688
:106C30000C9301239C4628384942024388467078C9
:106C40004E46E144E5E670786C2800D17FE1802370
:106C50005B001A43FF3B9C46E14402E780239B0014
:106C60001A4301239C467078E144FAE6707868285C
:106C700000D173E180231A437F3B9C46E144F0E658
:106C8000672800D103E1472800D15AE1452800D107
:106C90005AE10492072142460C9B03920733524665
:106CA0008B43190002920CC92800009201930C91A9
:106CB00022003B005946FFF79FFB040082E6C046D6
:106CC00075691010A8290220F8E410103CE5101096
:106CD00088E5101041900000462800D1DBE00492C6
:106CE000072142460C9B0392073352468B431900FF
:106CF00002920CC92800009201930C9122003B00E3
:106D00005946FFF725F904005CE6631C984622000B
:106D10003B0059462520A847444653E60C9B0433C4
:106D20000D93631C9946920700D422E10C9B22002C
:106D3000187859463B00A84743464444012B00D8E5
:106D400085E23300B8462E005F4625004C46994642
:106D500022004346013439002020B047AC42F7D12D
:106D60002C00BB46350047464E460D9B0C9329E64A
:106D7000DB4B3078984600239946002800D012E675
:106D80000024AEE66F2800D188E000D80BE3102382
:106D9000782800D1CFE09A430A239C4600230F9322
:106DA0000A330D9380E05646B1008919490001333A
:106DB0000E181878303E010030390929F4D9B2464E
:106DC0001E000133994628E60C9B023602CB8A4608
:106DD000C9435046C917084082460C933078731C4B
:106DE00099461AE610231000984311331843814640
:106DF00080201300C0000340024200D1A9E64B46A8
:106E0000069308230593534604931023039300230A
:106E100002930F9B220001931CAB009359463B0049
:106E20002800FEF79FFF434604000C93CAE50123A8
:106E30005B42C3E60F9B534501D953460F93022390
:106E4000180010400D90134200D1B7E10D93D146C8
:106E50000B1B9A463300A1442E0022004D460C988D
:106E6000B9465F469B4608E04B463900541CB04784
:106E70005346185D002877D022009542F4D15B4636
:106E8000BB464F46A94635004C461E00C9E6802346
:106E90001B011A43FDE620231A4320E708239C46E2
:106EA00000230F9308330D9380231100DB0019405A
:106EB0001A4200D116E10D239A43100080230200EC
:106EC0009B001A401492184200D0C2E180230200B5
:106ED0005B001A4091460C9A04320F92184200D07F
:106EE000B7E2430600D59FE1030600D419E30C9BEB
:106EF0001B880993002B00D0FCE110339843002934
:106F000000D1F7E100239946434605935346049385
:106F10000D9B069003930023D2E0582808D06228E6
:106F200067D102239C4600230F9302330D93BBE7E6
:106F300020231A43103B9C4600230F9310330D93DC
:106F4000B2E780231B011A4320231A43A1E6C02382
:106F50009B001A43F31C9946B07882E5C0231A437C
:106F6000F31C9946B0787CE535005E46BB464F463B
:106F700057E64346012B00D863E1631E43449A461B
:106F80003300B9462E005F4655469B46A246220076
:106F90004B46013439002020B047AC42F7D13500D0
:106FA0005E46BB464F46A14654460C9B4A4618785F
:106FB00059463B004444A847D7E6A1460F9B984555
:106FC00000D832E64444E41A3300B8462E005F4647
:106FD00025004C46994622004346013439002020C2
:106FE000B047AC42F7D12C00BB46350047464E4671
:106FF0001BE680231000DB0018401A4200D10FE18D
:10700000112118008A430D920D9A802311009B00D4
:1070100019408C461A4269D1802311005B00194047
:1070200089460C9904310F911A4200D0CAE113002D
:107030005B0600D5F0E013001B0600D459E20C9B60
:1070400000229B5ED9175A184A4092B2D90F0C9170
:10705000002B00D1F9E1100014AA944642461F23E8
:10706000149252466344A84616944D460400B9460D
:10707000B2461F00159201E0202D0FD020000A21FA
:1070800000F0FAFA01357E193031317020000A2102
:1070900000F0F2FA26000400092EEDD8149B4F46AA
:1070A000A94645469846159B56469A46169C0D9B02
:1070B000069343460593534604930A2303930C9B7C
:1070C00002934B4601931CAB2200009359463B00B0
:1070D0002800FEF747FE0F9B04000C9372E4C046A5
:1070E000B55C10100C239A431000E7E607220C9BB6
:1070F00007339343013294469C4462460C920CCB76
:10710000D90F0F911100194300D191E0D9171391B4
:107110001291514010911399594011911098119961
:10712000129A139B801A99411090119114AA00236E
:10713000944642469946149252461F336344A846E9
:10714000B24616944E46109C119DB94615921F00EA
:1071500001E0202E10D0200029000A22002300F098
:10716000C9FA013630322B00BA550D002200040056
:10717000002BEED1092AECD8149B109411954546AA
:107180009846159B4F46B14656469A46169C0D9B0F
:10719000069343460593534604930A2303930F9B98
:1071A00002934B4601931CAB2200009359463B00CF
:1071B0002800FEF7D7FD0400FFF704FC0F9B98455D
:1071C00000D8C1E18023DB000D9343460F9A1B19C1
:1071D0009B1A994633002E004D46B9465F469B46A2
:1071E0000C9122004B46013439002020B047AC42BC
:1071F000F7D143460C9901330F930B7835000C936C
:107200005E46BB464F46002B00D10EE50D9B002B82
:1072100000D1F6E4002319E60C9B1B781A0015E751
:1072200010239A430D92EFE60C9B1B78099361E6BD
:10723000002399460028AAD100220023109211931E
:1072400074E70C9B2200187859463B00A8474C462F
:107250008BE50C9AFA3BFF3B07329A430133994680
:1072600091444B460C931368526815921A4306D109
:107270001032904300220992002900D081E061225F
:10728000810600D54122D2B20A9214AA91460A9AE6
:1072900000210A3A149242461792524618925A46D0
:1072A0000991B3461F311E000F9B4944BA461994F9
:1072B0001A950024674698468946159D16901B929C
:1072C0000AE03032D2B24B4601341A55A8454AD0B2
:1072D000202C4AD006000D003A000023300029007F
:1072E00000F008FAD2B2092AEBD9149B9C466244FA
:1072F000D2B2E8E76123820600D54123DBB20A3B24
:107300000C93434614A91F228C461593534662449E
:10731000A046B2464C461797A9461700099D0D9EF8
:107320001490169308E03033DBB201343B55B5427C
:107330000ED3202C0CD005003100280000F09CF961
:10734000CBB20929EFD90C9A94466344DBB2ECE73F
:10735000159B4D46A14644469846169B56461498A2
:107360009A46179FD0E5B742B2D9179B5746984621
:10737000189B5E469A461B9B09949B461698199C3F
:107380001A9D43460593534604930D9B0690039321
:1073900000230293099B05E70F9B984500D914E74A
:1073A00001330F932DE41023110099430D916928A7
:1073B00000D0BAE080231000DB0018401A4200D150
:1073C00022E61DE60C9B1B68DA0F1100002B00D192
:1073D0008CE0DA179818504014AA914642461F23B1
:1073E000149252464B44A046A9461697040065469F
:1073F000B2461F000C91159201E0202D0FD0200005
:107400000A2100F039F901357E1930313170200040
:107410000A2100F031F926000400092EEDD8149B52
:10742000444698460C9BAC461900159B56464D4663
:107430009A46169F0D9B0291069343460593534629
:1074400004930A23039363463CE6002800D02EE60B
:1074500002E60C9B1B689946002B03D1103398431E
:10746000002938D16123820600D54123DBB20A3BD3
:107470000C9343461693534614A91F228C46179328
:107480002B006244A0464D46B24618979946170015
:10749000149C0D9E159008E03033DBB201343B554F
:1074A000B5420ED3202C0CD005003100280000F08E
:1074B000E3F8CBB20929EFD90C9A94466344DBB2C6
:1074C000ECE7169B149444469846179B56464D4647
:1074D0009A461598189F43460593534604930D9B6F
:1074E0000690039300230293149BEBE50028A1D19F
:1074F00072E70C9B1B68D9175A184A40A6E58023EF
:107500001000DB0018409C460F901A420FD002205A
:10751000030013400F93104219D00023A1460F938C
:107520004CE50C9B1B680993E4E40A0034E4022355
:10753000180010400D90134200D03EE54346002B4A
:1075400000D042E6FFF771FB01330F937FE46346FF
:107550000D93F3E710B50C0084B00394012402A945
:1075600002900093034813006242FFF703FA04B04D
:1075700010BDC046415F101010B5094A03001468E1
:1075800084B0002C08D0012200910648524203A981
:10759000A047012004B010BD01F098F80020F9E7E1
:1075A000A8290220315F101001480421014B18471F
:1075B000B0EF0120E5751010014B9B6818470000E3
:1075C000B0EF0120002310B50100988A1B8B98476B
:1075D00010BDC046162310B50100188802331B8861
:1075E000984710BDF8B54746CE4680B50F1E18D057
:1075F00014239946043304000025012698464B467F
:107600001888434621681B88984701C4431E984147
:1076100001350640AF42F2D13000C0BCB946B04699
:10762000F8BD0126F8E7C046124A936F9B0815D2B1
:107630009066D166002905D0FFE7FFE7FFE7516FAD
:10764000106F704704B580210906C2175140002809
:1076500000D0C84306F03CFB002104BDF0B5146E19
:10766000556E576F166FFFF7E3FF14665566576741
:107670001667F0BD000000D0114A936F9B0813D22B
:1076800010665166002905D0FFE7FFE7FFE7516F5D
:10769000106F704704B5002801D00020C04306F0E9
:1076A00017FB002104BDC046F0B5146E556E576F30
:1076B000166FFFF7E5FF1466556657671667F0BD4E
:1076C000000000D094464A4A926F9208624601D266
:1076D00028E0C046F0B5464E346E756E776F366F53
:1076E00000F020F89446424A1466556657671667BC
:1076F0006246F0BD94463E4A926F9208624601D2BD
:1077000054E0C046F0B53A4E346E756E776F366F02
:1077100000F04CF89446364A14665566576716676B
:107720006246F0BD002B24DB11D000293EDA00B503
:10773000C943404200D1013100F038F8C94340420A
:1077400000D10131DB43524200D1013300BD002A98
:10775000EBD1002801D1002905D00020C90FC907AD
:1077600001D1C043410800B506F0AAFA0022002367
:1077700000BD00B500290ADBDB43524200D10133D2
:1077800000F014F8C943404200D1013100BDC943A3
:10779000404200D10131DB43524200D1013300F0BD
:1077A00005F8DB43524200D1013300BD002923D14B
:1077B000002B18D1002A0CD0BC460D4F38667A66D3
:1077C00000210023FFE7FFE7FFE77A6F386F674686
:1077D0007047002801D00748010000B506F070FA94
:1077E0000022002300BD02000B0000200021704792
:1077F000000000D0FFFFFFFF002B00D0BFE0130C04
:1078000028D1002AE7D080B4114F39667A66FFE7A5
:10781000FFE730B4040C7B6F396F1B0423433B66D6
:107820007A66FFE7FFE7FFE7C04684B27B6F3D6FF4
:107830001B0423433B667A66FFE7FFE7C04600234D
:107840002C042D0C7A6F386F00196941B0BC704759
:10785000000000D0F0B594460025140E01D11202AC
:107860000835140F01D112010435940F01D1920093
:107870000235D40F01D152000135D40B0134254F0C
:107880007C66254C3C660E0C93B2FFE7FFE7FFE7F2
:107890003C6F6643360C7703BE467343DF0B5B04D5
:1078A000C01AB941130C7343DB18C91ACE086643DA
:1078B000360CB64493B273431F0F1B01C01AB94173
:1078C000130C73431F0B1B05C01AB941860D8F02A1
:1078D0003E436643360C092D24DB520A7243801A5C
:1078E0007703460A6643360C16235B1BDE40DF40F7
:1078F000BF1964466643821B704604350633010097
:10790000D940A840C01900D30131A24206D20023B9
:10791000F0BD0000000000D0FFFFFFFF121B013090
:10792000F3D3F1E709277F1BFE406446A2B27243FE
:10793000801A00D20139220C7243130C1204821AED
:1079400099410B007046043513370100F940A840F7
:10795000801900D30131002B02D1A2420AD2F0BD1E
:10796000013000D30131121BFAD2013BF8D1A242FF
:1079700000D2F0BD013000D30131121BF7E7F0B5A2
:107980001C0C00D080E00CB400251C0A04D11B02A2
:10799000160E3343120208351C0B04D11B01160FBF
:1079A0003343120104359C0B04D19B00960F3343E3
:1079B00092000235DC0B02D192185B4101351C00AC
:1079C000971864410134464F7C66464C3C660E0C69
:1079D000FFE7FFE7FFE7C0463C6F6643360C7703DF
:1079E000BE4697B27743C01B00D20139C01B00D2FC
:1079F00001399FB27743C91BC91B170C77437E041B
:107A0000FF0B801BB941CE086643360C0C2D33DBCF
:107A1000B644120B1F053A431B0B97B27743C01BAA
:107A200000D201399FB27743C91B170C77433E043C
:107A30003F0C801BB941860D8F023E4366432927C8
:107A40007F1BFE400C3D7746AF40BF1930BCA2B251
:107A5000ABB272437343801A9941220C7243130CE8
:107A60001204801A994102000B000137001BA94142
:107A7000F9D2781E0021F0BD0C277F1BFE4077460F
:107A80007F0BAF40FF19E0E700245D1C07D0144FC7
:107A90007D663966FFE7FFE7FFE7FFE73C6F95B2DA
:107AA0009EB265436643401BB141150C1E0C6543F5
:107AB000664336042F0C3E432D04401BB1419942CE
:107AC00004D202000B0020000021F0BD01D1904241
:107AD000F7D3801A994101349942F2D3F6E70000B6
:107AE000000000D0FFFFFFFF48404140484018B46D
:107AF0001B4B5B68FC46019308BD04DF8B7D1010B7
:107B000018B4174B1B68FC46019308BD00DF957D38
:107B100010109446134A926F920809D2624618B424
:107B20000F4BDB68FC46019308BD0CDF4D80101045
:107B30000C4AF0B5146E556E576F166F6246FFF71C
:107B4000EEFF084A1466556657671667F0BD18B40D
:107B5000034B9B68FC46019308BD08DFF17E1010C3
:107B6000F8F80120000000D0FFB5504042405040DE
:107B700059404B40594000E0FFB5154F4C00640D93
:107B800003D0BC4204D10C0314D80020090D090510
:107B90005C00640D03D0BC4204D11C030AD800224F
:107BA0001B0D1B0501264B4009D44B4003D58B42CE
:107BB00000D18242FFBD9942FCD19042FFBD0B43F0
:107BC000DB1803431343F5D0C9434918FFBD000038
:107BD000FF07000000B5FFF7CFFF804100BDC046A2
:107BE00000B5FFF7C9FF01D9002000BD012000BD8D
:107BF00000B5FFF7B9FF01D9002000BD012000BD8D
:107C000000B5FFF7B1FF804100BD012040054A00EB
:107C1000121804D85A00121801D800207047012009
:107C200070470020704700000021002805D17047F0
:107C3000C1174840401AFAD0C90713B5064B1B6854
:107C400098470CBC441CA2401005120B0349091BA9
:107C500009051943114310BDD02902201F0400005B
:107C600010B54C00620D8023D218DB00D21A5B05E0
:107C70007E2A10DD9E3A13DACC170903490819430E
:107C80005242D140640001341532202A05DAD04036
:107C90000843604310BD002010BD0846604310BD7E
:107CA000C80FC018013810BD18B4044B5B6AFC46FD
:107CB000019308BD24DFFD8110100000F8F80120B9
:107CC000132370B51D78012D15D010DD1D48FFF769
:107CD00081FC1D4C01008022200000F01DFC022DC3
:107CE0002DD01A48FFF76EFC194B186070BD194B68
:107CF000154CA364F5E7174B134C23606360A36036
:107D0000E36023616361A361E36123626362A36251
:107D1000E36223636363A363E36323646364A36431
:107D2000E36423656365A365E36523666366A36611
:107D3000E36623676367A367E367A364D1E7054B43
:107D4000A364CEE753440000F8F801204C33000050
:107D5000D0290220597D101007B5604601880A0A13
:107D60000230DF2AFAD1C9B2820804D302884088DF
:107D70000004104300E00068014A5050039007BD22
:107D8000F8F801200FB403BC0CBCF0B50124E407E3
:107D9000634000E0F0B50C0DCF0F661E3605891B61
:107DA000640503D3C943404200D30131640D03D0BD
:107DB000661CF60A07D0E41B00207F00791C8907A7
:107DC0008912803C24031D0DDF0F6E1E36059B1BA0
:107DD0006D0503D3DB43524200D301336D0D03D055
:107DE0006E1CF60A07D0ED1B00227F007B1C9B0750
:107DF0009B12803D2D032F1B661B58D4A446202EBA
:107E000046DA20371400BC401D00BD40F24033412B
:107E10002A4380185941CB0F05D0C943C0430022E3
:107E200064425041514162464D0D28D10D0D07D19C
:107E300000281FD0241940414941013A0D0DF9D0C5
:107E4000640006D3013000D30131002C01D1400879
:107E50004000013A0BD4941CE40A04D112051144E9
:107E6000DB071944F0BDD907204B194300E0D907BF
:107E70000020F0BD0029DDD1002CDBD1F0BD0132A6
:107E8000C6074008CD0728434908002EE1D0D9E7AE
:107E90003C2E29DA203E40371400BC4000D001249B
:107EA000F24014431A00BB401C43D317ACE7AC4666
:107EB000202F08DA20360400B4400D00B540F84009
:107EC00039412843A5E73C2F0CDA203F4036040017
:107ED000B44000D00124F84004430800B1400C43F2
:107EE000C117EAE710001900002494E70000F07FB2
:107EF000F0B50C0D661E3605891BE60A6405640D97
:107F000002D0651CED0A04D0002001210905803C47
:107F10002403A4461C0D671E3F05DB1BE70A64050E
:107F2000640D02D0651CED0A04D0002201231B055C
:107F3000803C24037740644497B484B296B274437F
:107F4000070C7E43150C6F4380B26843361802D38A
:107F5000012000043F183004350C00197D4184468F
:107F600088B29AB250430C0C62431F0C7C438EB211
:107F70007E43921902D301263604A4191604170C65
:107F80003618674101BC81B29AB25143040C624376
:107F90001B0C5C4380B25843121802D3012000042A
:107FA00024181004130C401863412D185E41002062
:107FB000474106BC88B293B258430C0C6343120C81
:107FC000544389B251435B1802D301210904641858
:107FD00019041A0C091862416D18564100204741D6
:107FE00018BCF902720D1143F0026A0D1043ED0244
:107FF0000A0D03D16D1940414941013B124E9B1BB3
:108000007600B3420ED26D0007D3013000267141D5
:108010006646354301D1400840001B05C918E407F6
:108020002144F0BD0BDA013306D1013004D1013116
:108030004F0D01D04908F2E7E1070020F0BD0136FD
:1080400031050020EBE70000FF030000F0B51C0D38
:10805000671E3F05DB1BE70A6405640D02D0661C42
:10806000F60A04D0002201231B05803C2403D025FE
:108070002D060026F6432E661E096E66CE0FF619F3
:10808000B44649004F0D02D07E1CF60A03D00020F2
:108090000021403F3F033E1BB600B444013F7F0533
:1080A000C91B49082E6F013676089C02950D2543A1
:1080B0007543ED137543AD1301356D10F603761B53
:1080C0000CB4CC02450D2C43A2B2B3B25A43270CD8
:1080D0007B43350C6F43A4B26C431B1902D30124BC
:1080E00024043F191C041D0CA4187D4124196D4162
:1080F000009A91B2ACB26143170C7C432B0C5F43E6
:1081000092B25A43A41802D301221204BF182204C7
:10811000230C52187B41019C6C431B19520ED90150
:108120000A434401A01A81B2B2B2514303145A4324
:10813000360C734387B27743D617D21900277E4196
:1081400036049B191704160C7F185E417316ED1840
:10815000F301002680337541A90F06D16400690A36
:10816000E8055B0A184309D22FE0042294448033C7
:108170007541A90AA8059B0A184326D340414941E5
:108180002404009A019B0D005543641B4343E41AE9
:1081900095B286B27543170C7E43030C5F4392B2CF
:1081A0005A43B61802D301221204BF183204330C0A
:1081B00052197B4152429C41002C02D400220130D2
:1081C00051414008CA071043490802B06246D70728
:1081D0009210084BD218084B9A4203D21205891804
:1081E000C919F0BD0020002A01DC3900F0BD0133BF
:1081F0001905F5E7FD030000FE070000002200B5A9
:10820000203200F004F8080000BD000000220B1529
:108210000AD410B5944600F031F81414013400DA91
:108220000021CB17144C20470020002170476244E6
:10823000343A0CD40C2A07DA0400914090405242A0
:108240002032D440214310BDD843D94310BD203241
:1082500007D40C469440524220321141D040204372
:1082600010BD0800C917203203D4524220321041F9
:1082700010BD1800190010BD2F8210100A0DCC0F70
:10828000531E1B05C91A520503D3C943404200D3EC
:108290000131520D03D0531CDB0A07D0121B002002
:1082A0006400611C89078912803A1203014BD21ABB
:1082B00070470000FF03000051434343C9188C4638
:1082C000110C83B24B4310B4040C614392B280B2E0
:1082D000504362431C041B0C001910BC5941130489
:1082E000120CC018514161447047000048404140A1
:1082F00048400E4B5B6818470C4B1B6818470C4AEC
:10830000936F9B0802D2094BDB681847F0B5146ED7
:10831000556E576F166FFFF7F6FF054A14665566E0
:1083200057671667F0BD014B9B681847F8F90120A5
:10833000000000D007B548404140484001E0C04639
:1083400007B54200120E03D0FF2A03D1420218D80B
:10835000C00DC0054A00120E03D0FF2A03D14A0205
:108360000FD8C90DC9050122414005D4414001D5AE
:10837000814207BD884207BD0143491801D0C0436F
:10838000001807BD00B5FFF7DBFF01D0002000BDDE
:10839000012000BD491A002808D108467047000096
:1083A000C10FC90700D54042002817D0F44603B4D6
:1083B0000B4B1B68984706BC81409E384042803179
:1083C00007D20B0607D04900490AC00510430843ED
:1083D00060470130F8E7490A8902F5E77047000075
:1083E000D0290220014B5B6A18470000F8F90120F0
:1083F000132310B512481C78FFF7ECF80100012C8C
:108400000AD003DD80220F4800F086F80E48FFF7FF
:10841000D9F80E4B186010BD0A4C5422200000F011
:108420007BF80B4B6365A365E36523666366A36610
:10843000E36623676367A367E3672362E361E5E7B6
:1084400053460000F8F901204C330000D0290220E7
:108450005584101007B5604601880A0A0230DF2AE9
:10846000FAD1C9B2820804D30288408800041043BC
:1084700000E00068014A5050039007BDF8F9012060
:1084800070B504000A4E300005F042FC200005F0F3
:108490007DFB0500300005F00BFC002D05D0054BE1
:1084A0002C199C4201D8280070BD0348FDF7E4FB5D
:1084B00068F501200000042068DF101070B5050089
:1084C0000C000B4E300005F023FC2800210004F0C6
:1084D000DBFE0500300005F0EBFB002D05D0054B61
:1084E0002C199C4201D8280070BD0348FDF7C4FB3D
:1084F00068F501200000042068DF10100148042105
:10850000014B1847C0EF0120E5751010014B1B68A7
:1085100018470000C0EF0120014B5B6818470000BE
:10852000C0EF0120F0B5C64600B5437D07000C0042
:108530001600002B46D0002A17DD0B780A2B24D01A
:1085400000239846012E13D001252900635C0135D4
:108550000A2B26D0B542F8D1464509DCA419013CC6
:1085600023780D3B5A4253413B7580BCB846F0BD61
:108570004346E018A419F11A013C3B689847237858
:108580000D3B5A4253413B75EFE7037D002BD7D19A
:1085900002210F483B689847012EDFD001239846FF
:1085A000D2E7631E5B5C0D2BD4D0884504DA4346CA
:1085B000C91AE0183B689847022105483B68A8465D
:1085C0009847C7E70368110020009847CDE7C046E9
:1085D0000CE71010F0B5C6460B6806000C0000B59D
:1085E000802B06D05A1C2260E418267180BCB84645
:1085F000F0BD0F4B1D68002D16D00B1D98460D4F7A
:1086000002E02D69002D0FD02B68002BF9D03B68BC
:10861000002B01D0AB42F4D1280041462268FFF77D
:1086200081FF2D69002DEFD101220023DBE7C04639
:10863000B824022070290220F0B5CE46474680B506
:1086400083B06B460600DD1D2870FCF7BBFB0023E2
:10865000194A12184B41002B02DA0122174B5242E1
:1086600017490800884605F043FB164B81461C68F5
:10867000002C14D0144F02E02469002C0FD0236882
:10868000002BF9D03B68002B01D09C42F4D1200094
:1086900001222900FFF746FF2469002CEFD14B4649
:1086A000002B05D1300003B0C0BCB946B046F0BDC8
:1086B000404605F0FDFAF5E740420F00FFFFFF7F5F
:1086C00070F50120B824022070290220F0B5DE46A2
:1086D0004E4645465746E0B583B0060004F092FD8D
:1086E0000500FCF76FFB0023284A12184B41002BB2
:1086F00002DA0122264B5242264908008B4605F039
:10870000F7FA254B81461C689A46002C38D00A237C
:10871000224F984602E02469002C17D02368002BD2
:10872000F9D03B68002B01D09C42F4D120002A00F4
:108730003100FFF7F7FE6B4642462000DA71D91D83
:108740000122FFF7EFFE2469002CE7D14B46002BF6
:1087500018D153461C68002C06D06368002B0BD040
:1087600098472469002CF8D1280003B0F0BCBB4620
:10877000B246A946A046F0BD2469002CEDD1F3E72E
:108780000028F1D0584605F093FAE2E740420F0086
:10879000FFFFFF7F70F50120B8240220702902201E
:1087A0000A4A1368002B05D10CE01A001B6910322D
:1087B000002B07D08342F8D1002902D1186910603C
:1087C000196170470029FCD01060FAE7B824022034
:1087D000F0B5CE46474680B5A3B004000D00FCF7C7
:1087E000F1FA0023274A12184B41002B02DA01222A
:1087F000254B5242254E300005F07AFA0023220024
:10880000019307002B00224801A9FEF7A3FE214B8C
:10881000804699461C68019B002B1AD0002C2FD053
:108820001D4D02E02469002C0FD02368002BF9D0E5
:108830002B68002B01D0A342F4D12000019A02A999
:10884000FFF770FE2469002CEFD14B461C68002313
:108850000193002C06D06368002B0BD09847246945
:10886000002CF8D1002F07D1404623B0C0BCB94638
:10887000B046F0BD2469ECE7300005F019FAF3E7E3
:108880000194EFE740420F00FFFFFF7F70F50120EA
:10889000D5851010B8240220702902200FB400B52D
:1088A00083B004A901C90191FFF792FF03B008BC8E
:1088B00004B0184710B500F0CBF8012010BDC04639
:1088C000F0B5002915DD0E4B0D271A680D4B0E4C27
:1088D000D3185D426B41451820215B001E5F047870
:1088E000A64207D093691942FCD101301460A84216
:1088F000F5D1F0BD93691942FCD11760F2E7C0468B
:10890000F42902200080FCBFF0290220214B70B521
:1089100004000D1E1E682CDD002010211E4B013CA2
:108920001A689369194215D1013093691942FCD133
:10893000136823548542F4D1002E09D050233821E6
:108940009363536B3432194080235B0113431960E6
:10895000280070BD002E09D0502338219363536B3B
:108960003432194080235B011A4311600028F0D192
:108970000DE0002E0BD050223821074B1B689A6364
:108980005A6B343311408022520113431960032083
:108990004042DEE764240220F4290220064B10B591
:1089A0001B68002B06D00021044A12689163044A18
:1089B0001068984710BDC04664240220F4290220A4
:1089C000682402201D4BF0B51A68C64698461C4B19
:1089D0000E00D31859424B411A4F14331C000500A6
:1089E00000B53B68002807D0002B11D0164B3D6026
:1089F0001E6080BCB846F0BD002BF7D0906300210C
:108A00002000FBF7E5FA20001049FBF72BFCEDE70F
:108A100020000E49FBF702FB01212000FBF7D8FAEA
:108A20004346502238211B689A635A6B34331140F5
:108A30008022520113431960D8E7C046F42902206E
:108A40000080FCBF64240220682402209D8910104D
:108A50000C4B10B51B780C4B0C4C1B780C4B0221AB
:108A60001C202360FBF788F902211D20FBF784F905
:108A7000E12120684902FCF7BDFC01210548FFF710
:108A80008FFE10BDDCE81010D8E81010F429022089
:108A900000400340D0EF012003BDC04610B50400E4
:108AA000FBF718FDA04710BDF0B5C64600B50400A1
:108AB00086B00F200E009046FBF79CFA00210500BF
:108AC0000F20FBF785FA0023002200920193012377
:108AD000029343460393D023049605946F460024E3
:108AE0000026012102201B06002C13D01A6D104213
:108AF000FCD05C6540BF1A6D114203D120BF1A6DD6
:108B00001142FBD09A6DA24209D00026B200BC5897
:108B1000EAE79A6D1A6D1142FBD140BFE6E70136D4
:108B2000062EF3D129000F20FBF752FA06B080BCC5
:108B3000B846F0BD0D4B0E4A10B5934210D30D4A06
:108B400099181A000B4C1051FF20C00013500A4B0B
:108B50000A4813500A4B0B489A68FFF7A5FF10BD4F
:108B600001235B421A000849ECE7C04600080420D4
:108B7000D4060420F40700009D8A1010FC070000B2
:108B800000ED00E0998A1010F30700003423F0B5DF
:108B9000DE4657464E4645469A46E0B505008244B5
:108BA000504683B08946904600F07EFA28002E0099
:108BB0003C302F1D00F07AF93C004036012000F0D7
:108BC000DFFC2060012000F0DBFC606004CEE86B7D
:108BD000131D9B00C318A360544BC318591E8B412F
:108BE000DB009B18E3601034A245E7D19C220023F0
:108BF0009D209200AB50083AAB5080000432AB503D
:108C000004214B4608222818FCF7E2FBA1239B0015
:108C1000EC1808224B4604212000FCF7D9FBA520C4
:108C200080004346082204212818FCF7D1FBA92024
:108C300080004346082204212818FCF7C9FB2B00BA
:108C4000012239002868683300F032FA2B00002234
:108C500039002868E83300F02BFA2B0080226933B2
:108C600039002868FF33920500F0B8FA2B00E93389
:108C7000FF3300223900286800F0B0FA0323019383
:108C8000A1239B009B460023984616E08A4235D0DC
:108C90004E469F00626801339BB2BE508B4235D86E
:108CA0002381BFF35F8F434603608CF3108840BF7E
:108CB000019B013B0193002B2DD02B681B695800B1
:108CC000C01840088000FFF7DBFB8146002829D050
:108CD0005B46EA58EFF3108C72B61368002BFCD099
:108CE000BFF35F8F584623896289E18928589A1A11
:108CF000CCD54E1CB24652448A42C9D1BFF35F8FD5
:108D0000434603608CF3108820BFE1E7434623818C
:108D1000BFF35F8FC8E703B0F0BCBB46B246A946BD
:108D2000A046F0BD0248FCF7A7FFC0460000E0AF38
:108D30000CE01010012270B50C00110015008368C2
:108D40001600994043689D402B0045690B43AE4097
:108D5000334316008569AE4033431600456AAE4082
:108D6000856A3343AA40A0251343114AED05A95053
:108D70000B2C10D00F4A126851400F4A0B40136061
:108D80000E4B0F4958600C20FBF748F901212000D9
:108D9000FBF71EF970BD0B4A12684A4013400A4A9D
:108DA0000A491360054B18600B20FBF737F9EDE714
:108DB0000C0400001404005014140050B0240220CD
:108DC000A1EC01200404005004140050C5EC012063
:108DD0004168F8B5334BCC029C461C40A023DB0510
:108DE000474606009846CE4685688B01AD01434450
:108DF0004544E83680B51E605D6004252A4A9D60C2
:108E000014431C6194266346A94645698769EC02B0
:108E10001C407600AB01BF0143444744B046804448
:108E200046461E604E4614435F609E601C61644669
:108E3000476AA426FB0223401A43A023DB059C4675
:108E4000846A7600A401BB0163446444B44684444C
:108E500066461E605C604C469C601A6101221300ED
:108E60001400AB40BC408A4023431343A021862218
:108E700004000125C905D2008B50C16B4034FC3E73
:108E80002A00236810339A404B681A42FCD00434FD
:108E9000B442F5D101213C3000F0D6F8C0BCB9464F
:108EA000B046F8BDFDFF1FFF39851F00F0B5DE4657
:108EB000454657464E46E0B5040087B05B4900681A
:108EC00000F088FB03000133C2011B031343584A1F
:108ED00083461340019310239C46A44463460093A9
:108EE00002AB9A46A0466062251D43462968186871
:108EF00000F058FB434603241F68EE682B68B4401B
:108F0000994602222300B2403800494600F0D8FBBF
:108F10000122230052423800494600F025FC454B0F
:108F20003000FC18631E9C4106342100FAF724FF30
:108F30002100701CFAF720FF80235B020293534646
:108F4000019AB6025A6080235246DB053343D36050
:108F5000394B38009360494653465A4600F058FC56
:108F6000494601228A403B6880269343334A3B604E
:108F70002027434694467124E868D95D8300634402
:108F80001A687601224033431A60FAF70DFF2B4A24
:108F900043469446E868D95D0130830063441A680B
:108FA000334314401C60FAF7FFFE009B0435AB42CC
:108FB0009BD14446E5692A07520F93009B18204A2B
:108FC0009B009446002263441A609A60DA6009327A
:108FD0001A6107325A600C3A1A601A4AAF00DA6016
:108FE000164B9C46202398465133994667446B1C88
:108FF00014D028000421FAF7BFFE43464A46E15C3C
:109000003B682800134032003A431360FAF7CCFE65
:10901000E369013501330437AB42EAD207B0F0BC53
:10902000BB46B246A946A046F0BDC04624E7101094
:10903000FFFFFF9F0000E0AF00000E6804C001408A
:109040000000054005000500012230B5140043680A
:1090500015009C4023008468A5402B431500C4687C
:10906000A5402C000568C0691C430007400F830021
:109070001B180C489B008446802063444001184321
:10908000002907D08021890129430C601B689A437D
:10909000026030BDC021890129430C601B681A4061
:1090A0000260F6E70000054000230360037170478B
:1090B000F0B557464E464546DE460124E0B5067DEE
:1090C0000578B61A724256413F4A85B094464268C6
:1090D000019502926C4052088D689A604A68CF6888
:1090E000A8465D60394DD2022A40FF03AA463A43A2
:1090F000374D0F682A40FF023A43364FA9463D00DC
:109100001543AB46DD60856876000395019D3443C9
:10911000354346465E615E46DE614646AD006544C7
:109120001D61039DA4006D089D61C5685E626E08A7
:109130009E62294E644432409926324346461C6062
:109140001C62DA6202695E635E460398DE638046F3
:1091500060465646186448691C63C0023040CE69B8
:10916000029CF60330434E46444464198D696408FA
:109170005D649C6430400E695D658D6A9C665446F2
:10918000F60230433843D864D865486A6646C00260
:109190002040CC6A096AE40320434C46C9022040BF
:1091A000014352080F439A631E659A651E665D6609
:1091B000DF661E675D679A67DF6705B0F0BCBB4678
:1091C000B246A946A046F0BD4CED0120FD7F00FF50
:1091D000FF87FFFF99002000FFFFDFFFF0B5574634
:1091E0004E464546DE46E0B50F00012493466B4AE5
:1091F000896894468846426885B0067D0292520886
:1092000005789A607A6801975960FF686449D202CC
:109210000A40FF033A43019F66403F688A46F6B220
:10922000604976006C400A40FF02354389465E493A
:109230003A43AD00114365440F00D96081681D6158
:10924000454603915D614D084146E4B23443992699
:109250009D61C56859625946A40064441C601C6243
:109260006C089C62514C006914403443DF61DC623D
:109270004008002952D019634146596351464C4C6D
:10928000019F2243DA637A69FE69D2020A40F6033B
:10929000494632433E69039F0A40B8460299F602A6
:1092A00041448846614616433F4A019F3243196450
:1092B000B969DA6482009344454459648846594642
:1092C00019654146596551462643DE657E6A6D083B
:1092D000F6020E40F96A9863C9030E4349460E40F0
:1092E000396A9D64C902884661461966B96A2E4F7B
:1092F0008C4641460E43986537435A443443614691
:109300009D665966DF661A6759679867DC6705B01E
:10931000F0BCBB46B246A946A046F0BD41465963E3
:109320005146DF63019F234A7C69FE69E4020C40D9
:10933000F603494634433E69039F0C40B846029900
:10934000019F4144884661461964B969454488468D
:10935000F6025964144934430C4341465965514659
:10936000161D1E657E6ADC64F6020E404946DC6509
:10937000FC6A6D08E40326430E4061463C6A1966A8
:10938000B96AE4028C46084934430C431A63270047
:1093900098639D6498650832B1E7C0464CED0120A2
:1093A000FD7F00FFFF87FFFF99002000FFFFDFFF29
:1093B0001900200040ED0120F0B50F25524C0309A3
:1093C00005406557E3565B1901250540002B5ADD22
:1093D00043106B40DB4302265B001E402E437508A2
:1093E00083106B40DB4304259B001D403543AE08D2
:1093F000C3107340DB430826DB001E402E43F508F4
:1094000003116B40DB4310251B011D4035432E0922
:1094100043117340DB4320265B011E402E43831122
:1094200075096B40DB4340259B011D403543AB096B
:10943000C0115840C043FF23C00103402B4318090B
:1094400025560F20184020562D18002D16D01F0A23
:10945000E05740190230860602204740E0572B4C67
:10946000401B02301E43800663401843002D02DD7E
:1094700008601660F0BD0E601060FBE723484340B3
:1094800013600B60F6E7002B02D1002DA0D0012560
:10949000022346106E40760033401D436B08861051
:1094A0005E400423B60033402B439D08C6106E4037
:1094B0000825F60035401D43EB0806115E401023D9
:1094C000360133402B431D0946116E40202576019D
:1094D00035401D436B0986115E404023B601334081
:1094E0002B439D09C0116840C001184380230F26FB
:1094F0005B0003431D09354006406557A0572D18F2
:10950000002DA4D1BCE7C04630E71010FF020000D8
:10951000F8B55746DE4645464E46E0B5D5004F19EC
:10952000834692467D19002A24D093009946002351
:109530000E00984643465A469B00D4584B4631008D
:109540009A19E0B2FFF738FF4B46200ADA193900C2
:10955000C0B2FFF731FF4B46200C5A192900C0B2A8
:10956000FFF72AFF01239C46E04404360437043504
:10957000D045DFD1F0BCBB46B246A946A046F8BDF7
:1095800010B5064B064C82B00100009300220B235D
:109590002000FAF7ADFC02B010BDC0462CE0101060
:1095A000F8290220074B10B5984204D0064A074814
:1095B000FAF77CFC10BD064A04480431FAF776FC41
:1095C000F8E7C0460000305070E01010FD2902207E
:1095D0004CE01010F0B5DE4657464E4645468846EC
:1095E000E0B583B006000524FAF74AFC43461F792C
:1095F0001C57304B0125F3185A4253419B009946A2
:109600002D4ABD40130093464A469B5882469C46CD
:109610002023013DDB1B002C3FDB9C423ADC2B006E
:109620006246A3401A4235D1A54062466146019583
:109630002A400D422ED1002F1BD041464346497887
:109640001B780902194343469B7880251B040B4372
:109650004146C878AD01000618435300C15AA942DB
:1096600000D20919131912339B0001329951BA42E1
:10967000F3D36546019B4A461D435B4650469D50C9
:10968000FAF70AFC200003B0F0BCBB46B246A9467C
:10969000A046F0BD0948FCF7EFFA002B02DAF9E723
:1096A000013BF7D32A0061469A401C001142F7D1D2
:1096B000BAE7C0460000D0AF4C2402208CE0101066
:1096C000F0B5DE4657464E464546E0B51600DC226C
:1096D000924685B01C004B0002935B18DB00C51856
:1096E000AA445246834628001268CC300092026891
:1096F000C020CC3380015B44034380208002019270
:109700001860002C1DD08023DB0499460123D83536
:1097100098462B00E02755469A463F0203912000C9
:10972000FDF74AFF4A46430113432B60330042468C
:10973000C340134052463B431360631E1C40EED1AE
:109740000399029B5B18DB005B441A000099DC3232
:109750001160019ACC331A6005B0F0BCBB46B2462A
:10976000A946A046F0BDC046F0B5DE4657464E4677
:109770004546E0B51600DC22924685B01C004B0041
:1097800002935B18DB00C518AA44524683462800A2
:109790001268CC3000920268C020CC3380015B4458
:1097A00003438020800201921860002C1CD080238B
:1097B000DB0499460123D83598462B0055469A4636
:1097C000124F03912000FDF7F7FE4A464301134371
:1097D0002B6033004246C340134052463B43136064
:1097E000631E1C40EED10399029B5B18DB005B44B7
:1097F0001A000099DC321160019ACC331A6005B06E
:10980000F0BCBB46B246A946A046F0BD80E00000D1
:10981000F0B501258D400468AC430460002B2ED0C8
:109820004D006C18E400041926001F68C836376024
:109830005F68DC3477609F68DB68B76023606B1813
:10984000DB001D008024D035451964012C438025A0
:109850002D06256025600125124C2E008C40846069
:109860000C1DA640802408318D401F21A401044313
:10987000C0180A40D830266025600260F0BD4D0057
:109880006C18E400041926008027C8367F02376070
:10989000F8277F027760C027DC343F03B76023607E
:1098A000CDE7C04601010101F0B598235746DE46D9
:1098B0004E464546C94AE0B5D758973B1C008DB087
:1098C0003C403B4200D1B3E0136D9B059B0F00D0A1
:1098D000E1E0802209A8520001210280838004F087
:1098E0000FFAC022BE4B92001A6549229246403AB6
:1098F00091464832934608320192403A0092083A23
:109900009046B84A41230792B74AB84E0692B84AE1
:10991000B84D0592B84A0492B84A0392B84A0292E6
:109920007A0500D4A5E08022AD4BB64892051A65B1
:10993000437F09AC9B468378B0469A46C38A9946D2
:1099400000F04CFF082200212000FEF7DFFD5A4600
:109950000223A2705246637063714B46227120004D
:1099600001210B9304F0CCF9069A2C009246059A3B
:10997000079B9146049A9346039A0192029A009299
:10998000FA0600D478E0954B9D6D01232B4200D060
:10999000EDE001239A46924B9B4E99465B46032489
:1099A000C3460293B84637002E0003E00234203746
:1099B000212C19D0002E00D1D4E05546631E9D40C5
:1099C000354200D0A8E05546A5403542EED04B4682
:1099D00038009D6501F02EF8002800D07FE0AE43EE
:1099E00002342037212CE5D1029B4746D8469B46BE
:1099F000002E00D0EEE00825019A5B469246009AC0
:109A0000444691463D423AD17A0604D580211C0055
:109A1000734A09051165BB0600D5D4E0BC4200D0ED
:109A2000CCE00DB0F0BCBB46B246A946A046F0BDA6
:109A300048229246403A9146483293460832019273
:109A4000403A0092083A9046882282268025D20029
:109A5000079208320692403A059248320492083240
:109A60000392403A40230292F600ED007A0500D5B9
:109A700059E7FA0600D586E708253D42C4D0802282
:109A80000226574BD2021A65544BDB6C1E420BD197
:109A900053464C46B8E700236A4601219384138558
:109AA00009A804F02DF91CE7564809AC437FC5828C
:109AB0009B468378984600F091FE08220021200002
:109AC000FEF724FD5B46A3704346667023712000B9
:109AD00001210B954C4604F013F9534694E77B7F24
:109AE000BA78F98A380003930492059100F076FE63
:109AF0000822002109A8FEF709FD022308A84371E6
:109B00000599039B049A837102720B9109A80121A4
:109B100004F0F6F8AE4363E74B4638009D6500F06D
:109B200089FF002801D1AE434DE77B7FBA78F98ADF
:109B3000380003930492059100F050FE08220021A2
:109B400009A8FEF7E3FC022308A843710599039BCB
:109B5000049A837102720B9109A8012104F0D0F8D4
:109B6000AE4330E7029B4746D8469B4643E7254C29
:109B70006268200012681A4A936500F05BFF0028B3
:109B800002D101239D4304E7637FE68A9946A378C7
:109B9000200009AC9A4600F021FE08220021200096
:109BA000FEF7B4FC022363704B46A37053460121B9
:109BB000237120000B9604F0A3F8E2E7210013487C
:109BC0007940FCF759F88022054B120610481A65B7
:109BD000FCF752F831000F48FCF74EF80000115026
:109BE000003011504104000049040000110400003D
:109BF00009040000010400005104000059040000A1
:109C0000190400007027022090270220CCE01010D9
:109C1000B8E01010A0E0101070B500F0B9FD0C23F2
:109C20000D4C0E4DA36729000520FAF71BFB2900F8
:109C3000FF220520FAF71CFA802200219200084832
:109C4000FEF764FC03232364064B074AE364902376
:109C50000120E25070BDC04600001150A9981010BC
:109C600070270220008600207B0400007047C04659
:109C70007047C046044B186DC0239B001840431E1C
:109C80009841C0B27047C04600001150064B10B555
:109C9000186D8005800F012802D0022801D1002014
:109CA00010BD0248FBF7E8FF00001150E0E0101083
:109CB00070B50D1E50D03D23DB4CE35C8B4200D1D0
:109CC0000EE25D23E35CAB4200D1EDE17D23E35C7A
:109CD000AB4200D1CCE19D23E35CAB4200D1A9E1D2
:109CE000BD23E35CAB4200D17FE1DD23E35CAB420B
:109CF00000D15CE1FD23E35CAB4200D139E11E23DE
:109D0000FF33E35CAB4200D112E13E23FF33E35C5F
:109D1000AB4200D1EAE05E23FF33E35CAB4200D10B
:109D2000C2E07E23FF33E35CAB4200D19AE09E2386
:109D3000FF33E35CAB4200D172E0BE23FF33E35C50
:109D4000AB424CD0DE23FF33E35CAB4226D0FE2394
:109D5000FF33E35CAB4200D070BDF0235B00E25CFC
:109D6000002AF9D0FF2201215200A25C501C814040
:109D7000AE4892004165AE4920008C460021624405
:109D80005160E1540433E358E1301960F4235B007F
:109D9000E358FF30196000F021FDDDE7E0235B00B0
:109DA000E25C002AD3D0EF2201215200A25C501CB9
:109DB00081409E48920041659D4920008C460021CB
:109DC00062445160E1540433E358C1301960E42324
:109DD0005B00E358FF30196000F000FDB7E7D023C7
:109DE0005B00E25C002AADD0DF2201215200A25CC0
:109DF000501C81408D48920041658D4920008C4661
:109E0000002162445160E1540433E358A1301960E9
:109E1000D4235B00E358FF30196000F0DFFC91E7CA
:109E2000C0235B00E25C002A00D186E7CF2201213B
:109E30005200A25C501C81407C48920041657C49E4
:109E400020008C46002162445160E1540433E35801
:109E500081301960C4235B00E358FF30196000F0C3
:109E6000BDFC6AE7B0235B00E25C002A00D15EE73C
:109E7000BF2201215200A25C501C81406B4892001D
:109E800041656B4920008C46002162445160E154D9
:109E90000433E35861301960B4235B00E358FF30AA
:109EA000196000F09BFC42E7A0235B00E25C002A03
:109EB00000D136E7AF2201215200A25C501C814044
:109EC0005A48920041655A4920008C46002162445C
:109ED0005160E1540433E35841301960A4235B001E
:109EE000E358FF30196000F079FC1AE790235B001B
:109EF000E25C002A00D10EE79F2201215200A25C01
:109F0000501C8140494892004165494920008C46D7
:109F1000002162445160E1540433E3582130196058
:109F200094235B00E358FF30196000F057FCF2E621
:109F300080235B00E25C002A00D1E6E68F2201214B
:109F40005200A25C501C814038489200416538495B
:109F5000601C8C46002162445160E1540433E35894
:109F6000FF30196084235B00E358196000F036FC71
:109F7000CBE6E023E25C002A00D1C0E6FE2201210C
:109F8000A25C501C8140294892004165284920006C
:109F90008C46002162445160E1540433E358E030C0
:109FA0001960E823E358196000F018FCA7E6C02305
:109FB000E25C002A00D19DE6DE220121A25C501C59
:109FC00081401A4892004165194920008C460021C1
:109FD00062445160E1540433E358C0301960C8232F
:109FE000E358196000F0FAFB84E6A023E25C002A43
:109FF00000D17AE6BE220121A25C501C81400B48B0
:10A00000920041650A4920008C460021624451605B
:10A01000E1540433E358A0301960A823E3581960D1
:10A0200000F0DCFB61E6C0467027022000301150D2
:10A03000000011508023E25C002A00D150E69E22ED
:10A040000121A25C501C8140334892004165334994
:10A0500020008C46002162445160E1540433E358EF
:10A06000803019608823E358196000F0B7FB37E6A9
:10A070006023E25C002A00D12DE67E220121A25C51
:10A08000501C8140244892004165244920008C46A0
:10A09000002162445160E154636E60301960A36E28
:10A0A000196000F09BFB16E64023E25C002A00D119
:10A0B0000CE65E220121A25C501C814016489200F1
:10A0C0004165164920008C46002162445160E154EC
:10A0D000636C40301960A36C196000F07FFBF5E5FC
:10A0E0002023E25C002A00D1EBE53E220121A25CA4
:10A0F000501C8140084892004165084920008C4668
:10A10000002162445160E154636A20301960A36AFF
:10A11000196000F063FBD4E50030115000001150CD
:10A1200010B501210520F9F753FF10BDF0B55746D2
:10A130004546DE464E46E0B5D37808009B07990FAA
:10A1400088460F0083B0002B69D02021794B595CE1
:10A15000002900D1C6E04021595C002900D1C8E0A7
:10A160006021595C002900D1C5E08021595C00299B
:10A1700000D1C2E0A021595C002900D1BFE0C0217C
:10A18000595C002900D1BCE0E021595C002900D1D4
:10A19000B9E080214900595C002900D1B5E0902147
:10A1A0004900595C002900D1B1E0A0214900595C67
:10A1B000002900D1ADE0B0214900595C002900D14F
:10A1C000A9E0C0214900595C002900D1A5E0D021B7
:10A1D0004900595C002900D1A1E0E0214900595C07
:10A1E000002900D19DE0F0246400195D002900D110
:10A1F00099E0FF214900595C4F4DCE001C1975199B
:10A20000A5604E4D8901AC464D4D6644AC464D4D62
:10A2100061444D40AC46B3466660E1600BE0454B9F
:10A2200049494A4E99604A49B346D960C02149001C
:10A230008C461C005E6015799178A9465579927913
:10A240004E4692467F222D020A403543A170CE0928
:10A2500051425141E1704146E17661466D05BF06CC
:10A260006D0D0F43A021258355460906B146607741
:10A2700066703943002D31D15D462960012121707E
:10A280009C4223D04B4615040543002B02D180236A
:10A290009B041D432F4B1E6DB605B60F012E02D039
:10A2A000022E43D1002600F0F1FCB04202D0802300
:10A2B000DB041D432749A37F8C469A006244556006
:10A2C000012201339A401300234A5365012003B051
:10A2D000F0BCBB46B246A946A046F0BD013D2D04E8
:10A2E0002943C9E70124611E6401C9B21D19A97778
:10A2F00082E70224F7E70324F5E70424F3E70524C3
:10A30000F1E70624EFE70724EDE70824EBE709244B
:10A31000E9E70A24E7E70B24E5E70C24E3E70D244B
:10A32000E1E70E24DFE7D23CFF3CDCE70B48FBF71C
:10A33000A3FCC0467027022088001050080010506F
:10A34000000210500000105080001050000110500A
:10A35000800110500000115000201150E0E010105A
:10A36000F0B54F46D6464646C0B582B098466B46D5
:10A370001B8D0D009A467F231F00D1098946C24CD0
:10A380001740134200D19DE05F3BE35C002B04D0FB
:10A390003D23E35CAB4200D107E14023E35C002BAB
:10A3A00004D05D23E35CAB4200D10AE16023E35CAF
:10A3B000002B04D07D23E35CAB4200D108E1802375
:10A3C000E35C002B04D09D23E35CAB4200D106E1AB
:10A3D000A023E35C002B04D0BD23E35CAB4200D19F
:10A3E00004E1C023E35C002B04D0DD23E35CAB423B
:10A3F00000D102E1E023E35C002B04D0FD23E35C09
:10A40000AB4200D100E180235B00E35C002B05D070
:10A410001E23FF33E35CAB4200D1FCE090235B00E2
:10A42000E35C002B05D03E23FF33E35CAB4200D15D
:10A43000F9E0A0235B00E35C002B05D05E23FF3333
:10A44000E35CAB4200D1F6E0B0235B00E35C002BA1
:10A4500005D07E23FF33E35CAB4200D1F3E0C023A1
:10A460005B00E35C002B05D09E23FF33E35CAB4233
:10A4700000D1F0E0D0235B00E35C002B05D0BE23CD
:10A48000FF33E35CAB4200D1EDE0E0235B00E35C33
:10A49000002B05D0DE23FF33E35CAB4200D1EAE0C2
:10A4A000F0235B00E05C002806D0FE23FF33E35C72
:10A4B0000020AB4200D1F1E002B0E0BCBA46B146A8
:10A4C000A846F0BDA3782600934242D04B46F17EC9
:10A4D00073707B427B41B270F370F2686B4B8906FC
:10A4E0005340A0220B431206134372687577136022
:10A4F00001233370A6422CD04B463F042F43002B40
:10A5000002D180239B041F43614B1C6DA405A40F43
:10A51000012C03D0022C00D0C8E00024280000F059
:10A52000B5FBA04202D08023DB041F435849B37F10
:10A530008C469A0062445760012201339A4013000E
:10A54000544A536530005246414600F0DDF901207F
:10A55000B2E752462000414600F0D6F94E464E4A38
:10A56000032494464A4B3F042F431F601B6D013E5A
:10A57000A6431B0A66441C40012C03D0022C00D0C9
:10A5800094E00024280000F081FB031B5A1E934135
:10A590009B0133430122190091433D4AD1640C21B0
:10A5A0000339FDD20120D36486E72223E35C934282
:10A5B00000D0F2E601267601A619B3789342C1D005
:10A5C00084E74223E35C934200D0EFE60226F2E701
:10A5D0006223E35C934200D0F1E60326EBE782239B
:10A5E000E35C934200D0F3E60426E4E7A223E35CB5
:10A5F000934200D0F5E60526DDE7C223E35C9342F3
:10A6000000D0F7E60626D6E7E223E35C934200D0CB
:10A61000F9E60726CFE781235B00E35C934200D095
:10A62000FCE60826C7E791235B00E35C934200D079
:10A63000FFE60926BFE7A1235B00E35C934200D05D
:10A6400002E70A26B7E7B1235B00E35C934200D040
:10A6500005E70B26AFE7C1235B00E35C934200D024
:10A6600008E70C26A7E7D1235B00E35C934200D008
:10A670000BE70D269FE7E1235B00E35C934200D0EC
:10A680000EE70E2697E7C046702702200000105004
:10A69000000011500020115009860020F1235B00BA
:10A6A000E35C0F26934200D006E784E70148FBF7FE
:10A6B000E3FAC046E0E0101010B5224B0800117814
:10A6C0008024197051786400597091789970D1780C
:10A6D000D970117919715179597191799971D2792A
:10A6E0001949DA71194B1A4AD96000219A605970D8
:10A6F000184AD97618495C805A605877116001224F
:10A7000008211A7099829A76144B18601C6DA40562
:10A71000A40F012C02D0022C11D1002400F0B6FAB3
:10A72000A04209D00E4A0F490C4BDA640C22033ABE
:10A73000FDD20120D96410BD0B4A0C49F4E70C4846
:10A74000FBF79AFA00001050800110507027022089
:10A750008000105000011050800100A00000115036
:10A7600042860020438600200286002003860020C7
:10A77000E0E010107F21C209034B9200014010B5A8
:10A78000D2580248FBF778FAE8EF0120F0E0101009
:10A7900080220D4B520410B51A600C4B0C491A6004
:10A7A00010008B689843FBD19C2200210948FDF7DB
:10A7B000ADFE8022002152010748FDF7A7FE0923C4
:10A7C000044A536710BDC04600E0004000F000405E
:10A7D00000C000400000115000001050002383769C
:10A7E000436103617047C046F0B5C64600B5436893
:10A7F000028B1F68838A0400161C9A4200D91E1C13
:10A80000E27880211500681E8541B6B2C900314347
:10A810006D030D4301214A409B1BE27062789BB29D
:10A82000A382002A4AD0002B02D18022D2011543F4
:10A83000802252011543304A116CA278890713D542
:10A84000520613D02D4B1F4080239B051F43636886
:10A850001F60A3681A6852054BD4294A2A401A601F
:10A860001D6080BCB846F0BDD209EBD0002BE9D00A
:10A87000228B111C9A4200D9191C8AB28021C9006E
:10A8800011439B1A9046E2789BB21600701E8641D7
:10A8900076030E4301214A40E2706278A382002AC7
:10A8A00019D0002B02D18023DB011E43154B360447
:10A8B0003B40A027FF0535431F43C8E73200E0684F
:10A8C0002169FDF729FE23699B19236180231B025F
:10A8D0001D43A38AA7E7E068424621694030FDF79F
:10A8E0001BFE23694344236180231B021E43A38A6A
:10A8F000D7E7A078FFF73EFF00001150FFFFFFAF42
:10A90000FFFBFFFFFFFFFFDFF0B5C646002300B5EA
:10A91000C38201338376436804001F68038B01619F
:10A920001E1C934200D9161C8020B6B2921B93B213
:10A93000E278C000304315008446681E85416046B9
:10A940006D03054301204240E2706278A382002A31
:10A950004AD0002B02D18022D2011543802252011D
:10A960001543304A116CA278890713D5520613D0CB
:10A970002D4B1F4080239B051F4363681F60A36806
:10A980001A6852054AD4294A2A401A601D6080BCC0
:10A99000B846F0BDD209EBD0002BE9D0228B111CB8
:10A9A0009A4200D9191C8AB28021C90011439B1A0E
:10A9B0009046E2789BB21600701E864176030E43E5
:10A9C00001214A40E2706278A382002A18D0002B4D
:10A9D00002D18023DB011E43154B36043B40A027E8
:10A9E000FF0535431F43C8E73200E068FDF794FDDB
:10A9F00023699B19236180231B021D43A38AA8E7B7
:10AA0000E068424621694030FDF786FD23694344F2
:10AA1000236180231B021E43A38AD8E7A078FFF797
:10AA2000A9FEC04600001150FFFFFFAFFFFBFFFF74
:10AA3000FFFFFFDF70B5867E0400002E4AD08368DA
:10AA40001A681D684378AD05AD0D002B19D1C38A76
:10AA5000EB189BB2C382218B62688D4204D2002323
:10AA6000A3821368300070BD1268520001D58D4278
:10AA700014D0A38A002BF5D02000FFF7B5FE0026E6
:10AA8000F0E72A000069E168FDF746FDE38A2269E4
:10AA9000EB189BB25219E3822261DCE7A2681568C9
:10AAA0006278AD01AD0D002A06D15B19E3828D42BB
:10AAB000DFD20023A382D5E7E1682A004031206974
:10AAC000FDF72AFDE38A218BEB18E38223695B19EA
:10AAD0002361ECE781787F20CA09034B9200014093
:10AAE000D2580248FBF7C8F8E8EF012010E1101037
:10AAF000C27843691A707047F0B5C64600B50400C5
:10AB00000138C3B20D008AB0052B00D996E056215A
:10AB100041434C4BCF5C002D23D14B4E737DD9B2BA
:10AB2000022B48D0032960D0012916D1F388002BCD
:10AB300041D0464D0239286803F0D2F80223286834
:10AB4000737503F0B5F880213278B3680A40F18854
:10AB5000380000912100FFF703FC0AB080BCB84622
:10AB6000F0BD394F02AB3A00984603CA03C3112027
:10AB70001E00022200216844FDF7C8FC3470F57005
:10AB8000FB8A012173604346B360BB682F4CF360BE
:10AB9000FB68494233613B692068736103F0A0F8A8
:10ABA000002320687B7503F083F83369002BD4D031
:10ABB00030009847D1E70121244D92B249422868DC
:10ABC000F28203F08DF803232868737503F070F8A0
:10ABD000012332782100D2095A400023D2013800E3
:10ABE000D2B20093FFF7BCFBB7E7320002AB984646
:10ABF00003CA03C311201F00022200216844FDF78D
:10AC000085FC3C70FD70F38A01217B604346BB608C
:10AC1000B3680E4CFB60F36849423B6133692068BE
:10AC20007B6103F05DF82068757503F041F83B69BE
:10AC3000002B00D191E7380098478EE7044B1F782E
:10AC400069E7C0467821022020FE01207C230220F3
:10AC500038FE01200023013810B513800B80C3B2E9
:10AC6000052B0FD856246043074B1B181C79A407EB
:10AC7000E00F002C05DADC88002C03D00C801B8947
:10AC8000138010BD0020FCE7782102200138C3B2F8
:10AC9000052B05D856224243034B9B18D8787047A2
:10ACA000024BD878FBE7C0467821022038FE01200D
:10ACB000F8B54746CE4680B53B4F05003B78FF2BA5
:10ACC00004D00120C0BCB946B046F8BD374C2000C6
:10ACD000143CF9F735FC200002F074FA344B1C6088
:10ACE000344C2000F9F710FC334B344E1C60344BCD
:10ACF000002B04D0300000E000BF324B186005226A
:10AD000000213148FDF702FC8122304C00219200E5
:10AD10002000FDF7FBFB182200212D48FDF7F6FB74
:10AD200081239B009846A044562200212000FDF775
:10AD3000EDFB20000822FF210D30FDF7E7FB20008E
:10AD40002022FF2115305634FDF7E0FBA045EBD162
:10AD50002049002489461B4900238846327810E0A8
:10AD60004346A1001B68091989005B18002B02D01B
:10AD70001B68984732780134E4B2911C2300A14249
:10AD800007DBA242ECD89A1A93009B189B004B4415
:10AD9000EEE728003D70FEF73FFF002892D0280024
:10ADA000FFF7BEF98DE7C0460CF0012004F001204A
:10ADB00088230220802302207C230220FA290220FB
:10ADC000000000001CFE012038FE01207821022036
:10ADD00020FE012074E71010F0B5CE46474680B53E
:10ADE0004378040083B0002B06D18368002B03D086
:10ADF000394D6B7D002B06D00026300003B0C0BC5F
:10AE0000B946B046F0BD0121344E0378494230685E
:10AE1000984602F065FF6B7D3668DAB2002B24D1CC
:10AE200001236B7543462B75A168EA82280008222E
:10AE3000FDF772FBE3683000AB602369EB60636988
:10AE40002B6102F035FF4346591ECBB2052B3FD88C
:10AE500056224A43224BD05C2369002B09D02A009A
:10AE60004146FFF729FC0600C7E7300002F020FF4B
:10AE7000C2E76B46DF1D04233B701A4B2A00414694
:10AE80002F61EB60FFF718FC061EB5D0164B9846F5
:10AE9000164B99463B78042B10D143461B78FF2B69
:10AEA000F8D04B46186802F0E5F80028F2D1434686
:10AEB0001B78FF2BEED000F01DF8EBE76369002B49
:10AEC00001D03A781A703B78E370EB8A636094E7BC
:10AED000074B1878C0E7C04620FE01207C230220E3
:10AEE00078210220F1AA10100CF001208823022002
:10AEF00038FE0120F0B54E46DE4657464546B54B76
:10AF0000E0B59B4695B00BAB9946B34B5F469B466D
:10AF1000B24E3C686269EFF3108172B61368002B81
:10AF2000FCD0BFF35F8FA1612000494602F0AAF870
:10AF30006269A369BFF35F8F0021116083F31088FA
:10AF4000002800D114E14B465B78022B6ED061D80B
:10AF5000002B7CD04B461B78002402934B461B7978
:10AF60005D4603934B465B79B246049300239846B3
:10AF70003B004746984604E001375635062C00D181
:10AF80008DE02B78029A0134E4B29342F4D1562337
:10AF90007B435B441B79DB07EED5039A002A02D082
:10AFA0006B789342E8D1049A002A02D0AB7893429E
:10AFB000E2D1062C00D15EE1894B002B02D02000AB
:10AFC00000E000BF874888490590884806970795A4
:10AFD000002300260D0007000A7811E0B1003B684D
:10AFE000891989005B18002B03D020001B69984742
:10AFF0002A780136F6B2911C33008E4200DDBEE0A5
:10B000009642EBD39A1A93009B18059A9B0094469C
:10B010006344EAE7032B00D07BE74B465B68002BD9
:10B0200000D176E74A469068984772E74B464A4611
:10B0300019797F2390780B4000283AD1002B00D05B
:10B0400096E04B469A685979FFF756FD61E73379E8
:10B05000002B6FD1012333714B4618781C795B7933
:10B0600030707470B370002C57D1FEF7FFFD3220A2
:10B07000F9F758FD3078FEF7FBFDE1204000F9F7C5
:10B0800051FD3078FEF7F6FD002800D0B8E03071B1
:10B090007078002800D13CE701F0BEF839E74B4654
:10B0A000187947465646002800D132E701F0B4F837
:10B0B0002FE7421ED4B2052C5AD8562555435A467E
:10B0C00052191279D20753D55A0052195A44904650
:10B0D000CC09A0444446012230346579954365711A
:10B0E0006579033295436571002BAAD043463E4AE9
:10B0F0005B7D1278934200D2B3E0941C9C4237DB14
:10B100009B1A9C00E418374BA400E4184B464A46AF
:10B110009B685279E468A047FBE6E12002244000E6
:10B12000F9F700FDB1787078314B324A009401F0A4
:10B1300003F8EEE6386801F09DFF3C68050062699F
:10B14000EFF3108172B61368002BFCD0BFF35F8F52
:10B15000A1612000494601F0E3FF6269A369BFF3E2
:10B160005F8F0021116083F31088002D00D1D0E69D
:10B1700015B0F0BCBB46B246A946A046F0BD079D3F
:10B1800021000298069FFEF793FD56220021280019
:10B19000FDF7BCF928000822FF210D30FDF7B6F9B4
:10B1A00028002022FF211530FDF7B0F9124E337D23
:10B1B000A34200D0E0E60121104B494218680593F4
:10B1C00002F08EFD00237375059B186802F070FD78
:10B1D000D2E6C046882302207821022038FE0120D2
:10B1E0000000000074E71010FA2902201CFE012064
:10B1F000E1B210107820022020FE01207C230220E2
:10B200003078FEF743FD2B4BF0701C7006AB9C466C
:10B210002220052200216044FDF778F96A46264B7A
:10B22000002113870823307893870EAAFEF77EFF4C
:10B23000002800D16DE6214B0822099380230021CC
:10B240001B030EA80A93FDF761F909AB10931C4B81
:10B250000EA811931B4B129307231393FFF7BCFD0A
:10B2600057E6194A9C00E31814689B00E418002C68
:10B2700000D04BE77CE7029B0EA90B7001234B70BB
:10B2800043461E688C807269EFF3108072B61368B3
:10B29000002BFCD0BFF35F8FB061300001F040FFA6
:10B2A0007269B369BFF35F8F0021116083F3108867
:10B2B00088E6C046FE29022007050000800600013E
:10B2C00078200220E1B210101CFE012010B5034BC3
:10B2D0001B78FF2B01D0FFF70DFE10BD0CF00120F5
:10B2E000F0B5DE4657464E464546E0B5C178040007
:10B2F0008FB000290AD1D44B19700378994643695D
:10B300000C2B07D8D14A9B00D3589F46CE4A1378BE
:10B31000022B0CD90022CE4B58781A7100281CD170
:10B320000FB0F0BCBB46B246A946A046F0BD013303
:10B3300064201370F9F7F6FB2000FFF74DFDEFE7EF
:10B3400001221000C34B197808400A4200D0B5E131
:10B35000BF4B187158780028E2D000F05DFFDFE79E
:10B3600004AB9C461220052200216044FDF7CEF874
:10B370006A46B94B0021138408239384B44B08AA6E
:10B380001878FEF7D3FE0028CAD0B44B08220693E3
:10B39000802300211B0308A80793FDF7B7F806AB2D
:10B3A0000A93AC4B08A80B93AD4B0C9307230D935A
:10B3B000FFF712FDB4E706243220F9F7B3FBA448E7
:10B3C000A74B8178A34A4078009400F0B5FEA7E728
:10B3D000A04B9B78DB06A3D59D4AA14B9178507872
:10B3E000072200920D3200F083FE99E7994B1A79FB
:10B3F000092A00D177E19B4A01201179C90716D5A6
:10B400005A21515CC90700D44FE2B021515CC907F1
:10B4100000D43EE283214900515CC90700D43AE2DE
:10B42000AE214900515C0520C90700D578E75621B7
:10B43000441E61435218864906AD0C8814800124CD
:10B4400049885180117921431171DB7908AC53711E
:10B45000A023DB002B800023688010220021200025
:10B460000793FDF753F87E4B20000C9308230A95B1
:10B470000D93FFF7B1FC53E783689F787B1EDAB228
:10B48000052A00D94CE7562602225E43754D00215D
:10B49000AC192379134323716D4B1878FEF708FC20
:10B4A00063791220984604AB9C4605220021604433
:10B4B000FDF72CF8684B08AC238043462200390086
:10B4C000705DA380FEF732FE002800D128E7634BB1
:10B4D00008220693902300215B0320000793FDF7C9
:10B4E00015F806AB27700A935A4B20000B935C4B60
:10B4F0000C9309230D93FFF76FFC11E74B46591E80
:10B50000CBB2052B00D90BE756224A43514D554B80
:10B5100028899918C880688908AC0881E8890822B8
:10B5200048812B7C20000B734F4B00210693902306
:10B530001B030793FCF7EAFF4B46237006AB0A9305
:10B54000474B20000C930A230B950D93FFF744FC07
:10B55000E6E680223F4D52006B88934200D9DFE639
:10B56000414A06AE0692002208ACB280F380002168
:10B5700020000832FCF7CAFF4B462370384B2000EE
:10B580000C930B230A960B950D93FFF725FCC7E64A
:10B590004B46013BDAB2052A00D9ADE056275F439E
:10B5A000304BFF182B4B5E881D78F618ED18AE4215
:10B5B00000D8ADE02D4BB8469A462D4B0496039328
:10B5C0002C4B9B466B7801260B2B03D12B78EE7806
:10B5D000ED186B78042B00D0A2E6049B31005A1BB7
:10B5E000280092B201F020FD082800D898E65346C2
:10B5F00047461A78A84600244D4600238146059602
:10B6000018E05B46A1001B68091989005B18002B34
:10B610000AD05E6842464B4629003878B047002879
:10B6200000D08BE053461A780134E4B2911C230019
:10B630008C4263DC9442E4D39A1A93009B18039AD9
:10B640009B0094466344E4E7FE29022040E7101083
:10B6500038FE012078200220070500008006000146
:10B66000E1B210107821022080060002FA2902209F
:10B6700074E710101CFE01204B465C1EE3B2052B44
:10B6800000D94DE65623042563438B4A8B4ED318CD
:10B6900018795F7B28431871894836680078851CC3
:10B6A00087426BD3AF426FDC3F1ABB00854ADB1980
:10B6B0009B009B1848469B68984731E658780221C2
:10B6C000440701D4410811407F4A9B78D170DB06C2
:10B6D00000D425E69178507803227C4B00921132F9
:10B6E00000F006FD1CE6D921734A4900515C062092
:10B6F000C90700D514E69AE6002753E74B46A9464A
:10B700004546B8461F00049BED19AB4200D959E7E6
:10B710006F4B08AC069300231022002120000793F2
:10B72000FCF7F4FE4B46237006AB0A93674B2000F0
:10B730000C930C230D93FFF74FFBF1E54B46059E51
:10B74000A9464546B8461F00002E0FD0AB784046AC
:10B75000F618F6B204E00133DBB25473B34204D0FE
:10B76000C218517BFF29F6D0DAE580464046230017
:10B770003A002900153001F03DFCC4E7BB00DB199D
:10B780009B00F318002B95D156236343D3189F7B5E
:10B79000874253D30121AF4286DD56236343D3183A
:10B7A000DF7BB84252D80221BD4200DB7CE7562342
:10B7B0006343D3181F7CB84250D80321BD4200DB3D
:10B7C00072E756236343D3185F7CB84251D80421F3
:10B7D000BD4200DB68E756236343D3189F7CB84221
:10B7E0004FD80521BD4200DB5EE756236343D318E3
:10B7F000DF7CB84251D80621BD4200DB54E7562316
:10B800006343D218177D874251D214237B43F31828
:10B810000721002B00D04DE700222B4B58781A71DE
:10B82000002823D14B46062B00D179E5294B002B6C
:10B8300000D175E5484600E000BF71E5BB00DB19AB
:10B840009B00F318002BA8D0012133E7BB00DB19C4
:10B850009B00F318002BAAD002212BE7BB00DB19B9
:10B860009B00F318002BACD0032123E700F0D4FC9D
:10B87000D8E7BB00DB199B00F318002BABD00421E9
:10B8800018E7BB00DB199B00F318002BADD0052196
:10B8900010E70320CBE50420C9E5BB00DB199B00C2
:10B8A000F318002BABD0062104E70220BFE5BD4210
:10B8B000B2DB0721F8E6C046782102201CFE0120F9
:10B8C000FA29022074E7101038FE0120E1B21010AE
:10B8D00000090100000000000138C3B2052B04D8A4
:10B8E00056224243024BD05C7047024B1878FBE76C
:10B8F0007821022038FE012000487047782002207D
:10B900000138C2B270B5052A17D8562242430C4CF2
:10B91000A3181B79DB07D80F002B00D170BD7F2047
:10B92000084B08401D68CB0935334000C01880180B
:10B930002900001901F0DCFAF0E70020EEE7C0462C
:10B94000782102207C2302200138C2B270B5052A7A
:10B9500017D8562242430C4CA3181B79DB07D80F8B
:10B96000002B00D170BD7F20084B08401D68CB091B
:10B9700035334000C01880182900001901F0E0FAA2
:10B98000F0E70020EEE7C046782102207C23022069
:10B99000F0B5C64600B505000138C4B2984682B07D
:10B9A000052C0DD856237F2458430C40134F6400B8
:10B9B0002418CE093C19A41930346679F60704D549
:10B9C000002002B080BCB846F0BD01239C4663460F
:10B9D00066791E4343466671C05D009313000A00FA
:10B9E0002900FEF7BDFC0028EBD1012263799343C7
:10B9F00063716379033293436371E1E77821022035
:10BA0000F8B5431EDAB204000D00052A11D85626F7
:10BA10005E430C4F2800BB19D97801F0ADFA00281D
:10BA200005D0F05D2A002100FEF780FBF8BD002064
:10BA3000FCE7054E2800F17801F09EFA0028F6D0C8
:10BA40003078EFE77821022038FE0120F0B5574624
:10BA50004E464546DE46E0B583B00CAC1E0008CC31
:10BA600007009A462388394C8846657D91469B4657
:10BA7000002D08D00025280003B0F0BCBB46B2461C
:10BA8000A946A046F0BD0121314D4942286802F087
:10BA900027F9637D2868DAB2002B26D1012363756C
:10BAA0002C4BE28223804B461A024346A3805B461E
:10BAB000E3805346A3600E9B3243E3600F9B2775E0
:10BAC0002361628002F0F4F8791ECBB2052B3AD8DC
:10BAD00056224A43204BD05C0E9B002B08D02200FC
:10BAE0003900FEF7E9FD0500C5E702F0E1F8C1E71E
:10BAF0006B46DE1D04233370184B2200390026618B
:10BB0000E360FEF7D9FD051EB4D0154B154F9846DE
:10BB10003378042B0ED13B78FF2BF9D043461868BD
:10BB200001F0A8FA0028F3D13B78FF2BF0D0FFF703
:10BB3000E1F9EDE70F9B002B02D01A003378137068
:10BB40003378E38A97E7084B1878C5E720FE012091
:10BB50007C2302208106000078210220F1AA101027
:10BB6000882302200CF0012038FE0120F0B50400EB
:10BB7000C646631EDAB2080000B5052A00D98EE079
:10BB800056225A435C4BD218411CC9B2072900D92E
:10BB9000A2E05A4B1D78AB1C9846594B1F685318AE
:10BBA0005B7B9D425DD99E00B44663449B00FB18BD
:10BBB000002B5ED1811CC9B2082943D053185B7B8E
:10BBC0009D425CD898454EDAC11CC9B2082939D0CB
:10BBD00053185B7B9D425AD8984544DA011DC9B27F
:10BBE00008292FD053185B7B9D425DD898453ADADF
:10BBF000411DC9B2082925D053185B7B9D425BD8F3
:10BC0000984530DA811DC9B208291BD053185B7BD7
:10BC10009D4259D8984526DAC11DC9B2082911D0CC
:10BC200053185B7B9D425AD898451CDAFF2809D1EE
:10BC3000127DAA425BD293009B189B00FB18072140
:10BC4000002B16D100222F4B58781A71002828D1CA
:10BC5000052C11D82C4B002B0ED0200000E000BF8B
:10BC60000AE09845A6DB5D1BAB00284A5B199B00E8
:10BC70009B1820009B68984780BCB846F0BD9E008A
:10BC8000B44663449B00FB18002B9DD0F1E79E0057
:10BC9000B44663449B00FB18002B9FD0E9E70022C9
:10BCA00072E700F0B9FAD3E79E00B44663449B0004
:10BCB000FB18002B9CD0DCE79E00B44663449B003D
:10BCC000FB18002B9ED0D4E79E00B44663449B0033
:10BCD000FB18002BA0D0CCE70829CDD1B2E79E00FD
:10BCE000B44663449B00FB18002B9FD0C1E71300B0
:10BCF0009045A7DB0721B6E778210220FA29022028
:10BD00001CFE012038FE01200000000074E7101026
:10BD100070B5C37884B0002B12D101AC057883686C
:10BD200000210C2220001E79FCF7F0FB2800FFF711
:10BD3000D3FD0021207020002571667101F0E0FF25
:10BD400004B070BD10B5C37882B0002B0CD1007860
:10BD50000649841F2401221D5218091949780193AC
:10BD600000930133FFF714FE02B010BD98290220A2
:10BD700070B5C57888B0002D1AD106780D4BB21F6A
:10BD800012019B180C4A02AC927800219A700B4B5E
:10BD900010220093012320000193FCF7B7FB6B46B0
:10BDA0000493074B2000267006930795FFF714F8BD
:10BDB00008B070BD9829022040FE0120230308002E
:10BDC000C5BD1010F0B5C4788BB0002C28D18368A5
:10BDD00005781A791B4F5B79AE1F36011B02B91922
:10BDE00013438A789A421DD00133DBB21A00511EE8
:10BDF0008A41032152421140134A04AE0A4302AF62
:10BE00000292002110223000BB80FC80FCF77EFBF8
:10BE10000E4B30003570069708930994FEF7DCFF4F
:10BE20000BB0F0BD321D497801232800D2190194CE
:10BE30000094FFF7ADFD0028F2D02800F15DFFF778
:10BE400095FEEDE79829022020030800C5BD1010DB
:10BE5000F0B5C57889B0002D28D101278368067810
:10BE60001C795979B21F1B4B12019B181B7A0902CE
:10BE700021431F421CD0631E9C4103236442234084
:10BE8000154C6F461C43FF23009402AC0B4010225C
:10BE900000212000BB80FD80FCF738FB0F4B267093
:10BEA0002000049706930795FEF796FF09B0F0BDB2
:10BEB00002AD0C2200212800FCF728FB3000FFF720
:10BEC0000BFD002128706F7028002E716C7101F03D
:10BED00017FFEBE7982902202003040011BD101082
:10BEE00070B5C37888B0002B10D183681C79002C02
:10BEF0000CD105781A4AAB1F1B019B1801221600B2
:10BF00009B791E401A4216D19B0701D408B070BD20
:10BF100002AC144B10220021200000930196FCF784
:10BF2000F5FA6B46257004930F4B20000693079695
:10BF3000FEF752FFEAE7902302AE5B0000213000DB
:10BF40000F3200930194FCF7E1FA6B4635700493CD
:10BF5000054B300006930794FEF73EFFD6E7C04638
:10BF6000A02902202001010045BD1010F0B5CE46E9
:10BF7000474680B5C5788BB0002D30D1012283684B
:10BF800004785879197900028C4608431100504F03
:10BF9000A61F3601BB199B7A194088461A4223D145
:10BFA000022215001D401A425ED1042211001940E0
:10BFB00088461A4235D1082215001D401A4200D089
:10BFC00075E0DB0600D57AE00023321DBE197178DA
:10BFD000200001930093BA180133FFF7D9FC0BB08E
:10BFE000C0BCB946B046F0BD61464B1E99414A42BD
:10BFF0000321FF231140374A02AF034004AE0A4336
:10C0000002920021BB8010223000FD80FCF77EFAF6
:10C01000314B34703000069708930995FEF7DCFE2B
:10C02000DDE761464B1E9941013A49422B4B0A40DC
:10C030001343029302AB9946FF234A460340938081
:10C0400004AB9846D580002110221800FCF75EFA58
:10C0500043464A469A6042461C70214B4046136153
:10C060005561FEF7B9FEAFE761464B1E99410132BB
:10C0700049421C4B0A401343029302AB9946FF23EB
:10C080004A46034093804B46424604ADDA80002185
:10C0900010222800FCF73AFA4B462C700693104BFE
:10C0A0002800089343460993FEF796FE8CE7614605
:10C0B0004B1E9941053A49420B4B0A40DBE761466A
:10C0C0004B1E994103234A421A40084BB0E7C04631
:10C0D000982902202001100051BE101020011200EA
:10C0E00045BD101020011100200113002001140093
:10C0F000F0B51E000B000700581E834103205B4271
:10C100001840902389B06D465B0003432B800023C9
:10C1100002AC6A80A980102200212000EB80FCF78D
:10C12000F5F90E9B20002770049506960793FEF7FD
:10C1300053FE09B0F0BDC046F0B51D000B0016005F
:10C140005A1E93410324C6465B421C40A02300B5FF
:10C1500088B01C436B466A4699800423009402AC65
:10C1600007000021D38020000822FCF7CFF96B469E
:10C1700004930E9B20002770059606950793FEF703
:10C180002BFE08B080BCB846F0BDC04610B51022EA
:10C1900000210248FCF7BAF910BDC04698290220D8
:10C1A00070B5140052790D00092A10D1A279002A25
:10C1B0000DD1E279012A0AD80F2B08D92678A619C1
:10C1C0007378052B03D1F378DB439B0701D0002064
:10C1D00070BD31002800FFF713FC0028F7D0A278CB
:10C1E000034B063D2901CA54B2785B185A70EFE739
:10C1F0009829022010B5052806D9064A06380001FC
:10C2000010184378002B00D110BD10220021FCF73C
:10C210007DF9F9E798290220811F084B09010A1DC1
:10C22000D2185B185978002300B583B001930093AE
:10C230000133FFF7ADFB03B000BDC04698290220D3
:10C2400070B5821F0F4B1201D35C040088B0002030
:10C250008B4201D008B070BD6A460B4B6E4603CBD3
:10C2600003C21500002118222800FCF74FF9074BE4
:10C270002800EB60064B2C70AE602B61FEF7ACFD26
:10C28000E8E7C04698290220B0E7101040FE0120E0
:10C2900071BD1010F0B54746CE4680B506001700B8
:10C2A0008BB0002A00D06EE03D4B841F24019846DD
:10C2B000A146C1444B461D79002D66D0EB0737D40B
:10C2C0004B469A7801200123002A04D155E001331E
:10C2D000DBB2934251D82900D9400842F7D0190067
:10C2E0004A1E9141032249420A40A0210A43029278
:10C2F00002AA93800423914604ADD3800021082232
:10C300002800FCF703F94B462E7027000693254BB7
:10C310000837089300234744280007970993FEF73E
:10C320005BFD002829D1221D4444617842441EE06F
:10C33000A0230293802304ADDB0208220021280001
:10C340000393FCF7E3F802AB2E70069323000C3343
:10C3500043440793144B280008930997FEF73CFDCC
:10C3600000280AD14B4604342200597842440190F7
:10C37000009001233000FFF70BFB01200BB0C0BC85
:10C38000B946B046F0BD0020F8E7043422005978E1
:10C390004244012301950095FFF7FAFAEEE7C04603
:10C3A000982902206DBF1010E1BE1010F0B5D646DE
:10C3B0004F464646C0B58268040053788CB00A3BAD
:10C3C000012B02D9C378002B16D1644D537917790C
:10C3D00026782A781B023B43B2421CD09022AA5CEA
:10C3E000B24242D090225200AA5CB24245D0D8223A
:10C3F0005200AA5CB24205D00CB0E0BCBA46B146CD
:10C40000A846F0BDB222FF32AA5CBA42F4D10322A0
:10C410009146904605E06A78BA42DFD10022914603
:10C420009046002EE8D06269022A70D02ED8002AE9
:10C430004ED04346DB0043441B01EB185B78484A6F
:10C4400004AD0492AB80002306ACEB8010220021E7
:10C450002000FCF75BF8434B26700A930223200070
:10C4600008950B93FEF7B8FCC6E79122AA5CBA4286
:10C47000B8D1012291469046D3E72222FF32AA5C2E
:10C48000BA42B4D1022291469046CAE7032AB3D1F8
:10C49000FFF732FA4346DB009A4643441B01EB5C4C
:10C4A000B342A9D1304B002B09D0A36849469A79F1
:10C4B000DB791B02134302003000F6F7D7FF534627
:10C4C00043441B01EB1830005978FFF74FFB93E70B
:10C4D0004146C9004144090169180D7904AF694218
:10C4E0004D41224906AC0491FF210B40BB80FA80EC
:10C4F000002110222000FCF709F81A4B26700135A4
:10C50000200008970A930B95FEF766FC74E74346F4
:10C51000DB001C009A468023444424012C19228904
:10C520005B009A4209D9104B002BC8D0002300228F
:10C5300049463000F6F79AFFC1E7A579FFF7DCF925
:10C5400003230393074B2A000293238939000193A5
:10C55000009000233000FFF779FA4DE790F50120B5
:10C56000210B0000ADC310106D341010210A000023
:10C57000030010B500280CD003290AD8CA005218AD
:10C58000054C1201115D0020994201D1A4182079B7
:10C5900010BD0020FCE7C04690F50120F0B583B047
:10C5A00000280FD003290DD8CC00104E64182401A8
:10C5B000A55D854206D137192800B978FFF7A0F9A3
:10C5C000002802D1002003B0F0BD002010347B8988
:10C5D000B978A219019000902800FFF7D9F9002836
:10C5E000F1D12800B978FFF7AFF9EBE790F501201A
:10C5F000902210B5002102489200FBF787FF10BD82
:10C6000090F5012070B5314C0A0021780500814277
:10C610000FD09021615CA94226D090214900615C35
:10C62000A9422CD0D8214900615C0020A94233D016
:10C6300070BDA178914202D0E1789142E9D1002009
:10C640000021002D40D0D209012A32D0204A002AF0
:10C6500008D0C20012181201503228009BB2A21852
:10C6600000E000BF0120E3E79221615C914203D02A
:10C670009321615C9142D0D101200121E1E7912118
:10C680004900615C914204D02421FF31615C9142F8
:10C69000C8D102200221D4E7D9214900615C91422E
:10C6A00004D0B421FF31615C9142C1D10320032148
:10C6B000C7E7C20012181201103228009BB2A2185C
:10C6C000F6F71AFF0120B3E70020B1E790F501204B
:10C6D0000000000070B5254D04002B7883420ED079
:10C6E0009023EB5CA34216D090235B00EB5CA3424B
:10C6F00020D0D8235B00EB5CA3422BD070BD1C4B39
:10C70000002B02D00021F7F79BF800232B70902319
:10C71000EB5CA342E8D1164B002B03D00121200093
:10C72000F7F78EF890230022EA5490235B00EB5C2D
:10C73000A342DED10E4B002B03D002212000F7F7DD
:10C740007FF8902300225B00EA54D8235B00EB5C67
:10C75000A342D3D1064B002B03D003212000F7F7CF
:10C760006FF8D82300225B00EA54C7E790F5012058
:10C7700041381010F0B54546DE4657464E46E0B506
:10C78000140052790D0083B0032A1FD12179CA0009
:10C79000521A123292B29A4218D82778E7197B7847
:10C7A000212B13D1384B98461B78002B62D0902355
:10C7B0004246D35C002B60D090235B00D35C002BFF
:10C7C0005ED0D8235B00D35C002B07D0002003B0E1
:10C7D000F0BCBB46B246A946A046F0BD03339B461B
:10C7E0005B464246DB0001935B441B01D5540022AB
:10C7F0003E78434491469A46BE1900290BD121E068
:10C800005146CA708B813378F61801239C462379F0
:10C81000E1444B4516DD7378052BD7D13100280054
:10C82000FFF7EEF80028D1D0737931791B020B4362
:10C83000B2785B055B0DD1090129E1D151468A70BF
:10C840004B81E0E7019BA2785B441B0143445A7093
:10C85000BA799A713A7AF97912020A431A81002256
:10C860005A71A279012A01D00120B0E7E2790120B2
:10C870001A71ACE700239B46B2E701239B46AFE762
:10C8800002239B46ACE7C04690F50120F0B5274B4C
:10C8900004001A7889B0824210D090229A5CA24299
:10C8A0002FD0902252009A5CA24230D0D82252005F
:10C8B0009A5CA24232D0012009B0F0BD5A788A4277
:10C8C000EBD10020002CF6D0C200121812019B18E8
:10C8D0001E796F4673425E41154B02AD00930023F3
:10C8E000B980102200212800FB80FBF70FFE114BBE
:10C8F000013628002C70049706930796FEF76CFA11
:10C90000D9E791229A5C8A42CBD10120DAE7222230
:10C91000FF329A5C8A42C9D10220D3E7B222FF32A9
:10C920009A5C8A42C7D10320CCE7C04690F501202B
:10C93000210A0000ADC31010F8B54B6804001B7B42
:10C94000002B2AD1651E08686B005B19427B144FCF
:10C950009B005B199A183968124E013209BAD2004D
:10C96000B21801315160417B7A685B18013312BA09
:10C97000DB00F250682301226B43F3185A710A4B13
:10C98000002B02D0200000E000BF68236B43200092
:10C99000F15CFFF7EBF80120F8BD0020FCE7C04692
:10C9A0004C1E0220701E022000000000F0B5C6469A
:10C9B00000B50578C27801238AB0691E002A03D128
:10C9C000204B1B780133DBB268244C431E4FA0463A
:10C9D0003E19F3703379002B03D10AB080BCB846FE
:10C9E000F0BD1722002104A8FBF790FD3379002B3E
:10C9F000F3D0164A164B3100029203936A4606237F
:10CA0000383193750A0002AB13CB13C213CB13C298
:10CA10001968444611609988383491809B792800C0
:10CA200093713300012228331A700023094AF362FC
:10CA300032637363B178E219019300931F33FEF7F9
:10CA4000A7FFCAE74C1E0220701E02205553424326
:10CA50004253555419CB1010F0B54F46D6464646B2
:10CA6000C0B54B6804001F7B8AB0002F0AD168252F
:10CA7000431E5D43244AA8469146C84443461B7959
:10CA8000002B06D100200AB0E0BCBA46B146A84649
:10CA9000F0BD0B6817225B7B002104A89A46FBF7C8
:10CAA00035FD43461B7902AE002BEBD0174A184BDD
:10CAB0003835029203935346737306234246B37389
:10CAC000534638323374130007CE07C307CE07C36B
:10CAD000326820001A60B2889A80B2799A71012275
:10CAE000283B1A7043464246DF620A4B5763136382
:10CAF00043462A0099784A441F2301970097FEF77E
:10CB000047FF0028BFD1BDE7701E022055534243A6
:10CB10004253555419CB1010F0B546464F46D646F1
:10CB2000C0B50B6804005B7B002598464B688CB051
:10CB30001E7B471E002E4ED168357D43524BAA46C0
:10CB40001F00574499463B79002B06D101200CB0B9
:10CB5000E0BCBA46B146A846F0BD00230F22002132
:10CB600008A8059306930796FBF7D0FC3B79002BAA
:10CB7000ECD0464B6A460493454B39000593082395
:10CB80000693783313776B4642465A776A46414B91
:10CB90003831D3830A0004AB23CB23C223CB23C277
:10CBA0001968554611609988383591809B79200025
:10CBB00093713B00012228331A702A00364BB97852
:10CBC000FB62364B4A443B631F237E63019600960B
:10CBD000FEF7DEFEBAE700232520059306936B4699
:10CBE0000A2200211D775D779D776844FBF78EFC54
:10CBF00003231F20029312266B46062202A96844D3
:10CC00009E81FBF789FC68227A431F4B91461F00E7
:10CC10004F449C463B79002B01D1002097E71B4BEA
:10CC2000694604931A4B0696059380230B776B464F
:10CC30004146380059770623694638308B77010022
:10CC400004AB45CB45C145CB45C118684A46086091
:10CC50009888383288809B7920008B713B000121B5
:10CC6000283319700C4BB978FB620D4B62443B635F
:10CC70001F237D6301950095FEF78AFE002800D0F2
:10CC800064E7002063E7C046701E0220555342430C
:10CC9000425355540A2500004C1E022039C9101079
:10CCA00059CA1010822210B5002102489200FBF7E9
:10CCB0002DFC10BD701E022070B5052816D8682303
:10CCC000451E6B430A4CE3181A79002A0ED05B7993
:10CCD000002B04D0074B002B01D000E000BF6823DD
:10CCE0006B4368220021E018FBF710FC70BDC046C2
:10CCF000701E022000000000F0B594460500421EA0
:10CD0000282068244746CE46804654432F4E80B59F
:10CD10003719B8444046914622000078583287B00F
:10CD2000B21802283CD0032827D0012836D1BC787D
:10CD300000208C421CD16146002919D11F2B17D12C
:10CD40003B6C002B38D0F96A002935D002224046CE
:10CD500002703A00443212787F2A00D97C7800228F
:10CD60002800019200929BB20A002100FEF710FEFB
:10CD700007B0C0BCB946B046F0BD002341460B70B9
:10CD80003B6B002B0AD00392FA6A383404927A6B18
:10CD9000341902A928000294CA6098470120E7E7E5
:10CDA000414603230B7079780023280001930093F8
:10CDB0000D33FEF7EDFDDBE7494668234B43F318DF
:10CDC00019000320283108705978EDE7701E022001
:10CDD000F0B54546DE4657464E46E0B5140092791A
:10CDE0000D0083B0062A02D1E279502A07D0002034
:10CDF00003B0F0BCBB46B246A946A046F0BD2179BF
:10CE0000CA00521A093292B29A42F0D86B1E984662
:10CE10000223994601339B461A4B68279A4643469C
:10CE20005F4326785744BB1CA61901937378052BE2
:10CE3000DDD15A46F3781340022BD8D131002800B7
:10CE4000FEF7DEFD0028D2D0B378DA09012A0BD034
:10CE5000019952460B704B46012B0ED14146682377
:10CE60004B43A178D154C3E7682147467943054A2B
:10CE700051184B704B46012BF0D03378F618012334
:10CE80009946D3E7701E0220682370B5040001386C
:10CE90004343104A00209D5C88B08D4201D008B009
:10CEA00070BDD21801236E4613710B4AB58002ADD6
:10CEB0000092002118222800F380FBF727FB074B84
:10CEC00028000593064B2C7004960693FDF784FF0B
:10CED000E5E7C046701E0220A1FE00004C1E0220A5
:10CEE000ADC9101010B50020FDF7E2FE10BDC04620
:10CEF000037870B5DB0704000E00DD0F002B17D19F
:10CF000003785B0701D5280070BD0121300049423C
:10CF100000F0E6FE2378DB07DD0F002B0AD1237833
:10CF20005B0708D40422237801251343237002E011
:10CF30000025E8E70025300000F0BAFEE3E7C04630
:10CF400070B50C00012106004942200000F0C8FE27
:10CF500033785B07DD0F002B04DB200000F0A8FE18
:10CF6000280070BD3378DB0704D404223378934360
:10CF70003370F2E70025F0E7437902791B0213438F
:10CF8000C2785B0592075B0D920F022A1DD0032A1F
:10CF90000CD00020012A08D102394A425141124ADC
:10CFA0009446614499424041C0B2704702394A1EDA
:10CFB00091410E4A494211408022D20094460020FD
:10CFC000614499424041C0B2EFE7022905D00020F8
:10CFD00040229A424041C0B2E7E7054A98184342CE
:10CFE0005841C0B2E1E7C046FF03000040FCFFFF2C
:10CFF00000FEFFFF8A1870B5914207D27F264C7859
:10D00000052C04D00C7809198A42F8D870BD340078
:10D010008D782C4064000419ED0963550C780919CA
:10D020008A42ECD8F2E7C04630B54C1E0300E4B2A9
:10D0300000291CD0017800200D00281880B25B1850
:10D04000904206D30DE01978081880B25B1882422E
:10D0500007D959780B290BD00429F4D1D9780029A4
:10D06000F1D1013CE4B2FF2C02D01978E5E70020B1
:10D0700030BDC04603894089181A43425841C0B2A6
:10D080007047C04670B5040000690E00002803D048
:10D090000121494200F024FE25896089A288A9B2B5
:10D0A00083B2854232D3CD1AADB2002D28D0AA4228
:10D0B00008D291422FD3891A8BB263819A4203D846
:10D0C0009B1A9BB29A42FBD9E28821685204520C07
:10D0D00053433000C918FBF71FFA63890125591C17
:10D0E00089B2A2888B420DD900215200891A89B2D7
:10D0F00020696181002801D000F0DAFD280070BDB0
:10D10000618989B252009142F2DBEFE75500ED1AD6
:10D110004D19ADB2C9E789188BB26381CEE7C0461D
:10D12000F8B50400C0680E00002803D00121494270
:10D1300000F0D6FD258920896189A288ADB283B22D
:10D140008FB2884229D3DB1B9BB29A4209D8E77978
:10D15000FF0906D1E068002801D000F0A9FD3800E1
:10D16000F8BD2B0095421DD39B1A9BB29342FBD274
:10D17000E28820685204520C53433100C018FBF778
:10D18000CBF96B1C9BB2A2889D4217D90023520099
:10D190009B1A9BB201272381DCE75100C91B5B1856
:10D1A0009BB2D2E7E28820685204520C534331000C
:10D1B000C018FBF7B1F90135A288ABB25200934217
:10D1C000E8DBE5E710B50400C068002803D00121C2
:10D1D000494200F085FD2069002803D00121494221
:10D1E00000F07EFD0023E06863812381002801D0E8
:10D1F00000F05EFD2069002801D000F059FD0120FB
:10D2000010BDC04610B583070AD00300032102E019
:10D2100001330B4205D01A78002AF9D1181A10BD33
:10D22000030019680C4A0D4C8A188A4322420FD118
:10D230005968094A04338A188A43224208D1596836
:10D24000054A04338A188A432242F1D000E00133B0
:10D250001A78002AFBD1E1E7FFFEFEFE8080808085
:10D2600070B5074C074D641BA41005D0013CA3000A
:10D27000EB589847002CF9D100F010FD70BDC04666
:10D2800090F5012090F50120030010B50A00034934
:10D290000868190000F004F810BDC04620F4012011
:10D2A00070B50B0C0024150C002B28D1002D3CD19F
:10D2B0008BB291B2594300F047F8051E33D00300FA
:10D2C000083B5A6803239A43043A242A12D80300DD
:10D2D000132A0AD90460446008331B2A05D98460E4
:10D2E000C460242A2AD00300103300221A605A6036
:10D2F0009A6002E00021FBF709F9280070BD002DBB
:10D3000016D1151C89B292B24A43ADB29BB26B439F
:10D31000110C5B18190C0BD1190492B2114300F0D7
:10D3200013F8051ECBD10025E7E72B1C0D1CE9E700
:10D3300000F026FC0C2300250360DEE703000461F7
:10D3400018334461D1E7C046F0B54E464546DE4647
:10D350005746E0B50D000B35060085B0162D27D8D1
:10D36000102900D9DAE000F025FC1025182302214D
:10D37000C74FFB181A005C68083A944200D146E196
:10D3800003226368A1689343E268CA609160012147
:10D39000E3185A6830000A435A6000F00DFC200080
:10D3A000083005B0F0BCBB46B246A946A046F0BD69
:10D3B00007239D4300D5B1E0A94200D9AEE000F0BB
:10D3C000F9FBFC235B009D4200D294E1690A00D185
:10D3D000A8E0042900D94FE138239846A9098844D8
:10D3E0003931CB00082252429446A94FFB189C4485
:10D3F0006346DC68A44514D0032399460B006146BC
:10D400009C4607E0E068002A00DBFAE0814200D198
:10D41000FBE004004A46636893435A1B0F2AF1DD80
:10D4200041463A003C690832944200D1D8E00320DA
:10D4300063688343581B0F2800DD60E13A617A611D
:10D440000028A4DA7A68904680229200934200D3A2
:10D45000E3E0DA0858090123834040461843804638
:10D46000D300DB199A687860E360A2609C60D460A6
:10D4700001208B10984040455CD8434603420AD1B6
:10D4800003239943434640000431034203D1400043
:10D4900004310342FBD00323B3469C460E00B8463A
:10D4A0000190F00040440100B246CB680BE06446B6
:10D4B0005A681F00A243DB68541B0F2C00DDEDE00F
:10D4C000002C00DB07E19942F1D101239946CA44BF
:10D4D000534608319B07E8D1032205E0036808386A
:10D4E000013E834200D001E23242F7D14346019A25
:10D4F0005B68934342465360019A520001929A42FC
:10D5000016D8002A06D113E004229146019ACA4493
:10D51000520001921342F7D05646C2E70C23002076
:10D5200033603EE780233F22402190469B0059E72D
:10D530005E4647460322BC68636893439846AB4205
:10D5400002D35A1B0F2A4EDC230043440293514B53
:10D5500008209A461B6810335B19019300F048FBC2
:10D560004D4903900B688B46013306D08446019BDE
:10D570004242013B6344134001933000019900F0A3
:10D580001DFB03008146013300D1D6E0029B83429C
:10D5900000D9D0E053465A68019B51469C466244EC
:10D5A0004A60029803990139484500D0E3E04846B3
:10D5B000084200D0DFE0B9684344894601210B43AB
:10D5C00049464B605146C96A914201D25146CA62EE
:10D5D0005146096B914201D251460A634C46AEE076
:10D5E0007B68984644E7012329001A4319436519CB
:10D5F00061603000BD606A6000F0DEFA2000083033
:10D60000CFE6A268D0608260C1E6614609E7DC68C7
:10D610000231A34200D104E7B2E65A0A042A00D834
:10D6200082E0142A00D907E110005B3082465C32A8
:10D63000D200082040428446BA1894446246926858
:10D640000B308146944500D1DEE00800A2466146D9
:10D65000844602E09268914204D04C465068A04350
:10D660009842F7D8D368614654469C466346A26008
:10D67000E3609C60D460FBE614296DD9542900D97D
:10D68000E3E06E239846290B88446F31CB00A9E66E
:10D6900018F0012014FB012010F00120BA460120EF
:10D6A00051468446491905435046456085684746BA
:10D6B0006046EB605E469D60534639617961204368
:10D6C00008374860CF6030008F609C5000F074FADB
:10D6D0005046083065E6BA4601205E46524451681D
:10D6E00001435160BA683000D3609A6000F064FA78
:10D6F0003800083055E62B00E908083338E6611990
:10D70000884601218C460D43414665603961796147
:10D71000CA608A60624602434A60E050300000F00E
:10D720004BFA200008303CE69A09100039323830B4
:10D730008246D2007DE7BC4214D0BC6863680322F5
:10D7400093435A1BAB4202D30F2A00DD4BE7300054
:10D7500000F032FA002024E65B23984688445C31CE
:10D76000CB003FE653465A68019B9C4653466244B1
:10D770005A60039B591E5B461B68013370D04B46B1
:10D7800002981B1A9B185246536007234A46484684
:10D790001A400292184240D00398013384469B1AE3
:10D7A000019A99444A44019263440A409B1A1940E1
:10D7B00030008B4600F002FA431C77D04B46C01A6B
:10D7C00003005B44019353465A6801205A445A604F
:10D7D0004B464946BB60019B03434B60BC4200D1B2
:10D7E000F0E643460F2B3FD907210C3B8B43616882
:10D7F0000140052019436160E118486088600F2BE3
:10D8000049D84B465B68DDE65346981001238340B8
:10D81000404618438046786028E7019B039A4B44B2
:10D820000B40D31A194030008B4600F0C7F9431C57
:10D83000C4D100239B46C6E7542A17D81A0B100000
:10D840006F326E308246D200F3E6AA235B00994223
:10D8500017D8DD3B9846E90B88447831CB00C1E509
:10D860005B464A461A6090E7486070E7AA2040008D
:10D87000824226D8DA0B1000783277308246D20006
:10D88000D7E61C4B994226D87C239846A90C88449D
:10D890007D31CB00A6E521003000083100F086F88C
:10D8A00053465A68BB6899465B688BE6019A029BAF
:10D8B00094464A46083B63449B1A019300239B46C7
:10D8C00081E70C4882420CD89A0C10007D327C30E3
:10D8D0008246D200ADE6FE237E227F2190469B0049
:10D8E00080E5FE227E2092008246A2E643465B68E7
:10D8F00002E6C04654050000F0B5C646060000B575
:10D9000008200D0000F074F90400300000F052F916
:10D91000234B210098469B685F6803239F43380090
:10D920001138401B0019F9F7A7FE451E6543AC42AC
:10D9300008DC0021300000F041F943469B68DB1908
:10D94000984206D0300000F037F9002080BCB8467D
:10D95000F0BD3000694200F031F901300ED00122F3
:10D9600043467F1B9B6817430E4A5F601368300075
:10D970005B1B136000F020F90120E7E70021300075
:10D9800000F01CF943469A68831A0F2BDADD064C27
:10D9900004492468001B086001210B435360D1E750
:10D9A00018F0012018FB012010F00120F8B5CE4638
:10D9B000474605000C0080B5002957D000F0FAF862
:10D9C000012321009C46083948686246030003246D
:10D9D0009343CF187A68654EA243B468BC4200D125
:10D9E00070E0BC18A14664467A60044221D1086800
:10D9F000091A1B1888688046484640682040340051
:10DA000008348146A04551D04046CC68C460A0602F
:10DA10004846002811D19B185548BA68824200D167
:10DA20007FE0F868D060826001221A434A60CB50E0
:10DA300007E0484640682042EDD062461A434A60FB
:10DA40003B6080229200934214D2DA0858090123E5
:10DA50008340706803437360D3009B199A68CB605E
:10DA60008A609960D160280000F0A6F8C0BCB94671
:10DA7000B046F8BD5C0A042C3DD89C09200039341E
:10DA80003830E40034192268083C0327944203D15B
:10DA900040E09268944203D05068B8439842F8D866
:10DAA000D468CC608A60A160D160DCE7002858D1DE
:10DAB000B868D218FB68C3609860634613434B6034
:10DAC0008A50D0E79A186346034206D10B68C91AF8
:10DAD0008868D218CB68C3609860012313434B60F9
:10DAE000244BB1601B689342BDD8234B28001968B2
:10DAF000FFF702FFB7E7142C07D9542C1AD81C0BD8
:10DB000020006F346E30E400BCE720005C345B30F2
:10DB1000E400B7E70123801083407068034373601B
:10DB2000BFE7D1609160CA608A6001221A434A60EF
:10DB3000CB5098E7AA225200944205D8DC0B200073
:10DB400078347730E4009DE70C4A944205D89C0C69
:10DB500020007D347C30E40094E7FE247E20A40085
:10DB600090E762461A434A603B607CE718F0012068
:10DB700020F0012014F0012014FB012054050000C6
:10DB8000014B18687047C04620F4012010B5034BC4
:10DB900001001868FFF7D8FB10BDC04620F4012033
:10DBA00010B5034B01001868FFF700FF10BDC04619
:10DBB00020F401207047C0467047C046002370B56E
:10DBC000064C050008002360F8F738F8431C00D025
:10DBD00070BD2368002BFBD02B60F9E784FC01208B
:10DBE00010B5010000230022002000F00FF810BD46
:10DBF000802310B55B01082801D1180010BDFFF784
:10DC0000BFFF16230360173BF7E7C046F0B5C646D3
:10DC10001A4C00B52568002D2AD06C681F2C2ADC10
:10DC2000002808D10020631C0234A4006B606151FD
:10DC300080BCB846F0BD8827A600AE19F251013766
:10DC4000FF37BC460122AC446746A2403F6890467D
:10DC500017436246176084277F00F3510228E1D101
:10DC6000280042468D30FF30036813430360D9E734
:10DC7000034D2560D1E701204042D9E718FE01207D
:10DC800088FC0120034B10B5002B02D00248FFF79F
:10DC9000A7FF10BD0000000061D21010F8B5C0460B
:10DCA00001B40248844601BC604700BF89ED0120F1
:10DCB00001B40248844601BC604700BF65E701200B
:10DCC00001B40248844601BC604700BFA5EE0120B4
:10DCD00001B40248844601BC604700BFA5EE0120A4
:10DCE00001B40248844601BC604700BFD9E6012068
:10DCF00001B40248844601BC604700BF41E60120F0
:10DD000001B40248844601BC604700BF6DEE0120AB
:10DD100001B40248844601BC604700BFFDE5012014
:10DD2000600D1010BE0D10100E0E1010320E1010DF
:10DD3000120E10102E0E1010360E10103A0E10107B
:10DD4000400E10106A0E10108E0E1010720E101071
:10DD5000780E10107E0E1010840E10104A0D101048
:10DD6000D80F10101C101010661010106A10101030
:10DD7000BA0E1010C60E1010BA0E1010FA0E1010B7
:10DD8000720F1010280F1010B80E1010600F101026
:10DD90007E0F10109E0F1010C80F1010B60E10102E
:10DDA0006469736B325F6664645F77726974655F20
:10DDB000627974653A206F66667365743D25642CDC
:10DDC00020627974653D253032780A00374E355629
:10DDD000203158334A545246202051444D36423463
:10DDE000205A32434B393B2D20205C27203C3E20DB
:10DDF0002020202055494F5020205D5B5948474541
:10DE000020415357384C302F2020203D266E257658
:10DE1000202178236A747266202071646D5E62240A
:10DE2000207A40636B283A5F20207C22202C2E2011
:10DE30002020202075696F7020207D7B79686765C0
:10DE4000206173772A6C293F2020202B00000000DE
:10DE50006F7269633A206D6F746F72206F6E00008D
:10DE6000000000006F7269633A206D6F746F72205A
:10DE70006F666600436F6E6669677572696E6720CC
:10DE800044564900436F7265203120737461727487
:10DE90000000000053797374656D20636C6F636BD1
:10DEA000206F66202575206B487A2063616E6E6F47
:10DEB000742062652065786163746C7920616368A1
:10DEC000696576656400000047616D657061642076
:10DED000636F6E6E65637465643A205649443A20F8
:10DEE00025303458205049443A20253034580A000F
:10DEF0004E6F207370696E6C6F636B732061726517
:10DF000020617661696C61626C65000048617264D1
:10DF10007761726520616C61726D20256420616C8F
:10DF2000726561647920636C61696D6564000000ED
:10DF30000A2A2A2A2050414E4943202A2A2A0A0026
:10DF40000A00000048617264206173736572740096
:10DF5000666E692B00000000666E69006E616E00DF
:10DF6000666E692D000000004F7574206F66206D8D
:10DF7000656D6F727900000052656C6561736500B4
:10DF8000626F6F74325F67656E657269635F3033AD
:10DF900068000000312E352E310000006F6C696D75
:10DFA00065785F6E656F3635303200006F72696379
:10DFB00000000000536570203135203230323600C9
:10DFC0005541525420737464696E00005541525497
:10DFD000207374646F7574005541525420737464D7
:10DFE000696E202F207374646F757400544D445310
:10DFF00020667265652071756575652066756C6C47
:10E0000020696E204952512100000000544D4453B4
:10E010002062756666657220616C6C6F63617469FD
:10E020006F6E206661696C65640000004E6F20446D
:10E030004D41206368616E6E656C7320617265206E
:10E04000617661696C61626C6500000050494F2027
:10E050003120534D20282564202D20342920616C47
:10E06000726561647920636C61696D6564000000AC
:10E0700050494F203020534D20256420616C72653B
:10E0800061647920636C61696D6564004E6F207016
:10E09000726F6772616D20737061636500000000CC
:10E0A000556E68616E646C65642062756666657243
:10E0B0002025640A000000004461746120536571EA
:10E0C000204572726F72200A00000000556E686170
:10E0D0006E646C65642049525120307825780A00BE
:10E0E000496E76616C69642073706565640A00002E
:10E0F00065702025642025732077617320616C7220
:10E100006561647920617661696C61626C650000AB
:10E1100043616E277420636F6E74696E7565207835
:10E12000666572206F6E20696E6163746976652022
:10E13000657020256420257300000000A6141010CF
:10E14000B8141010AC131010AC131010BA13101038
:10E15000D8131010F813101010141010D21710103C
:10E16000BC1710102417101024171010321710109D
:10E1700070181010FA171010E4171010000000FFAC
:10E180000000FFFF00FF00FF00FFFFFFFF0000FF98
:10E19000FF00FFFFFFFF00FFFFFFFFFF0F0E0D0C53
:10E1A0000B0A09080706050403020100000000002D
:10E1B0000000000000000000000000000F0E0D0C29
:10E1C0000B0A09080706050403020100000000000D
:10E1D0000000000000000000000000000F0E0D0C09
:10E1E0000B0A0908070605040302010000000000ED
:10E1F0000000000000000000000000000F0E0D0CE9
:10E200000B0A0908070605040302010000000000CC
:10E2100000000000000000000000000000010203F8
:10E220000405060708090A0B0C0D0E0F000000007C
:10E2300000000000000000000000000000010203D8
:10E240000405060708090A0B0C0D0E0F000000005C
:10E2500000000000000000000000000000010203B8
:10E260000405060708090A0B0C0D0E0F000000003C
:10E270000000000000000000000000000001020398
:10E280000405060708090A0B0C0D0E0F000000001C
:10E290000000000000000000000000000F0E0D0C48
:10E2A0000B0A090807060504030201000F0E0D0CF6
:10E2B0000B0A090807060504030201000F0E0D0CE6
:10E2C0000B0A09080706050403020100000000000C
:10E2D0000000000000000000000000000F0E0D0C08
:10E2E0000B0A0908070605040302010000010203E6
:10E2F0000405060708090A0B0C0D0E0F0F0E0D0C76
:10E300000B0A090807060504030201000F0F0F0F8F
:10E310000F0F0F0F0F0F0F0F0F0F0F0F0001020343
:10E320000405060708090A0B0C0D0E0F0001020375
:10E330000405060708090A0B0C0D0E0F0001020365
:10E340000405060708090A0B0C0D0E0F0F0F0F0F1F
:10E350000F0F0F0F0F0F0F0F0F0F0F0F0001020303
:10E360000405060708090A0B0C0D0E0F0F0E0D0C05
:10E370000B0A090807060504030201000F0E0D0C25
:10E380000B0A09080706050403020100000000004B
:10E39000000000000000000000000000000000007D
:10E3A000A4C0233CEDC06C3CAD80AC3CFC80FB3C8D
:10E3B000BB903A3D8418843DDCE0DB3D82A0013E09
:10E3C000D2E8513E969C953EBFE4BE3EFC2CFC3EFE
:10E3D000A3A4223FCE3A4E3F0000803FFF0FFF0F25
:10E3E000FF0F1FFF1F1F1FFFFF0FFFFF010302058E
:10E3F0000004000708000006000000000000000004
:10E4000061416242634364446545664667476848C4
:10E4100069496A4A6B4B6C4C6D4D6E4E6F4F705034
:10E4200071517252735374547555765677577858A4
:10E4300079597A5A31213240332334243525365ED6
:10E440003726382A392830290D0D1B1B08080909E1
:10E4500020202D5F3D2B5B7B5D7D5C7C237E3B3AEA
:10E460002722607E2C3C2E3E2F3F00000000000043
:10E47000000000000000000000000000000000009C
:10E48000000000000000000000000000000000008C
:10E49000000000000000000000000000000000007C
:10E4A0002F2F2A2A2D2D2B2B0D0D3100320033005A
:10E4B00034003535360037003800390030002E0082
:10E4C0000000000000003D3D0000000000000000D2
:10E4D000000000000000000000000000000000003C
:10E4E000000000000000000000000000000000002C
:10E4F00000000000000000004C6A1010FC691010C1
:10E50000FC691010446A1010FC691010FC691010AE
:10E51000FC691010FC691010FC691010FC691010E7
:10E52000FC6910103C6A1010FC691010346A10105D
:10E53000FC691010FC6910102C6A10106C6C101023
:10E54000626A10105C6C1010626A1010466C101039
:10E55000626A1010626A1010626A1010626A10100B
:10E56000626A1010626A1010626A1010546A101009
:10E57000626A1010626A1010626A1010626A1010EB
:10E58000626A1010546A10100A6D1010B6691010EB
:10E59000B6691010B6691010B6691010B66910107F
:10E5A000B6691010B6691010B6691010B66910106F
:10E5B000B6691010B6691010B6691010B66910105F
:10E5C000B6691010B6691010B6691010B66910104F
:10E5D000B6691010B6691010B6691010B66910103F
:10E5E000B6691010B6691010B6691010B66910102F
:10E5F000B6691010B6691010B6691010B66910101F
:10E60000B6691010B6691010806C1010D86C10101C
:10E61000806C1010B6691010B6691010B669101031
:10E62000B6691010B6691010B6691010B6691010EE
:10E63000B6691010B6691010B6691010B6691010DE
:10E64000B6691010B6691010B6691010B6691010CE
:10E65000B66910101A6F1010B6691010B669101054
:10E66000B6691010B6691010B6691010B6691010AE
:10E67000B6691010B6691010B66910101A6F101034
:10E680001C6D10101A6F1010806C1010D86C1010C8
:10E69000806C101000000000000000000000F03F3F
:10E6A000000000000000244000000000000059406D
:10E6B0000000000000408F40000000000088C340C0
:10E6C00000000000006AF8400000000080842E4135
:10E6D00000000000D01263410000000084D7974181
:10E6E0000000000065CDCD4106005250D3F07542C8
:10E6F00078DF101006005250E182887F80DF101012
:10E7000006005250BBFF3CB69CDF10100D0A000003
:10E710000600525053B4F4A1D8DF10100800525034
:10E7200092CE39002CE7101002000000A170A16801
:10E73000FCFEFE00FE000002FE00000200020204D9
:10E7400014B3101014B3101040B3101060B31010B5
:10E7500014B31010B6B31010D0B31010ECB31010E7
:10E7600078B41010FCB4101052B5101090B5101001
:10E7700078B61010A5CC1010D1CD101089CE101085
:10E78000F9CC1010B9CC1010F1C5101075C71010CD
:10E790008DC8101005C61010D5C610108DC11010F0
:10E7A000A1C1101041C2101095C21010F5C1101077
:10E7B000A0060000000009000020202020202020CA
:10E7C0002020282828282820202020202020202021
:10E7D0002020202020202020208810101010101031
:10E7E000101010101010101010040404040404047D
:10E7F0000404041010101010101041414141414117
:10E8000001010101010101010101010101010101F8
:10E810000101010110101010101042424242424208
:10E8200002020202020202020202020202020202C8
:10E830000202020210101010200000000000000070
:10E8400000000000000000000000000000000000C8
:10E8500000000000000000000000000000000000B8
:10E8600000000000000000000000000000000000A8
:10E870000000000000000000000000000000000098
:10E880000000000000000000000000000000000088
:10E890000000000000000000000000000000000078
:10E8A0000000000000000000000000000000000068
:0CE8B0000000000000000000000000005C
:10E8BC00E8E61010F4E610108802101000E71010B3
:10E8CC0094021010A0021010AC0210101CE71010D3
:04E8DC0010E7101021
:10E8E000F0B5DE4657464E464546E0B5142089B0A1
:10E8F0009D491EF001FF9D4F0B2138001EF0F4FED4
:10E9000038001EF0E9FE9A4A9A4B91469A4A0593BE
:10E9100093469A4B4A4699465B46002403920793D6
:10E9200004239846A1239B009A464B46C146069372
:10E93000C1E0002A00D1DDE0A2229200BA589D0079
:10E94000AA58250090468E4A0133BA5A9BB29A4281
:10E9500065416A4213408B4ABB52BFF35F8F04602C
:10E9600081F3108840BF404605993FF09DFF9F23EB
:10E970009B009B46844B04939D239B00FA58EFF326
:10E98000108072B61368002BFCD0BFF35F8F5B461C
:10E990009D257E4AFB5ABA5A0499AD00795A7D5991
:10E9A0009A1A00D5B9E08A4200D1BCE09E228C467A
:10E9B00041469200BA589E00B15022006146013390
:10E9C0009BB299426241524213409F229200BB5235
:10E9D000BFF35F8F2C6080F3108840BFA325694E82
:10E9E000AD005346FA58EFF3108172B61368002B4E
:10E9F000FCD0BFF35F8F5346B85B7A5BFB58121AAB
:10EA00009C4600D596E000D19BE0A2220300920034
:10EA1000BA589D00AA5825009046594A0133BA5A5F
:10EA20009BB29A4265416A421340564A6046BB52C5
:10EA3000BFF35F8F046081F3108840BF40460599A3
:10EA40003FF032FF9F239B009B464F4B04939D2337
:10EA50009B00FA58EFF3108072B61368002BFCD0BD
:10EA6000BFF35F8F5B469D25484AFB5ABA5A04990B
:10EA7000AD00795A7D599A1A43D48A4246D09E22D3
:10EA80008C46414692009E00BA5801339BB2B15069
:10EA9000634500D95DE09F229200BB52BFF35F8FB8
:10EAA0002C6080F3108840BF01235B429C46E14408
:10EAB0004B46002B51D0334BA3269C46304BB6001F
:10EAC00098465346FA58EFF3108172B61368002B3C
:10EAD000FCD0BFF35F8F63465046FB5ABA5B385891
:10EAE000D21A00D425E745467D5B0135AA18002AD5
:10EAF00000D021E7BFF35F8F046081F3108820BF4F
:10EB0000DFE74E1CB44662448A42B8D1BFF35F8F40
:10EB10002C6080F3108820BF99E74E1CB4466244F5
:10EB20008A4200D042E7BFF35F8F2C6080F31088E9
:10EB300020BF21E7124BFB5A01339A18002A00D05C
:10EB400063E7BFF35F8F63461C6081F3108820BFCB
:10EB500047E79F239B00FC52A0E7069B9946079B33
:10EB60004E461D00FEE0C04622560000BC24022096
:10EB7000681E0020A80B002030320120B0080020C1
:10EB8000920200008E020000820200007E0200005D
:10EB9000002B00D104E1130042469846A2239B00BB
:10EBA000FB589100CB5821009946A04B0132FB5AEB
:10EBB00092B2934261414B421A409D4BFA52BFF3CD
:10EBC0005F8F43461C608BF3108840BF8322280070
:10EBD000984B9202DA62984A31001A6378387822A8
:10EBE0003FF01EFE032330000093C82328384A4616
:10EBF00003999B001EF0D8FC9D2080003A58EFF34B
:10EC0000108A72B61368002BFCD0BFF35F8F9F236E
:10EC10008A4A9B00FB5ABA5A9A1A9046884AB95AAD
:10EC20004246002A00DAE3E03A589446414500D1D2
:10EC3000E7E09E22884649469200BA5898008150E3
:10EC40002200414601339BB2994262415242134035
:10EC50009F229200BB52BFF35F8F63461C608AF312
:10EC6000108840BFA120103280003958EFF3108A7D
:10EC700072B60B68002BFCD0BFF35F8F6C4BFB5A56
:10EC80009C466146BB5A5B1A984600D59FE0A1237B
:10EC90009B00F9584346002B00D1A2E0A223624614
:10ECA0009B00FB589200D3582000984663465F4A69
:10ECB0000133BA5A9BB29A426041424213405C4AC5
:10ECC000BB52BFF35F8F0C608AF3108840BF832272
:10ECD000584B9202DA62584A31001A6328007822AF
:10ECE0003FF09EFD032330000093C823283842469E
:10ECF00003999B001EF058FC9D2080003A58EFF3CA
:10ED0000108A72B61368002BFCD0BFF35F8F9F236D
:10ED10004A4A9B00FB5ABA5A9A1A9146484AB95A2B
:10ED20004A46002A43DB3A589446894547D09E22FA
:10ED30008946414692009800BA5801339BB28150EF
:10ED40004B4500D965E09F229200BB52BFF35F8F15
:10ED500063461C608AF3108840BF3A4BF0359D42F1
:10ED600000D15AE0A120314980003A58EFF3108BCE
:10ED700072B61368002BFCD0BFF35F8F2C4BFB5A8D
:10ED80009846A32342469B00FB5A9B1A9C463A583E
:10ED900000D4FDE67B5A01336344002B00D0FAE631
:10EDA000BFF35F8F14608BF3108820BFDDE79D22D7
:10EDB0009200BA5894464A1C4A448A42B7D1BFF3DB
:10EDC0005F8F63461C608AF3108820BF96E7A123FB
:10EDD0009B00F958154BFB5A01334344002B00D0DC
:10EDE0005CE7BFF35F8F0C608AF3108820BF3CE7BD
:10EDF0009D229200BA5894464A1C4244914200D047
:10EE000017E7BFF35F8F63461C608AF3108820BF4B
:10EE1000F4E69F239B00FC5298E704239846A12325
:10EE20009B009B464546B246D6E0C0469202000093
:10EE30008E020000800000D0047C00007E020000F2
:10EE400082020000309B0120002A00D1E4E0A222CF
:10EE50009200BA589E00B258260090468E4A01335E
:10EE6000BA5A9BB29A426641724213408B4ABB52D5
:10EE7000BFF35F8F046081F3108840BF404605995F
:10EE80003FF012FD9D239B009C46854B06936346F5
:10EE9000FA58EFF3108072B61368002BFCD0BFF362
:10EEA0005F8F9F23069A9B00FB5ABA5A7D499A1A94
:10EEB000795A002A00DAC7E06646BE5904968A42AB
:10EEC00000D1CBE09E228946414692000690B85878
:10EED0009A0011502200494601339BB29942624187
:10EEE000524213409F229200049EBB52BFF35F8F99
:10EEF0003460069B83F3108840BF684BA3269C4672
:10EF0000B6005B46FA58EFF3108872B61368002B10
:10EF1000FCD0BFF35F8F6346F95A5B46BA5BF85883
:10EF2000521A00D5A2E000D1A7E0A2220B00920065
:10EF3000BA589E00B258260041469046564A0133C0
:10EF4000BA5A9BB29A42664172421340534ABB522C
:10EF5000BFF35F8F046081F3108840BF404605997E
:10EF60003FF0A2FC9D239B009C464D4B06936346BD
:10EF7000FA58EFF3108072B61368002BFCD0BFF381
:10EF80005F8F9F23069A9B00FB5ABA5A45499A1AEB
:10EF9000795A002A47DB6646BE59049691424BD007
:10EFA0009E22894641469200049E0490B8589A00D9
:10EFB00001339BB211504B4500D965E09F2292006E
:10EFC000BB52BFF35F8F049B346083F3108840BF54
:10EFD000013D002D00D15BE0304B9846023B9C4642
:10EFE0002D4B99465B46FA58EFF3108172B61368C1
:10EFF000002BFCD0BFF35F8F434662465846FB5A56
:10F00000BA5A3858D21A00D41EE74E46BE5B0136B3
:10F01000B218002A00D01AE7BFF35F8F046081F3B3
:10F02000108820BFDEE79D26B600BE5904964E1C10
:10F03000B1464A449142B3D1BFF35F8F049B1C6039
:10F0400080F3108820BF92E79D26B600BE59049633
:10F050004E1CB1464A448A4200D033E7BFF35F8F6B
:10F06000049B1C6080F3108820BF10E70A4BFB5AFA
:10F0700001339A18002A00D057E7BFF35F8F04606E
:10F0800088F3108820BF3CE79F239B00FC5298E741
:10F09000D146FFF745FCC046920200008E020000F8
:10F0A0007E0200008202000000000000000000005C
:10F0B0000000000000000000000000000000000050
:10F0C0000000000000000000000000000000000040
:10F0D0000000000000000000000000000000000030
:10F0E0000000000000000000000000000000000020
:10F0F0000000000000000000000000000000000010
:10F1000000000000000000000000000000000000FF
:10F1100000000000000000000000000000000000EF
:10F1200000000000000000000000000000000000DF
:10F1300000000000000000000000000000000000CF
:10F1400000000000000000000000000000000000BF
:10F1500000000000000000000000000000000000AF
:10F16000000000000000000000000000000000009F
:10F17000000000000000000000000000000000008F
:10F18000000000000000000000000000000000007F
:10F19000000000000000000000000000000000006F
:10F1A000000000000000000000000000000000005F
:10F1B000000000000000000000000000000000004F
:10F1C000000000000000000000000000000000003F
:10F1D000000000000000000000000000000000002F
:10F1E000000000000000000000000000000000001F
:10F1F000000000000000000000000000000000000F
:10F2000000000000000000000000000000000000FE
:10F2100000000000000000000000000000000000EE
:10F2200000000000000000000000000000000000DE
:10F2300000000000000000000000000000000000CE
:10F2400000000000000000000000000000000000BE
:10F2500000000000000000000000000000000000AE
:10F26000000000000000000000000000000000009E
:10F27000000000000000000000000000000000008E
:10F28000000000000000000000000000000000007E
:10F29000000000000000000000000000000000006E
:10F2A000000000000000000000000000000000005E
:10F2B000000000000000000000000000000000004E
:10F2C000000000000000000000000000000000003E
:10F2D000000000000000000000000000000000002E
:10F2E000000000000000000000000000000000001E
:10F2F000000000000000000000000000000000000E
:10F3000000000000000000000000000000000000FD
:10F3100000000000000000000000000000000000ED
:10F3200000000000000000000000000000000000DD
:10F3300000000000000000000000000000000000CD
:10F3400000000000000000000000000000000000BD
:10F3500000000000000000000000000000000000AD
:10F36000000000000000000000000000000000009D
:10F37000000000000000000000000000000000008D
:10F38000000000000000000000000000000000007D
:10F39000000000000000000000000000000000006D
:10F3A000000000000000000000000000000000005D
:10F3B000000000000000000000000000000000004D
:10F3C000000000000000000000000000000000003D
:10F3D000000000000000000000000000000000002D
:10F3E000000000000000000000000000000000001D
:10F3F000000000000000000000000000000000000D
:10F4000000000000000000000000000000000000FC
:10F4100000000000000000000000000000000000EC
:10F4200000000000000000000000000000000000DC
:10F4300000000000000000000000000000000000CC
:10F4400000000000000000000000000000000000BC
:10F4500000000000000000000000000000000000AC
:10F46000000000000000000000000000000000009C
:10F47000000000000000000000000000000000008C
:10F48000000000000000000000000000000000007C
:10F49000000000000000000000000000000000006C
:10F4A000000000000000000000000000000000005C
:10F4B000000000000000000000000000000000004C
:10F4C000000000000000000000000000000000003C
:10F4D000000000000000000000000000000000002C
:10F4E000000000000000000000000000000000001C
:10F4F000000000000000000000000000000000000C
:10F5000000000000000000000000000000000000FB
:10F5100000000000000000000000000000000000EB
:10F5200000000000000000000000000000000000DB
:10F5300000000000000000000000000000000000CB
:10F5400000000000000000000000000000000000BB
:10F5500000000000000000000000000000000000AB
:10F56000000000000000000000000000000000009B
:10F57000000000000000000000000000000000008B
:10F58000000000000000000000000000000000007B
:10F59000000000000000000000000000000000006B
:10F5A000000000000000000000000000000000005B
:10F5B000000000000000000000000000000000004B
:10F5C000000000000000000000000000000000003B
:10F5D000000000000000000000000000000000002B
:10F5E000000000000000000000000000000000001B
:10F5F000000000000000000000000000000000000B
:10F6000000000000000000000000000000000000FA
:10F6100000000000000000000000000000000000EA
:10F6200000000000000000000000000000000000DA
:10F6300000000000000000000000000000000000CA
:10F6400000000000000000000000000000000000BA
:10F6500000000000000000000000000000000000AA
:10F66000000000000000000000000000000000009A
:10F67000000000000000000000000000000000008A
:10F68000000000000000000000000000000000007A
:10F69000000000000000000000000000000000006A
:10F6A000000000000000000000000000000000005A
:10F6B000000000000000000000000000000000004A
:10F6C000000000000000000000000000000000003A
:10F6D000000000000000000000000000000000002A
:10F6E000000000000000000000000000000000001A
:10F6F000000000000000000000000000000000000A
:10F7000000000000000000000000000000000000F9
:10F7100000000000000000000000000000000000E9
:10F7200000000000000000000000000000000000D9
:10F7300000000000000000000000000000000000C9
:10F7400000000000000000000000000000000000B9
:10F7500000000000000000000000000000000000A9
:10F760000000000000000000000000000000000099
:10F770000000000000000000000000000000000089
:10F780000000000000000000000000000000000079
:10F790000000000000000000000000000000000069
:10F7A0000000000000000000000000000000000059
:10F7B0000000000000000000000000000000000049
:10F7C0000000000000000000000000000000000039
:10F7D0000000000000000000000000000000000029
:10F7E0000000000000000000000000000000000019
:10F7F0000000000000000000000000000000000009
:10F8000000000000000000000000000000000000F8
:10F8100000000000000000000000000000000000E8
:10F8200000000000000000000000000000000000D8
:10F8300000000000000000000000000000000000C8
:10F8400000000000000000000000000000000000B8
:10F8500000000000000000000000000000000000A8
:10F860000000000000000000000000000000000098
:10F870000000000000000000000000000000000088
:10F880000000000000000000000000000000000078
:10F890000000000000000000000000000000000068
:10F8A0000000000000000000000000000000000058
:10F8B0000000000000000000000000000000000048
:10F8C0000000000000000000000000000000000038
:10F8D0000000000000000000000000000000000028
:10F8E0000000000000000000000000000000000018
:10F8F0000000000000000000000000000000000008
:10F9000000000000000000000000000000000000F7
:10F9100000000000000000000000000000000000E7
:10F9200000000000000000000000000000000000D7
:10F9300000000000000000000000000000000000C7
:10F9400000000000000000000000000000000000B7
:10F9500000000000000000000000000000000000A7
:10F960000000000000000000000000000000000097
:10F970000000000000000000000000000000000087
:10F980000000000000000000000000000000000077
:10F990000000000000000000000000000000000067
:10F9A0000000000000000000000000000000000057
:10F9B0000000000000000000000000000000000047
:10F9C0000000000000000000000000000000000037
:10F9D0000000000000000000000000000000000027
:10F9E0000000000000000000000000000000000017
:10F9F0000000000000000000000000000000000007
:10FA000000000000000000000000000000000000F6
:10FA100000000000000000000000000000000000E6
:10FA200000000000000000000000000000000000D6
:10FA300000000000000000000000000000000000C6
:10FA400000000000000000000000000000000000B6
:10FA500000000000000000000000000000000000A6
:10FA60000000000000000000000000000000000096
:10FA70000000000000000000000000000000000086
:10FA80000000000000000000000000000000000076
:10FA90000000000000000000000000000000000066
:10FAA0000000000000000000000000000000000056
:10FAB0000000000000000000000000000000000046
:10FAC0000000000000000000000000000000000036
:10FAD0000000000000000000000000000000000026
:10FAE0000000000000000000000000000000000016
:10FAF0000000000000000000000000000000000006
:10FB000000000000000000000000000000000000F5
:10FB100000000000000000000000000000000000E5
:10FB200000000000000000000000000000000000D5
:10FB300000000000000000000000000000000000C5
:10FB400000000000000000000000000000000000B5
:10FB500000000000000000000000000000000000A5
:10FB60000000000000000000000000000000000095
:10FB70000000000000000000000000000000000085
:10FB80000000000000000000000000000000000075
:10FB90000000000000000000000000000000000065
:10FBA0000000000000000000000000000000000055
:10FBB0000000000000000000000000000000000045
:10FBC0000000000000000000000000000000000035
:10FBD0000000000000000000000000000000000025
:10FBE0000000000000000000000000000000000015
:10FBF0000000000000000000000000000000000005
:10FC000000000000000000000000000000000000F4
:10FC100000000000000000000000000000000000E4
:10FC200000000000000000000000000000000000D4
:10FC300000000000000000000000000000000000C4
:10FC400000000000000000000000000000000000B4
:10FC500000000000000000000000000000000000A4
:10FC60000000000000000000000000000000000094
:10FC70000000000000000000000000000000000084
:10FC80000000000000000000000000000000000074
:10FC90000000000000000000000000000000000064
:10FCA0000000000000000000000000000000000054
:10FCB0000000000000000000000000000000000044
:10FCC0000000000000000000000000000000000034
:10FCD0000000000000000000000000000000000024
:10FCE0000000000000000000000000000000000014
:10FCF0000000000000000000000000000000000004
:10FD000000000000000000000000000000000000F3
:10FD100000000000000000000000000000000000E3
:10FD200000000000000000000000000000000000D3
:10FD300000000000000000000000000000000000C3
:10FD400000000000000000000000000000000000B3
:10FD500000000000000000000000000000000000A3
:10FD60000000000000000000000000000000000093
:10FD70000000000000000000000000000000000083
:10FD80000000000000000000000000000000000073
:10FD90000000000000000000000000000000000063
:10FDA0000000000000000000000000000000000053
:10FDB0000000000000000000000000000000000043
:10FDC0000000000000000000000000000000000033
:10FDD0000000000000000000000000000000000023
:10FDE0000000000000000000000000000000000013
:10FDF0000000000000000000000000000000000003
:10FE000000000000000000000000000000000000F2
:10FE100000000000000000000000000000000000E2
:10FE200000000000000000000000000000000000D2
:10FE300000000000000000000000000000000000C2
:10FE400000000000000000000000000000000000B2
:10FE500000000000000000000000000000000000A2
:10FE60000000000000000000000000000000000092
:10FE70000000000000000000000000000000000082
:10FE80000000000000000000000000000000000072
:10FE90000000000000000000000000000000000062
:10FEA0000000000000000000000000000000000052
:10FEB0000000000000000000000000000000000042
:10FEC0000000000000000000000000000000000032
:10FED0000000000000000000000000000000000022
:10FEE0000000000000000000000000000000000012
:10FEF0000000000000000000000000000000000002
:10FF000000000000000000000000000000000000F1
:10FF100000000000000000000000000000000000E1
:10FF200000000000000000000000000000000000D1
:10FF300000000000000000000000000000000000C1
:10FF400000000000000000000000000000000000B1
:10FF500000000000000000000000000000000000A1
:10FF60000000000000000000000000000000000091
:10FF70000000000000000000000000000000000081
:10FF80000000000000000000000000000000000071
:10FF90000000000000000000000000000000000061
:10FFA0000000000000000000000000000000000051
:10FFB0000000000000000000000000000000000041
:10FFC0000000000000000000000000000000000031
:10FFD0000000000000000000000000000000000021
:10FFE0000000000000000000000000000000000011
:10FFF0000000000000000000000000000000000001
:020000041011D9
:1000000000000000000000000000000000000000F0
:1000100000000000000000000000000000000000E0
:1000200000000000000000000000000000000000D0
:1000300000000000000000000000000000000000C0
:1000400000000000000000000000000000000000B0
:1000500000000000000000000000000000000000A0
:100060000000000000000000000000000000000090
:100070000000000000000000000000000000000080
:100080000000000000000000000000000000000070
:100090000000000000000000000000000000000060
:1000A0000000000000000000000000000000000050
:1000B0000000000000000000000000000000000040
:1000C0000000000000000000000000000000000030
:1000D0000000000000000000000000000000000020
:1000E0000000000000000000000000000000000010
:1000F0000000000000000000000000000000000000
:1001000000000000000000000000000000000000EF
:1001100000000000000000000000000000000000DF
:1001200000000000000000000000000000000000CF
:1001300000000000000000000000000000000000BF
:1001400000000000000000000000000000000000AF
:10015000000000000000000000000000000000009F
:10016000000000000000000000000000000000008F
:10017000000000000000000000000000000000007F
:10018000000000000000000000000000000000006F
:10019000000000000000000000000000000000005F
:1001A000000000000000000000000000000000004F
:1001B000000000000000000000000000000000003F
:1001C000000000000000000000000000000000002F
:1001D000000000000000000000000000000000001F
:1001E000000000000000000000000000000000000F
:1001F00000000000000000000000000000000000FF
:1002000000000000000000000000000000000000EE
:1002100000000000000000000000000000000000DE
:1002200000000000000000000000000000000000CE
:1002300000000000000000000000000000000000BE
:1002400000000000000000000000000000000000AE
:10025000000000000000000000000000000000009E
:10026000000000000000000000000000000000008E
:10027000000000000000000000000000000000007E
:10028000000000000000000000000000000000006E
:10029000000000000000000000000000000000005E
:1002A000000000000000000000000000000000004E
:1002B000000000000000000000000000000000003E
:1002C000000000000000000000000000000000002E
:1002D000000000000000000000000000000000001E
:1002E000000000000000000000000000000000000E
:1002F00000000000000000000000000000000000FE
:1003000000000000000000000000000000000000ED
:1003100000000000000000000000000000000000DD
:1003200000000000000000000000000000000000CD
:1003300000000000000000000000000000000000BD
:1003400000000000000000000000000000000000AD
:10035000000000000000000000000000000000009D
:10036000000000000000000000000000000000008D
:10037000000000000000000000000000000000007D
:10038000000000000000000000000000000000006D
:10039000000000000000000000000000000000005D
:1003A000000000000000000000000000000000004D
:1003B000000000000000000000000000000000003D
:1003C000000000000000000000000000000000002D
:1003D000000000000000000000000000000000001D
:1003E000000000000000000000000000000000000D
:1003F00000000000000000000000000000000000FD
:1004000000000000000000000000000000000000EC
:1004100000000000000000000000000000000000DC
:1004200000000000000000000000000000000000CC
:1004300000000000000000000000000000000000BC
:1004400000000000000000000000000000000000AC
:10045000000000000000000000000000000000009C
:10046000000000000000000000000000000000008C
:10047000000000000000000000000000000000007C
:10048000000000000000000000000000000000006C
:10049000000000000000000000000000000000005C
:1004A000000000000000000000000000000000004C
:1004B000000000000000000000000000000000003C
:1004C000000000000000000000000000000000002C
:1004D000000000000000000000000000000000001C
:1004E000000000000000000000000000000000000C
:1004F00000000000000000000000000000000000FC
:1005000000000000000000000000000000000000EB
:1005100000000000000000000000000000000000DB
:1005200000000000000000000000000000000000CB
:1005300000000000000000000000000000000000BB
:1005400000000000000000000000000000000000AB
:10055000000000000000000000000000000000009B
:10056000000000000000000000000000000000008B
:10057000000000000000000000000000000000007B
:10058000000000000000000000000000000000006B
:10059000000000000000000000000000000000005B
:1005A000000000000000000000000000000000004B
:1005B000000000000000000000000000000000003B
:1005C000000000000000000000000000000000002B
:1005D000000000000000000000000000000000001B
:1005E000000000000000000000000000000000000B
:1005F00000000000000000000000000000000000FB
:1006000000000000000000000000000000000000EA
:1006100000000000000000000000000000000000DA
:1006200000000000000000000000000000000000CA
:1006300000000000000000000000000000000000BA
:1006400000000000000000000000000000000000AA
:10065000000000000000000000000000000000009A
:10066000000000000000000000000000000000008A
:10067000000000000000000000000000000000007A
:10068000000000000000000000000000000000006A
:10069000000000000000000000000000000000005A
:1006A000000000000000000000000000000000004A
:1006B000000000000000000000000000000000003A
:1006C000000000000000000000000000000000002A
:1006D000000000000000000000000000000000001A
:1006E000000000000000000000000000000000000A
:1006F00000000000000000000000000000000000FA
:1007000000000000000000000000000000000000E9
:1007100000000000000000000000000000000000D9
:1007200000000000000000000000000000000000C9
:1007300000000000000000000000000000000000B9
:1007400000000000000000000000000000000000A9
:100750000000000000000000000000000000000099
:100760000000000000000000000000000000000089
:100770000000000000000000000000000000000079
:100780000000000000000000000000000000000069
:100790000000000000000000000000000000000059
:1007A0000000000000000000000000000000000049
:1007B0000000000000000000000000000000000039
:1007C0000000000000000000000000000000000029
:1007D0000000000000000000000000000000000019
:1007E0000000000000000000000000000000000009
:1007F00000000000000000000000000000000000F9
:1008000000000000000000000000000000000000E8
:1008100000000000000000000000000000000000D8
:1008200000000000000000000000000000000000C8
:1008300000000000000000000000000000000000B8
:1008400000000000000000000000000000000000A8
:100850000000000000000000000000000000000098
:100860000000000000000000000000000000000088
:100870000000000000000000000000000000000078
:100880000000000000000000000000000000000068
:100890000000000000000000000000000000000058
:1008A0000000000000000000000000000000000048
:1008B0000000000000000000000000000000000038
:1008C0000000000000000000000000000000000028
:1008D0000000000000000000000000000000000018
:1008E0000000000000000000000000000000000008
:1008F00000000000000000000000000000000000F8
:1009000000000000000000000000000000000000E7
:1009100000000000000000000000000000000000D7
:1009200000000000000000000000000000000000C7
:1009300000000000000000000000000000000000B7
:1009400000000000000000000000000000000000A7
:100950000000000000000000000000000000000097
:100960000000000000000000000000000000000087
:100970000000000000000000000000000000000077
:100980000000000000000000000000000000000067
:100990000000000000000000000000000000000057
:1009A0000000000000000000000000000000000047
:1009B0000000000000000000000000000000000037
:1009C0000000000000000000000000000000000027
:1009D0000000000000000000000000000000000017
:1009E0000000000000000000000000000000000007
:1009F00000000000000000000000000000000000F7
:100A000000000000000000000000000000000000E6
:100A100000000000000000000000000000000000D6
:100A200000000000000000000000000000000000C6
:100A300000000000000000000000000000000000B6
:100A400000000000000000000000000000000000A6
:100A50000000000000000000000000000000000096
:100A60000000000000000000000000000000000086
:100A70000000000000000000000000000000000076
:100A80000000000000000000000000000000000066
:100A90000000000000000000000000000000000056
:100AA0000000000000000000000000000000000046
:100AB0000000000000000000000000000000000036
:100AC0000000000000000000000000000000000026
:100AD0000000000000000000000000000000000016
:100AE0000000000000000000000000000000000006
:100AF00000000000000000000000000000000000F6
:100B000000000000000000000000000000000000E5
:100B100000000000000000000000000000000000D5
:100B200000000000000000000000000000000000C5
:100B300000000000000000000000000000000000B5
:100B400000000000000000000000000000000000A5
:100B50000000000000000000000000000000000095
:100B60000000000000000000000000000000000085
:100B70000000000000000000000000000000000075
:100B80000000000000000000000000000000000065
:100B90000000000000000000000000000000000055
:100BA0000000000000000000000000000000000045
:100BB0000000000000000000000000000000000035
:100BC0000000000000000000000000000000000025
:100BD0000000000000000000000000000000000015
:100BE0000000000000000000000000000000000005
:100BF00000000000000000000000000000000000F5
:100C000000000000000000000000000000000000E4
:100C100000000000000000000000000000000000D4
:100C200000000000000000000000000000000000C4
:100C300000000000000000000000000000000000B4
:100C400000000000000000000000000000000000A4
:100C50000000000000000000000000000000000094
:100C60000000000000000000000000000000000084
:100C70000000000000000000000000000000000074
:100C80000000000000000000000000000000000064
:100C90000000000000000000000000000000000054
:100CA0000000000000000000000000000000000044
:100CB0000000000000000000000000000000000034
:100CC0000000000000000000000000000000000024
:100CD0000000000000000000000000000000000014
:100CE0000000000000000000000000000000000004
:100CF00000000000000000000000000000000000F4
:100D000000000000000000000000000000000000E3
:100D100000000000000000000000000000000000D3
:100D200000000000000000000000000000000000C3
:100D300000000000000000000000000000000000B3
:100D400000000000000000000000000000000000A3
:100D50000000000000000000000000000000000093
:100D60000000000000000000000000000000000083
:100D70000000000000000000000000000000000073
:100D80000000000000000000000000000000000063
:100D90000000000000000000000000000000000053
:100DA0000000000000000000000000000000000043
:100DB0000000000000000000000000000000000033
:100DC0000000000000000000000000000000000023
:100DD0000000000000000000000000000000000013
:100DE0000000000000000000000000000000000003
:100DF00000000000000000000000000000000000F3
:100E000000000000000000000000000000000000E2
:100E100000000000000000000000000000000000D2
:100E200000000000000000000000000000000000C2
:100E300000000000000000000000000000000000B2
:100E400000000000000000000000000000000000A2
:100E50000000000000000000000000000000000092
:100E60000000000000000000000000000000000082
:100E70000000000000000000000000000000000072
:100E80000000000000000000000000000000000062
:100E90000000000000000000000000000000000052
:100EA0000000000000000000000000000000000042
:100EB0000000000000000000000000000000000032
:100EC0000000000000000000000000000000000022
:100ED0000000000000000000000000000000000012
:100EE0000000000000000000000000000000000002
:100EF00000000000000000000000000000000000F2
:100F000000000000000000000000000000000000E1
:100F100000000000000000000000000000000000D1
:100F200000000000000000000000000000000000C1
:100F300000000000000000000000000000000000B1
:100F400000000000000000000000000000000000A1
:100F50000000000000000000000000000000000091
:100F60000000000000000000000000000000000081
:100F70000000000000000000000000000000000071
:100F80000000000000000000000000000000000061
:100F90000000000000000000000000000000000051
:100FA0000000000000000000000000000000000041
:100FB0000000000000000000000000000000000031
:100FC0000000000000000000000000000000000021
:100FD0000000000000000000000000000000000011
:100FE0000000000000000000000000000000000001
:100FF00000000000000000000000000000000000F1
:1010000000000000000000000000000000000000E0
:1010100000000000000000000000000000000000D0
:1010200000000000000000000000000000000000C0
:1010300000000000000000000000000000000000B0
:1010400000000000000000000000000000000000A0
:101050000000000000000000000000000000000090
:101060000000000000000000000000000000000080
:101070000000000000000000000000000000000070
:101080000000000000000000000000000000000060
:101090000000000000000000000000000000000050
:1010A0000000000000000000000000000000000040
:1010B0000000000000000000000000000000000030
:1010C0000000000000000000000000000000000020
:1010D0000000000000000000000000000000000010
:1010E0000000000000000000000000000000000000
:1010F00000000000000000000000000000000000F0
:1011000000000000000000000000000000000000DF
:1011100000000000000000000000000000000000CF
:1011200000000000000000000000000000000000BF
:1011300000000000000000000000000000000000AF
:10114000000000000000000000000000000000009F
:10115000000000000000000000000000000000008F
:10116000000000000000000000000000000000007F
:10117000000000000000000000000000000000006F
:10118000000000000000000000000000000000005F
:10119000000000000000000000000000000000004F
:1011A000000000000000000000000000000000003F
:1011B000000000000000000000000000000000002F
:1011C000000000000000000000000000000000001F
:1011D000000000000000000000000000000000000F
:1011E00000000000000000000000000000000000FF
:1011F00000000000000000000000000000000000EF
:1012000000000000000000000000000000000000DE
:1012100000000000000000000000000000000000CE
:1012200000000000000000000000000000000000BE
:1012300000000000000000000000000000000000AE
:10124000000000000000000000000000000000009E
:10125000000000000000000000000000000000008E
:10126000000000000000000000000000000000007E
:10127000000000000000000000000000000000006E
:10128000000000000000000000000000000000005E
:10129000000000000000000000000000000000004E
:1012A000000000000000000000000000000000003E
:1012B000000000000000000000000000000000002E
:1012C000000000000000000000000000000000001E
:1012D000000000000000000000000000000000000E
:1012E00000000000000000000000000000000000FE
:1012F00000000000000000000000000000000000EE
:1013000000000000000000000000000000000000DD
:1013100000000000000000000000000000000000CD
:1013200000000000000000000000000000000000BD
:1013300000000000000000000000000000000000AD
:10134000000000000000000000000000000000009D
:10135000000000000000000000000000000000008D
:10136000000000000000000000000000000000007D
:10137000000000000000000000000000000000006D
:10138000000000000000000000000000000000005D
:10139000000000000000000000000000000000004D
:1013A000000000000000000000000000000000003D
:1013B000000000000000000000000000000000002D
:1013C000000000000000000000000000000000001D
:1013D000000000000000000000000000000000000D
:1013E00000000000000000000000000000000000FD
:1013F00000000000000000000000000000000000ED
:1014000000000000000000000000000000000000DC
:1014100000000000000000000000000000000000CC
:1014200000000000000000000000000000000000BC
:1014300000000000000000000000000000000000AC
:10144000000000000000000000000000000000009C
:10145000000000000000000000000000000000008C
:10146000000000000000000000000000000000007C
:10147000000000000000000000000000000000006C
:10148000000000000000000000000000000000005C
:10149000000000000000000000000000000000004C
:1014A000000000000000000000000000000000003C
:1014B000000000000000000000000000000000002C
:1014C000000000000000000000000000000000001C
:1014D000000000000000000000000000000000000C
:1014E00000000000000000000000000000000000FC
:1014F00000000000000000000000000000000000EC
:1015000000000000000000000000000000000000DB
:1015100000000000000000000000000000000000CB
:1015200000000000000000000000000000000000BB
:1015300000000000000000000000000000000000AB
:10154000000000000000000000000000000000009B
:10155000000000000000000000000000000000008B
:10156000000000000000000000000000000000007B
:10157000000000000000000000000000000000006B
:10158000000000000000000000000000000000005B
:10159000000000000000000000000000000000004B
:1015A000000000000000000000000000000000003B
:1015B000000000000000000000000000000000002B
:1015C000000000000000000000000000000000001B
:1015D000000000000000000000000000000000000B
:1015E00000000000000000000000000000000000FB
:1015F00000000000000000000000000000000000EB
:1016000000000000000000000000000000000000DA
:1016100000000000000000000000000000000000CA
:1016200000000000000000000000000000000000BA
:1016300000000000000000000000000000000000AA
:10164000000000000000000000000000000000009A
:10165000000000000000000000000000000000008A
:10166000000000000000000000000000000000007A
:10167000000000000000000000000000000000006A
:10168000000000000000000000000000000000005A
:10169000000000000000000000000000000000004A
:1016A000000000000000000000000000000000003A
:1016B000000000000000000000000000000000002A
:1016C000000000000000000000000000000000001A
:1016D000000000000000000000000000000000000A
:1016E00000000000000000000000000000000000FA
:1016F00000000000000000000000000000000000EA
:1017000000000000000000000000000000000000D9
:1017100000000000000000000000000000000000C9
:1017200000000000000000000000000000000000B9
:1017300000000000000000000000000000000000A9
:101740000000000000000000000000000000000099
:101750000000000000000000000000000000000089
:101760000000000000000000000000000000000079
:101770000000000000000000000000000000000069
:101780000000000000000000000000000000000059
:101790000000000000000000000000000000000049
:1017A0000000000000000000000000000000000039
:1017B0000000000000000000000000000000000029
:1017C0000000000000000000000000000000000019
:1017D0000000000000000000000000000000000009
:1017E00000000000000000000000000000000000F9
:1017F00000000000000000000000000000000000E9
:1018000000000000000000000000000000000000D8
:1018100000000000000000000000000000000000C8
:1018200000000000000000000000000000000000B8
:1018300000000000000000000000000000000000A8
:101840000000000000000000000000000000000098
:101850000000000000000000000000000000000088
:101860000000000000000000000000000000000078
:101870000000000000000000000000000000000068
:101880000000000000000000000000000000000058
:101890000000000000000000000000000000000048
:1018A0000000000000000000000000000000000038
:1018B0000000000000000000000000000000000028
:1018C0000000000000000000000000000000000018
:1018D0000000000000000000000000000000000008
:1018E00000000000000000000000000000000000F8
:1018F00000000000000000000000000000000000E8
:1019000000000000000000000000000000000000D7
:1019100000000000000000000000000000000000C7
:1019200000000000000000000000000000000000B7
:1019300000000000000000000000000000000000A7
:101940000000000000000000000000000000000097
:101950000000000000000000000000000000000087
:101960000000000000000000000000000000000077
:101970000000000000000000000000000000000067
:101980000000000000000000000000000000000057
:101990000000000000000000000000000000000047
:1019A0000000000000000000000000000000000037
:1019B0000000000000000000000000000000000027
:1019C0000000000000000000000000000000000017
:1019D0000000000000000000000000000000000007
:1019E00000000000000000000000000000000000F7
:1019F00000000000000000000000000000000000E7
:101A000000000000000000000000000000000000D6
:101A100000000000000000000000000000000000C6
:101A200000000000000000000000000000000000B6
:101A300000000000000000000000000000000000A6
:101A40000000000000000000000000000000000096
:101A50000000000000000000000000000000000086
:101A60000000000000000000000000000000000076
:101A70000000000000000000000000000000000066
:101A80000000000000000000000000000000000056
:101A90000000000000000000000000000000000046
:101AA0000000000000000000000000000000000036
:101AB0000000000000000000000000000000000026
:101AC0000000000000000000000000000000000016
:101AD0000000000000000000000000000000000006
:101AE00000000000000000000000000000000000F6
:101AF00000000000000000000000000000000000E6
:101B000000000000000000000000000000000000D5
:101B100000000000000000000000000000000000C5
:101B200000000000000000000000000000000000B5
:101B300000000000000000000000000000000000A5
:101B40000000000000000000000000000000000095
:101B50000000000000000000000000000000000085
:101B60000000000000000000000000000000000075
:101B70000000000000000000000000000000000065
:101B80000000000000000000000000000000000055
:101B90000000000000000000000000000000000045
:101BA0000000000000000000000000000000000035
:101BB0000000000000000000000000000000000025
:101BC0000000000000000000000000000000000015
:101BD0000000000000000000000000000000000005
:101BE00000000000000000000000000000000000F5
:101BF00000000000000000000000000000000000E5
:101C000000000000000000000000000000000000D4
:101C100000000000000000000000000000000000C4
:101C200000000000000000000000000000000000B4
:101C300000000000000000000000000000000000A4
:101C40000000000000000000000000000000000094
:101C50000000000000000000000000000000000084
:101C60000000000000000000000000000000000074
:101C70000000000000000000000000000000000064
:101C80000000000000000000000000000000000054
:101C90000000000000000000000000000000000044
:101CA0000000000000000000000000000000000034
:101CB0000000000000000000000000000000000024
:101CC0000000000000000000000000000000000014
:101CD0000000000000000000000000000000000004
:101CE00000000000000000000000000000000000F4
:101CF00000000000000000000000000000000000E4
:101D000000000000000000000000000000000000D3
:101D100000000000000000000000000000000000C3
:101D200000000000000000000000000000000000B3
:101D300000000000000000000000000000000000A3
:101D40000000000000000000000000000000000093
:101D50000000000000000000000000000000000083
:101D60000000000000000000000000000000000073
:101D70000000000000000000000000000000000063
:101D80000000000000000000000000000000000053
:101D90000000000000000000000000000000000043
:101DA0000000000000000000000000000000000033
:101DB0000000000000000000000000000000000023
:101DC0000000000000000000000000000000000013
:101DD0000000000000000000000000000000000003
:101DE00000000000000000000000000000000000F3
:101DF00000000000000000000000000000000000E3
:101E000000000000000000000000000000000000D2
:101E100000000000000000000000000000000000C2
:101E200000000000000000000000000000000000B2
:101E300000000000000000000000000000000000A2
:101E40000000000000000000000000000000000092
:101E50000000000000000000000000000000000082
:101E60000000000000000000000000000000000072
:101E70000000000000000000000000000000000062
:101E80000000000000000000000000000000000052
:101E90000000000000000000000000000000000042
:101EA0000000000000000000000000000000000032
:101EB0000000000000000000000000000000000022
:101EC0000000000000000000000000000000000012
:101ED0000000000000000000000000000000000002
:101EE00000000000000000000000000000000000F2
:101EF00000000000000000000000000000000000E2
:101F000000000000000000000000000000000000D1
:101F100000000000000000000000000000000000C1
:101F200000000000000000000000000000000000B1
:101F300000000000000000000000000000000000A1
:101F40000000000000000000000000000000000091
:101F50000000000000000000000000000000000081
:101F60000000000000000000000000000000000071
:101F70000000000000000000000000000000000061
:101F80000000000000000000000000000000000051
:101F90000000000000000000000000000000000041
:101FA0000000000000000000000000000000000031
:101FB0000000000000000000000000000000000021
:101FC0000000000000000000000000000000000011
:101FD0000000000000000000000000000000000001
:101FE00000000000000000000000000000000000F1
:101FF00000000000000000000000000000000000E1
:1020000000000000000000000000000000000000D0
:1020100000000000000000000000000000000000C0
:1020200000000000000000000000000000000000B0
:1020300000000000000000000000000000000000A0
:102040000000000000000000000000000000000090
:102050000000000000000000000000000000000080
:102060000000000000000000000000000000000070
:102070000000000000000000000000000000000060
:102080000000000000000000000000000000000050
:102090000000000000000000000000000000000040
:1020A0000000000000000000000000000000000030
:1020B0000000000000000000000000000000000020
:1020C0000000000000000000000000000000000010
:1020D0000000000000000000000000000000000000
:1020E00000000000000000000000000000000000F0
:1020F00000000000000000000000000000000000E0
:1021000000000000000000000000000000000000CF
:1021100000000000000000000000000000000000BF
:1021200000000000000000000000000000000000AF
:10213000000000000000000000000000000000009F
:10214000000000000000000000000000000000008F
:10215000000000000000000000000000000000007F
:10216000000000000000000000000000000000006F
:10217000000000000000000000000000000000005F
:10218000000000000000000000000000000000004F
:10219000000000000000000000000000000000003F
:1021A000000000000000000000000000000000002F
:1021B000000000000000000000000000000000001F
:1021C000000000000000000000000000000000000F
:1021D00000000000000000000000000000000000FF
:1021E00000000000000000000000000000000000EF
:1021F00000000000000000000000000000000000DF
:1022000000000000000000000000000000000000CE
:1022100000000000000000000000000000000000BE
:1022200000000000000000000000000000000000AE
:10223000000000000000000000000000000000009E
:10224000000000000000000000000000000000008E
:10225000000000000000000000000000000000007E
:10226000000000000000000000000000000000006E
:10227000000000000000000000000000000000005E
:10228000000000000000000000000000000000004E
:10229000000000000000000000000000000000003E
:1022A000000000000000000000000000000000002E
:1022B000000000000000000000000000000000001E
:1022C000000000000000000000000000000000000E
:1022D00000000000000000000000000000000000FE
:1022E00000000000000000000000000000000000EE
:1022F00000000000000000000000000000000000DE
:1023000000000000000000000000000000000000CD
:1023100000000000000000000000000000000000BD
:1023200000000000000000000000000000000000AD
:10233000000000000000000000000000000000009D
:10234000000000000000000000000000000000008D
:10235000000000000000000000000000000000007D
:10236000000000000000000000000000000000006D
:10237000000000000000000000000000000000005D
:10238000000000000000000000000000000000004D
:10239000000000000000000000000000000000003D
:1023A000000000000000000000000000000000002D
:1023B000000000000000000000000000000000001D
:1023C000000000000000000000000000000000000D
:1023D00000000000000000000000000000000000FD
:1023E00000000000000000000000000000000000ED
:1023F00000000000000000000000000000000000DD
:1024000000000000000000000000000000000000CC
:1024100000000000000000000000000000000000BC
:1024200000000000000000000000000000000000AC
:10243000000000000000000000000000000000009C
:10244000000000000000000000000000000000008C
:10245000000000000000000000000000000000007C
:10246000000000000000000000000000000000006C
:10247000000000000000000000000000000000005C
:10248000000000000000000000000000000000004C
:10249000000000000000000000000000000000003C
:1024A000000000000000000000000000000000002C
:1024B000000000000000000000000000000000001C
:1024C000000000000000000000000000000000000C
:1024D00000000000000000000000000000000000FC
:1024E00000000000000000000000000000000000EC
:1024F00000000000000000000000000000000000DC
:1025000000000000000000000000000000000000CB
:1025100000000000000000000000000000000000BB
:1025200000000000000000000000000000000000AB
:10253000000000000000000000000000000000009B
:10254000000000000000000000000000000000008B
:10255000000000000000000000000000000000007B
:10256000000000000000000000000000000000006B
:10257000000000000000000000000000000000005B
:10258000000000000000000000000000000000004B
:10259000000000000000000000000000000000003B
:1025A000000000000000000000000000000000002B
:1025B000000000000000000000000000000000001B
:1025C000000000000000000000000000000000000B
:1025D00000000000000000000000000000000000FB
:1025E00000000000000000000000000000000000EB
:1025F00000000000000000000000000000000000DB
:1026000000000000000000000000000000000000CA
:1026100000000000000000000000000000000000BA
:1026200000000000000000000000000000000000AA
:10263000000000000000000000000000000000009A
:10264000000000000000000000000000000000008A
:10265000000000000000000000000000000000007A
:10266000000000000000000000000000000000006A
:10267000000000000000000000000000000000005A
:10268000000000000000000000000000000000004A
:10269000000000000000000000000000000000003A
:1026A000000000000000000000000000000000002A
:1026B000000000000000000000000000000000001A
:1026C000000000000000000000000000000000000A
:1026D00000000000000000000000000000000000FA
:1026E00000000000000000000000000000000000EA
:1026F00000000000000000000000000000000000DA
:1027000000000000000000000000000000000000C9
:1027100000000000000000000000000000000000B9
:1027200000000000000000000000000000000000A9
:102730000000000000000000000000000000000099
:102740000000000000000000000000000000000089
:102750000000000000000000000000000000000079
:102760000000000000000000000000000000000069
:102770000000000000000000000000000000000059
:102780000000000000000000000000000000000049
:102790000000000000000000000000000000000039
:1027A0000000000000000000000000000000000029
:1027B0000000000000000000000000000000000019
:1027C0000000000000000000000000000000000009
:1027D00000000000000000000000000000000000F9
:1027E00000000000000000000000000000000000E9
:1027F00000000000000000000000000000000000D9
:1028000000000000000000000000000000000000C8
:1028100000000000000000000000000000000000B8
:1028200000000000000000000000000000000000A8
:102830000000000000000000000000000000000098
:102840000000000000000000000000000000000088
:102850000000000000000000000000000000000078
:102860000000000000000000000000000000000068
:102870000000000000000000000000000000000058
:102880000000000000000000000000000000000048
:102890000000000000000000000000000000000038
:1028A0000000000000000000000000000000000028
:1028B0000000000000000000000000000000000018
:1028C0000000000000000000000000000000000008
:1028D00000000000000000000000000000000000F8
:1028E00000000000000000000000000000000000E8
:1028F00000000000000000000000000000000000D8
:1029000000000000000000000000000000000000C7
:1029100000000000000000000000000000000000B7
:1029200000000000000000000000000000000000A7
:102930000000000000000000000000000000000097
:102940000000000000000000000000000000000087
:102950000000000000000000000000000000000077
:102960000000000000000000000000000000000067
:102970000000000000000000000000000000000057
:102980000000000000000000000000000000000047
:102990000000000000000000000000000000000037
:1029A0000000000000000000000000000000000027
:1029B0000000000000000000000000000000000017
:1029C0000000000000000000000000000000000007
:1029D00000000000000000000000000000000000F7
:1029E00000000000000000000000000000000000E7
:1029F00000000000000000000000000000000000D7
:102A000000000000000000000000000000000000C6
:102A100000000000000000000000000000000000B6
:102A200000000000000000000000000000000000A6
:102A30000000000000000000000000000000000096
:102A40000000000000000000000000000000000086
:102A50000000000000000000000000000000000076
:102A60000000000000000000000000000000000066
:102A70000000000000000000000000000000000056
:102A80000000000000000000000000000000000046
:102A90000000000000000000000000000000000036
:102AA0000000000000000000000000000000000026
:102AB0000000000000000000000000000000000016
:102AC0000000000000000000000000000000000006
:102AD00000000000000000000000000000000000F6
:102AE00000000000000000000000000000000000E6
:102AF00000000000000000000000000000000000D6
:102B000000000000000000000000000000000000C5
:102B100000000000000000000000000000000000B5
:102B200000000000000000000000000000000000A5
:102B30000000000000000000000000000000000095
:102B40000000000000000000000000000000000085
:102B50000000000000000000000000000000000075
:102B60000000000000000000000000000000000065
:102B70000000000000000000000000000000000055
:102B80000000000000000000000000000000000045
:102B90000000000000000000000000000000000035
:102BA0000000000000000000000000000000000025
:102BB0000000000000000000000000000000000015
:102BC0000000000000000000000000000000000005
:102BD00000000000000000000000000000000000F5
:102BE00000000000000000000000000000000000E5
:102BF00000000000000000000000000000000000D5
:102C000000000000000000000000000000000000C4
:102C100000000000000000000000000000000000B4
:102C200000000000000000000000000000000000A4
:102C30000000000000000000000000000000000094
:102C40000000000000000000000000000000000084
:102C50000000000000000000000000000000000074
:102C60000000000000000000000000000000000064
:102C70000000000000000000000000000000000054
:102C80000000000000000000000000000000000044
:102C90000000000000000000000000000000000034
:102CA0000000000000000000000000000000000024
:102CB0000000000000000000000000000000000014
:102CC0000000000000000000000000000000000004
:102CD00000000000000000000000000000000000F4
:102CE00000000000000000000000000000000000E4
:102CF00000000000000000000000000000000000D4
:102D000000000000000000000000000000000000C3
:102D100000000000000000000000000000000000B3
:102D200000000000000000000000000000000000A3
:102D30000000000000000000000000000000000093
:102D40000000000000000000000000000000000083
:102D50000000000000000000000000000000000073
:102D60000000000000000000000000000000000063
:102D70000000000000000000000000000000000053
:102D80000000000000000000000000000000000043
:102D90000000000000000000000000000000000033
:102DA0000000000000000000000000000000000023
:102DB0000000000000000000000000000000000013
:102DC0000000000000000000000000000000000003
:102DD00000000000000000000000000000000000F3
:102DE00000000000000000000000000000000000E3
:102DF00000000000000000000000000000000000D3
:102E000000000000000000000000000000000000C2
:102E100000000000000000000000000000000000B2
:102E200000000000000000000000000000000000A2
:102E30000000000000000000000000000000000092
:102E40000000000000000000000000000000000082
:102E50000000000000000000000000000000000072
:102E60000000000000000000000000000000000062
:102E70000000000000000000000000000000000052
:102E80000000000000000000000000000000000042
:102E90000000000000000000000000000000000032
:102EA0000000000000000000000000000000000022
:102EB0000000000000000000000000000000000012
:102EC0000000000000000000000000000000000002
:102ED00000000000000000000000000000000000F2
:102EE00000000000000000000000000000000000E2
:102EF00000000000000000000000000000000000D2
:102F000000000000000000000000000000000000C1
:102F100000000000000000000000000000000000B1
:102F200000000000000000000000000000000000A1
:102F30000000000000000000000000000000000091
:102F40000000000000000000000000000000000081
:102F50000000000000000000000000000000000071
:102F60000000000000000000000000000000000061
:102F70000000000000000000000000000000000051
:102F80000000000000000000000000000000000041
:102F90000000000000000000000000000000000031
:102FA0000000000000000000000000000000000021
:102FB0000000000000000000000000000000000011
:102FC0000000000000000000000000000000000001
:102FD00000000000000000000000000000000000F1
:102FE00000000000000000000000000000000000E1
:102FF00000000000000000000000000000000000D1
:1030000000000000000000000000000000000000C0
:1030100000000000000000000000000000000000B0
:1030200000000000000000000000000000000000A0
:103030000000000000000000000000000000000090
:103040000000000000000000000000000000000080
:103050000000000000000000000000000000000070
:103060000000000000000000000000000000000060
:103070000000000000000000000000000000000050
:103080000000000000000000000000000000000040
:103090000000000000000000000000000000000030
:1030A0000000000000000000000000000000000020
:1030B0000000000000000000000000000000000010
:1030C0000000000000000000000000000000000000
:1030D00000000000000000000000000000000000F0
:1030E00000000000000000000000000000000000E0
:1030F00000000000000000000000000000000000D0
:1031000000000000000000000000000000000000BF
:1031100000000000000000000000000000000000AF
:10312000000000000000000000000000000000009F
:10313000000000000000000000000000000000008F
:10314000000000000000000000000000000000007F
:10315000000000000000000000000000000000006F
:10316000000000000000000000000000000000005F
:10317000000000000000000000000000000000004F
:10318000000000000000000000000000000000003F
:10319000000000000000000000000000000000002F
:1031A000000000000000000000000000000000001F
:1031B000000000000000000000000000000000000F
:1031C00000000000000000000000000000000000FF
:1031D00000000000000000000000000000000000EF
:1031E00000000000000000000000000000000000DF
:1031F00000000000000000000000000000000000CF
:1032000000000000000000000000000000000000BE
:1032100000000000000000000000000000000000AE
:10322000000000000000000000000000000000009E
:10323000000000000000000000000000000000008E
:10324000000000000000000000000000000000007E
:10325000000000000000000000000000000000006E
:10326000000000000000000000000000000000005E
:10327000000000000000000000000000000000004E
:10328000000000000000000000000000000000003E
:10329000000000000000000000000000000000002E
:1032A000000000000000000000000000000000001E
:1032B000000000000000000000000000000000000E
:1032C00000000000000000000000000000000000FE
:1032D00000000000000000000000000000000000EE
:1032E00000000000000000000000000000000000DE
:1032F00000000000000000000000000000000000CE
:1033000000000000000000000000000000000000BD
:1033100000000000000000000000000000000000AD
:10332000000000000000000000000000000000009D
:10333000000000000000000000000000000000008D
:10334000000000000000000000000000000000007D
:10335000000000000000000000000000000000006D
:10336000000000000000000000000000000000005D
:10337000000000000000000000000000000000004D
:10338000000000000000000000000000000000003D
:10339000000000000000000000000000000000002D
:1033A000000000000000000000000000000000001D
:1033B000000000000000000000000000000000000D
:1033C00000000000000000000000000000000000FD
:1033D00000000000000000000000000000000000ED
:1033E00000000000000000000000000000000000DD
:1033F00000000000000000000000000000000000CD
:1034000000000000000000000000000000000000BC
:1034100000000000000000000000000000000000AC
:10342000000000000000000000000000000000009C
:10343000000000000000000000000000000000008C
:10344000000000000000000000000000000000007C
:10345000000000000000000000000000000000006C
:10346000000000000000000000000000000000005C
:10347000000000000000000000000000000000004C
:10348000000000000000000000000000000000003C
:10349000000000000000000000000000000000002C
:1034A000000000000000000000000000000000001C
:1034B000000000000000000000000000000000000C
:1034C00000000000000000000000000000000000FC
:1034D00000000000000000000000000000000000EC
:1034E00000000000000000000000000000000000DC
:1034F00000000000000000000000000000000000CC
:1035000000000000000000000000000000000000BB
:1035100000000000000000000000000000000000AB
:10352000000000000000000000000000000000009B
:10353000000000000000000000000000000000008B
:10354000000000000000000000000000000000007B
:10355000000000000000000000000000000000006B
:10356000000000000000000000000000000000005B
:10357000000000000000000000000000000000004B
:10358000000000000000000000000000000000003B
:10359000000000000000000000000000000000002B
:1035A000000000000000000000000000000000001B
:1035B000000000000000000000000000000000000B
:1035C00000000000000000000000000000000000FB
:1035D00000000000000000000000000000000000EB
:1035E00000000000000000000000000000000000DB
:1035F00000000000000000000000000000000000CB
:1036000000000000000000000000000000000000BA
:1036100000000000000000000000000000000000AA
:10362000000000000000000000000000000000009A
:10363000000000000000000000000000000000008A
:10364000000000000000000000000000000000007A
:10365000000000000000000000000000000000006A
:10366000000000000000000000000000000000005A
:10367000000000000000000000000000000000004A
:10368000000000000000000000000000000000003A
:10369000000000000000000000000000000000002A
:1036A000000000000000000000000000000000001A
:1036B000000000000000000000000000000000000A
:1036C00000000000000000000000000000000000FA
:1036D00000000000000000000000000000000000EA
:1036E00000000000000000000000000000000000DA
:1036F00000000000000000000000000000000000CA
:1037000000000000000000000000000000000000B9
:1037100000000000000000000000000000000000A9
:103720000000000000000000000000000000000099
:103730000000000000000000000000000000000089
:103740000000000000000000000000000000000079
:103750000000000000000000000000000000000069
:103760000000000000000000000000000000000059
:103770000000000000000000000000000000000049
:103780000000000000000000000000000000000039
:103790000000000000000000000000000000000029
:1037A0000000000000000000000000000000000019
:1037B0000000000000000000000000000000000009
:1037C00000000000000000000000000000000000F9
:1037D00000000000000000000000000000000000E9
:1037E00000000000000000000000000000000000D9
:1037F00000000000000000000000000000000000C9
:1038000000000000000000000000000000000000B8
:1038100000000000000000000000000000000000A8
:103820000000000000000000000000000000000098
:103830000000000000000000000000000000000088
:103840000000000000000000000000000000000078
:103850000000000000000000000000000000000068
:103860000000000000000000000000000000000058
:103870000000000000000000000000000000000048
:103880000000000000000000000000000000000038
:103890000000000000000000000000000000000028
:1038A0000000000000000000000000000000000018
:1038B0000000000000000000000000000000000008
:1038C00000000000000000000000000000000000F8
:1038D00000000000000000000000000000000000E8
:1038E00000000000000000000000000000000000D8
:1038F00000000000000000000000000000000000C8
:1039000000000000000000000000000000000000B7
:1039100000000000000000000000000000000000A7
:103920000000000000000000000000000000000097
:103930000000000000000000000000000000000087
:103940000000000000000000000000000000000077
:103950000000000000000000000000000000000067
:103960000000000000000000000000000000000057
:103970000000000000000000000000000000000047
:103980000000000000000000000000000000000037
:103990000000000000000000000000000000000027
:1039A0000000000000000000000000000000000017
:1039B0000000000000000000000000000000000007
:1039C00000000000000000000000000000000000F7
:1039D00000000000000000000000000000000000E7
:1039E00000000000000000000000000000000000D7
:1039F00000000000000000000000000000000000C7
:103A000000000000000000000000000000000000B6
:103A100000000000000000000000000000000000A6
:103A20000000000000000000000000000000000096
:103A30000000000000000000000000000000000086
:103A40000000000000000000000000000000000076
:103A50000000000000000000000000000000000066
:103A60000000000000000000000000000000000056
:103A70000000000000000000000000000000000046
:103A80000000000000000000000000000000000036
:103A90000000000000000000000000000000000026
:103AA0000000000000000000000000000000000016
:103AB0000000000000000000000000000000000006
:103AC00000000000000000000000000000000000F6
:103AD00000000000000000000000000000000000E6
:103AE00000000000000000000000000000000000D6
:103AF00000000000000000000000000000000000C6
:103B000000000000000000000000000000000000B5
:103B100000000000000000000000000000000000A5
:103B20000000000000000000000000000000000095
:103B30000000000000000000000000000000000085
:103B40000000000000000000000000000000000075
:103B50000000000000000000000000000000000065
:103B60000000000000000000000000000000000055
:103B70000000000000000000000000000000000045
:103B80000000000000000000000000000000000035
:103B90000000000000000000000000000000000025
:103BA0000000000000000000000000000000000015
:103BB0000000000000000000000000000000000005
:103BC00000000000000000000000000000000000F5
:103BD00000000000000000000000000000000000E5
:103BE00000000000000000000000000000000000D5
:103BF00000000000000000000000000000000000C5
:103C000000000000000000000000000000000000B4
:103C100000000000000000000000000000000000A4
:103C20000000000000000000000000000000000094
:103C30000000000000000000000000000000000084
:103C40000000000000000000000000000000000074
:103C50000000000000000000000000000000000064
:103C60000000000000000000000000000000000054
:103C70000000000000000000000000000000000044
:103C80000000000000000000000000000000000034
:103C90000000000000000000000000000000000024
:103CA0000000000000000000000000000000000014
:103CB0000000000000000000000000000000000004
:103CC00000000000000000000000000000000000F4
:103CD00000000000000000000000000000000000E4
:103CE00000000000000000000000000000000000D4
:103CF00000000000000000000000000000000000C4
:103D000000000000000000000000000000000000B3
:103D100000000000000000000000000000000000A3
:103D20000000000000000000000000000000000093
:103D30000000000000000000000000000000000083
:103D40000000000000000000000000000000000073
:103D50000000000000000000000000000000000063
:103D60000000000000000000000000000000000053
:103D70000000000000000000000000000000000043
:103D80000000000000000000000000000000000033
:103D90000000000000000000000000000000000023
:103DA0000000000000000000000000000000000013
:103DB0000000000000000000000000000000000003
:103DC00000000000000000000000000000000000F3
:103DD00000000000000000000000000000000000E3
:103DE00000000000000000000000000000000000D3
:103DF00000000000000000000000000000000000C3
:103E000000000000000000000000000000000000B2
:103E100000000000000000000000000000000000A2
:103E20000000000000000000000000000000000092
:103E30000000000000000000000000000000000082
:103E40000000000000000000000000000000000072
:103E50000000000000000000000000000000000062
:103E60000000000000000000000000000000000052
:103E70000000000000000000000000000000000042
:103E80000000000000000000000000000000000032
:103E90000000000000000000000000000000000022
:103EA0000000000000000000000000000000000012
:103EB0000000000000000000000000000000000002
:103EC00000000000000000000000000000000000F2
:103ED00000000000000000000000000000000000E2
:103EE00000000000000000000000000000000000D2
:103EF00000000000000000000000000000000000C2
:103F000000000000000000000000000000000000B1
:103F100000000000000000000000000000000000A1
:103F20000000000000000000000000000000000091
:103F30000000000000000000000000000000000081
:103F40000000000000000000000000000000000071
:103F50000000000000000000000000000000000061
:103F60000000000000000000000000000000000051
:103F70000000000000000000000000000000000041
:103F80000000000000000000000000000000000031
:103F90000000000000000000000000000000000021
:103FA0000000000000000000000000000000000011
:103FB0000000000000000000000000000000000001
:103FC00000000000000000000000000000000000F1
:103FD00000000000000000000000000000000000E1
:103FE00000000000000000000000000000000000D1
:103FF00000000000000000000000000000000000C1
:1040000000000000000000000000000000000000B0
:1040100000000000000000000000000000000000A0
:104020000000000000000000000000000000000090
:104030000000000000000000000000000000000080
:104040000000000000000000000000000000000070
:104050000000000000000000000000000000000060
:104060000000000000000000000000000000000050
:104070000000000000000000000000000000000040
:104080000000000000000000000000000000000030
:104090000000000000000000000000000000000020
:1040A0000000000000000000000000000000000010
:1040B0000000000000000000000000000000000000
:1040C00000000000000000000000000000000000F0
:1040D00000000000000000000000000000000000E0
:1040E00000000000000000000000000000000000D0
:1040F00000000000000000000000000000000000C0
:1041000000000000000000000000000000000000AF
:10411000000000000000000000000000000000009F
:10412000000000000000000000000000000000008F
:10413000000000000000000000000000000000007F
:10414000000000000000000000000000000000006F
:10415000000000000000000000000000000000005F
:10416000000000000000000000000000000000004F
:10417000000000000000000000000000000000003F
:10418000000000000000000000000000000000002F
:10419000000000000000000000000000000000001F
:1041A000000000000000000000000000000000000F
:1041B00000000000000000000000000000000000FF
:1041C00000000000000000000000000000000000EF
:1041D00000000000000000000000000000000000DF
:1041E00000000000000000000000000000000000CF
:1041F00000000000000000000000000000000000BF
:1042000000000000000000000000000000000000AE
:10421000000000000000000000000000000000009E
:10422000000000000000000000000000000000008E
:10423000000000000000000000000000000000007E
:10424000000000000000000000000000000000006E
:10425000000000000000000000000000000000005E
:10426000000000000000000000000000000000004E
:10427000000000000000000000000000000000003E
:10428000000000000000000000000000000000002E
:10429000000000000000000000000000000000001E
:1042A000000000000000000000000000000000000E
:1042B00000000000000000000000000000000000FE
:1042C00000000000000000000000000000000000EE
:1042D00000000000000000000000000000000000DE
:1042E00000000000000000000000000000000000CE
:1042F00000000000000000000000000000000000BE
:1043000000000000000000000000000000000000AD
:10431000000000000000000000000000000000009D
:10432000000000000000000000000000000000008D
:10433000000000000000000000000000000000007D
:10434000000000000000000000000000000000006D
:10435000000000000000000000000000000000005D
:10436000000000000000000000000000000000004D
:10437000000000000000000000000000000000003D
:10438000000000000000000000000000000000002D
:10439000000000000000000000000000000000001D
:1043A000000000000000000000000000000000000D
:1043B00000000000000000000000000000000000FD
:1043C00000000000000000000000000000000000ED
:1043D00000000000000000000000000000000000DD
:1043E00000000000000000000000000000000000CD
:1043F00000000000000000000000000000000000BD
:1044000000000000000000000000000000000000AC
:10441000000000000000000000000000000000009C
:10442000000000000000000000000000000000008C
:10443000000000000000000000000000000000007C
:10444000000000000000000000000000000000006C
:10445000000000000000000000000000000000005C
:10446000000000000000000000000000000000004C
:10447000000000000000000000000000000000003C
:10448000000000000000000000000000000000002C
:10449000000000000000000000000000000000001C
:1044A000000000000000000000000000000000000C
:1044B00000000000000000000000000000000000FC
:1044C00000000000000000000000000000000000EC
:1044D00000000000000000000000000000000000DC
:1044E00000000000000000000000000000000000CC
:1044F00000000000000000000000000000000000BC
:1045000000000000000000000000000000000000AB
:10451000000000000000000000000000000000009B
:10452000000000000000000000000000000000008B
:10453000000000000000000000000000000000007B
:10454000000000000000000000000000000000006B
:10455000000000000000000000000000000000005B
:10456000000000000000000000000000000000004B
:10457000000000000000000000000000000000003B
:10458000000000000000000000000000000000002B
:10459000000000000000000000000000000000001B
:1045A000000000000000000000000000000000000B
:1045B00000000000000000000000000000000000FB
:1045C00000000000000000000000000000000000EB
:1045D00000000000000000000000000000000000DB
:1045E00000000000000000000000000000000000CB
:1045F00000000000000000000000000000000000BB
:1046000000000000000000000000000000000000AA
:10461000000000000000000000000000000000009A
:10462000000000000000000000000000000000008A
:10463000000000000000000000000000000000007A
:10464000000000000000000000000000000000006A
:10465000000000000000000000000000000000005A
:10466000000000000000000000000000000000004A
:10467000000000000000000000000000000000003A
:10468000000000000000000000000000000000002A
:10469000000000000000000000000000000000001A
:1046A000000000000000000000000000000000000A
:1046B00000000000000000000000000000000000FA
:1046C00000000000000000000000000000000000EA
:1046D00000000000000000000000000000000000DA
:1046E00000000000000000000000000000000000CA
:1046F00000000000000000000000000000000000BA
:1047000000000000000000000000000000000000A9
:104710000000000000000000000000000000000099
:104720000000000000000000000000000000000089
:104730000000000000000000000000000000000079
:104740000000000000000000000000000000000069
:104750000000000000000000000000000000000059
:104760000000000000000000000000000000000049
:104770000000000000000000000000000000000039
:104780000000000000000000000000000000000029
:104790000000000000000000000000000000000019
:1047A0000000000000000000000000000000000009
:1047B00000000000000000000000000000000000F9
:1047C00000000000000000000000000000000000E9
:1047D00000000000000000000000000000000000D9
:1047E00000000000000000000000000000000000C9
:1047F00000000000000000000000000000000000B9
:1048000000000000000000000000000000000000A8
:104810000000000000000000000000000000000098
:104820000000000000000000000000000000000088
:104830000000000000000000000000000000000078
:104840000000000000000000000000000000000068
:104850000000000000000000000000000000000058
:104860000000000000000000000000000000000048
:104870000000000000000000000000000000000038
:104880000000000000000000000000000000000028
:104890000000000000000000000000000000000018
:1048A0000000000000000000000000000000000008
:1048B00000000000000000000000000000000000F8
:1048C00000000000000000000000000000000000E8
:1048D00000000000000000000000000000000000D8
:1048E00000000000000000000000000000000000C8
:1048F00000000000000000000000000000000000B8
:1049000000000000000000000000000000000000A7
:104910000000000000000000000000000000000097
:104920000000000000000000000000000000000087
:104930000000000000000000000000000000000077
:104940000000000000000000000000000000000067
:104950000000000000000000000000000000000057
:104960000000000000000000000000000000000047
:104970000000000000000000000000000000000037
:104980000000000000000000000000000000000027
:104990000000000000000000000000000000000017
:1049A0000000000000000000000000000000000007
:1049B00000000000000000000000000000000000F7
:1049C00000000000000000000000000000000000E7
:1049D00000000000000000000000000000000000D7
:1049E00000000000000000000000000000000000C7
:1049F00000000000000000000000000000000000B7
:104A000000000000000000000000000000000000A6
:104A10000000000000000000000000000000000096
:104A20000000000000000000000000000000000086
:104A30000000000000000000000000000000000076
:104A40000000000000000000000000000000000066
:104A50000000000000000000000000000000000056
:104A60000000000000000000000000000000000046
:104A70000000000000000000000000000000000036
:104A80000000000000000000000000000000000026
:104A90000000000000000000000000000000000016
:104AA0000000000000000000000000000000000006
:104AB00000000000000000000000000000000000F6
:104AC00000000000000000000000000000000000E6
:104AD00000000000000000000000000000000000D6
:104AE00000000000000000000000000000000000C6
:104AF00000000000000000000000000000000000B6
:104B000000000000000000000000000000000000A5
:104B10000000000000000000000000000000000095
:104B20000000000000000000000000000000000085
:104B30000000000000000000000000000000000075
:104B40000000000000000000000000000000000065
:104B50000000000000000000000000000000000055
:104B60000000000000000000000000000000000045
:104B70000000000000000000000000000000000035
:104B80000000000000000000000000000000000025
:104B90000000000000000000000000000000000015
:104BA0000000000000000000000000000000000005
:104BB00000000000000000000000000000000000F5
:104BC00000000000000000000000000000000000E5
:104BD00000000000000000000000000000000000D5
:104BE00000000000000000000000000000000000C5
:104BF00000000000000000000000000000000000B5
:104C000000000000000000000000000000000000A4
:104C10000000000000000000000000000000000094
:104C20000000000000000000000000000000000084
:104C30000000000000000000000000000000000074
:104C40000000000000000000000000000000000064
:104C50000000000000000000000000000000000054
:104C60000000000000000000000000000000000044
:104C70000000000000000000000000000000000034
:104C80000000000000000000000000000000000024
:104C90000000000000000000000000000000000014
:104CA0000000000000000000000000000000000004
:104CB00000000000000000000000000000000000F4
:104CC00000000000000000000000000000000000E4
:104CD00000000000000000000000000000000000D4
:104CE00000000000000000000000000000000000C4
:104CF00000000000000000000000000000000000B4
:104D000000000000000000000000000000000000A3
:104D10000000000000000000000000000000000093
:104D20000000000000000000000000000000000083
:104D30000000000000000000000000000000000073
:104D40000000000000000000000000000000000063
:104D50000000000000000000000000000000000053
:104D60000000000000000000000000000000000043
:104D70000000000000000000000000000000000033
:104D80000000000000000000000000000000000023
:104D90000000000000000000000000000000000013
:104DA0000000000000000000000000000000000003
:104DB00000000000000000000000000000000000F3
:104DC00000000000000000000000000000000000E3
:104DD00000000000000000000000000000000000D3
:104DE00000000000000000000000000000000000C3
:104DF00000000000000000000000000000000000B3
:104E000000000000000000000000000000000000A2
:104E10000000000000000000000000000000000092
:104E20000000000000000000000000000000000082
:104E30000000000000000000000000000000000072
:104E40000000000000000000000000000000000062
:104E50000000000000000000000000000000000052
:104E60000000000000000000000000000000000042
:104E70000000000000000000000000000000000032
:104E80000000000000000000000000000000000022
:104E90000000000000000000000000000000000012
:104EA0000000000000000000000000000000000002
:104EB00000000000000000000000000000000000F2
:104EC00000000000000000000000000000000000E2
:104ED00000000000000000000000000000000000D2
:104EE00000000000000000000000000000000000C2
:104EF00000000000000000000000000000000000B2
:104F000000000000000000000000000000000000A1
:104F10000000000000000000000000000000000091
:104F20000000000000000000000000000000000081
:104F30000000000000000000000000000000000071
:104F40000000000000000000000000000000000061
:104F50000000000000000000000000000000000051
:104F60000000000000000000000000000000000041
:104F70000000000000000000000000000000000031
:104F80000000000000000000000000000000000021
:104F90000000000000000000000000000000000011
:104FA0000000000000000000000000000000000001
:104FB00000000000000000000000000000000000F1
:104FC00000000000000000000000000000000000E1
:104FD00000000000000000000000000000000000D1
:104FE00000000000000000000000000000000000C1
:104FF00000000000000000000000000000000000B1
:1050000000000000000000000000000000000000A0
:105010000000000000000000000000000000000090
:105020000000000000000000000000000000000080
:105030000000000000000000000000000000000070
:105040000000000000000000000000000000000060
:105050000000000000000000000000000000000050
:105060000000000000000000000000000000000040
:105070000000000000000000000000000000000030
:105080000000000000000000000000000000000020
:105090000000000000000000000000000000000010
:1050A0000000000000000000000000000000000000
:1050B00000000000000000000000000000000000F0
:1050C00000000000000000000000000000000000E0
:1050D00000000000000000000000000000000000D0
:1050E00000000000000000000000000000000000C0
:1050F00000000000000000000000000000000000B0
:10510000000000000000000000000000000000009F
:10511000000000000000000000000000000000008F
:10512000000000000000000000000000000000007F
:10513000000000000000000000000000000000006F
:10514000000000000000000000000000000000005F
:10515000000000000000000000000000000000004F
:10516000000000000000000000000000000000003F
:10517000000000000000000000000000000000002F
:10518000000000000000000000000000000000001F
:10519000000000000000000000000000000000000F
:1051A00000000000000000000000000000000000FF
:1051B00000000000000000000000000000000000EF
:1051C00000000000000000000000000000000000DF
:1051D00000000000000000000000000000000000CF
:1051E00000000000000000000000000000000000BF
:1051F00000000000000000000000000000000000AF
:10520000000000000000000000000000000000009E
:10521000000000000000000000000000000000008E
:10522000000000000000000000000000000000007E
:10523000000000000000000000000000000000006E
:10524000000000000000000000000000000000005E
:10525000000000000000000000000000000000004E
:10526000000000000000000000000000000000003E
:10527000000000000000000000000000000000002E
:10528000000000000000000000000000000000001E
:10529000000000000000000000000000000000000E
:1052A00000000000000000000000000000000000FE
:1052B00000000000000000000000000000000000EE
:1052C00000000000000000000000000000000000DE
:1052D00000000000000000000000000000000000CE
:1052E00000000000000000000000000000000000BE
:1052F00000000000000000000000000000000000AE
:10530000000000000000000000000000000000009D
:10531000000000000000000000000000000000008D
:10532000000000000000000000000000000000007D
:10533000000000000000000000000000000000006D
:10534000000000000000000000000000000000005D
:10535000000000000000000000000000000000004D
:10536000000000000000000000000000000000003D
:10537000000000000000000000000000000000002D
:10538000000000000000000000000000000000001D
:10539000000000000000000000000000000000000D
:1053A00000000000000000000000000000000000FD
:1053B00000000000000000000000000000000000ED
:1053C00000000000000000000000000000000000DD
:1053D00000000000000000000000000000000000CD
:1053E00000000000000000000000000000000000BD
:1053F00000000000000000000000000000000000AD
:10540000000000000000000000000000000000009C
:10541000000000000000000000000000000000008C
:10542000000000000000000000000000000000007C
:10543000000000000000000000000000000000006C
:10544000000000000000000000000000000000005C
:10545000000000000000000000000000000000004C
:10546000000000000000000000000000000000003C
:10547000000000000000000000000000000000002C
:10548000000000000000000000000000000000001C
:10549000000000000000000000000000000000000C
:1054A00000000000000000000000000000000000FC
:1054B00000000000000000000000000000000000EC
:1054C00000000000000000000000000000000000DC
:1054D00000000000000000000000000000000000CC
:1054E00000000000000000000000000000000000BC
:1054F00000000000000000000000000000000000AC
:10550000000000000000000000000000000000009B
:10551000000000000000000000000000000000008B
:10552000000000000000000000000000000000007B
:10553000000000000000000000000000000000006B
:10554000000000000000000000000000000000005B
:10555000000000000000000000000000000000004B
:10556000000000000000000000000000000000003B
:10557000000000000000000000000000000000002B
:10558000000000000000000000000000000000001B
:10559000000000000000000000000000000000000B
:1055A00000000000000000000000000000000000FB
:1055B00000000000000000000000000000000000EB
:1055C00000000000000000000000000000000000DB
:1055D00000000000000000000000000000000000CB
:1055E00000000000000000000000000000000000BB
:1055F00000000000000000000000000000000000AB
:10560000000000000000000000000000000000009A
:10561000000000000000000000000000000000008A
:10562000000000000000000000000000000000007A
:10563000000000000000000000000000000000006A
:10564000000000000000000000000000000000005A
:10565000000000000000000000000000000000004A
:10566000000000000000000000000000000000003A
:10567000000000000000000000000000000000002A
:10568000000000000000000000000000000000001A
:10569000000000000000000000000000000000000A
:1056A00000000000000000000000000000000000FA
:1056B00000000000000000000000000000000000EA
:1056C00000000000000000000000000000000000DA
:1056D00000000000000000000000000000000000CA
:1056E00000000000000000000000000000000000BA
:1056F00000000000000000000000000000000000AA
:105700000000000000000000000000000000000099
:105710000000000000000000000000000000000089
:105720000000000000000000000000000000000079
:105730000000000000000000000000000000000069
:105740000000000000000000000000000000000059
:105750000000000000000000000000000000000049
:105760000000000000000000000000000000000039
:105770000000000000000000000000000000000029
:105780000000000000000000000000000000000019
:105790000000000000000000000000000000000009
:1057A00000000000000000000000000000000000F9
:1057B00000000000000000000000000000000000E9
:1057C00000000000000000000000000000000000D9
:1057D00000000000000000000000000000000000C9
:1057E00000000000000000000000000000000000B9
:1057F00000000000000000000000000000000000A9
:105800000000000000000000000000000000000098
:105810000000000000000000000000000000000088
:105820000000000000000000000000000000000078
:105830000000000000000000000000000000000068
:105840000000000000000000000000000000000058
:105850000000000000000000000000000000000048
:105860000000000000000000000000000000000038
:105870000000000000000000000000000000000028
:105880000000000000000000000000000000000018
:105890000000000000000000000000000000000008
:1058A00000000000000000000000000000000000F8
:1058B00000000000000000000000000000000000E8
:1058C00000000000000000000000000000000000D8
:1058D00000000000000000000000000000000000C8
:1058E00000000000000000000000000000000000B8
:1058F00000000000000000000000000000000000A8
:105900000000000000000000000000000000000097
:105910000000000000000000000000000000000087
:105920000000000000000000000000000000000077
:105930000000000000000000000000000000000067
:105940000000000000000000000000000000000057
:105950000000000000000000000000000000000047
:105960000000000000000000000000000000000037
:105970000000000000000000000000000000000027
:105980000000000000000000000000000000000017
:105990000000000000000000000000000000000007
:1059A00000000000000000000000000000000000F7
:1059B00000000000000000000000000000000000E7
:1059C00000000000000000000000000000000000D7
:1059D00000000000000000000000000000000000C7
:1059E00000000000000000000000000000000000B7
:1059F00000000000000000000000000000000000A7
:105A00000000000000000000000000000000000096
:105A10000000000000000000000000000000000086
:105A20000000000000000000000000000000000076
:105A30000000000000000000000000000000000066
:105A40000000000000000000000000000000000056
:105A50000000000000000000000000000000000046
:105A60000000000000000000000000000000000036
:105A70000000000000000000000000000000000026
:105A80000000000000000000000000000000000016
:105A90000000000000000000000000000000000006
:105AA00000000000000000000000000000000000F6
:105AB00000000000000000000000000000000000E6
:105AC00000000000000000000000000000000000D6
:105AD00000000000000000000000000000000000C6
:105AE00000000000000000000000000000000000B6
:105AF00000000000000000000000000000000000A6
:105B00000000000000000000000000000000000095
:105B10000000000000000000000000000000000085
:105B20000000000000000000000000000000000075
:105B30000000000000000000000000000000000065
:105B40000000000000000000000000000000000055
:105B50000000000000000000000000000000000045
:105B60000000000000000000000000000000000035
:105B70000000000000000000000000000000000025
:105B80000000000000000000000000000000000015
:105B90000000000000000000000000000000000005
:105BA00000000000000000000000000000000000F5
:105BB00000000000000000000000000000000000E5
:105BC00000000000000000000000000000000000D5
:105BD00000000000000000000000000000000000C5
:105BE00000000000000000000000000000000000B5
:105BF00000000000000000000000000000000000A5
:105C00000000000000000000000000000000000094
:105C10000000000000000000000000000000000084
:105C20000000000000000000000000000000000074
:105C30000000000000000000000000000000000064
:105C40000000000000000000000000000000000054
:105C50000000000000000000000000000000000044
:105C60000000000000000000000000000000000034
:105C70000000000000000000000000000000000024
:105C80000000000000000000000000000000000014
:105C90000000000000000000000000000000000004
:105CA00000000000000000000000000000000000F4
:105CB00000000000000000000000000000000000E4
:105CC00000000000000000000000000000000000D4
:105CD00000000000000000000000000000000000C4
:105CE00000000000000000000000000000000000B4
:105CF00000000000000000000000000000000000A4
:105D00000000000000000000000000000000000093
:105D10000000000000000000000000000000000083
:105D20000000000000000000000000000000000073
:105D30000000000000000000000000000000000063
:105D40000000000000000000000000000000000053
:105D50000000000000000000000000000000000043
:105D60000000000000000000000000000000000033
:105D70000000000000000000000000000000000023
:105D80000000000000000000000000000000000013
:105D90000000000000000000000000000000000003
:105DA00000000000000000000000000000000000F3
:105DB00000000000000000000000000000000000E3
:105DC00000000000000000000000000000000000D3
:105DD00000000000000000000000000000000000C3
:105DE00000000000000000000000000000000000B3
:105DF00000000000000000000000000000000000A3
:105E00000000000000000000000000000000000092
:105E10000000000000000000000000000000000082
:105E20000000000000000000000000000000000072
:105E30000000000000000000000000000000000062
:105E40000000000000000000000000000000000052
:105E50000000000000000000000000000000000042
:105E60000000000000000000000000000000000032
:105E70000000000000000000000000000000000022
:105E80000000000000000000000000000000000012
:105E90000000000000000000000000000000000002
:105EA00000000000000000000000000000000000F2
:105EB00000000000000000000000000000000000E2
:105EC00000000000000000000000000000000000D2
:105ED00000000000000000000000000000000000C2
:105EE00000000000000000000000000000000000B2
:105EF00000000000000000000000000000000000A2
:105F00000000000000000000000000000000000091
:105F10000000000000000000000000000000000081
:105F20000000000000000000000000000000000071
:105F30000000000000000000000000000000000061
:105F40000000000000000000000000000000000051
:105F50000000000000000000000000000000000041
:105F60000000000000000000000000000000000031
:105F70000000000000000000000000000000000021
:105F80000000000000000000000000000000000011
:105F90000000000000000000000000000000000001
:105FA00000000000000000000000000000000000F1
:105FB00000000000000000000000000000000000E1
:105FC00000000000000000000000000000000000D1
:105FD00000000000000000000000000000000000C1
:105FE00000000000000000000000000000000000B1
:105FF00000000000000000000000000000000000A1
:106000000000000000000000000000000000000090
:106010000000000000000000000000000000000080
:106020000000000000000000000000000000000070
:106030000000000000000000000000000000000060
:106040000000000000000000000000000000000050
:106050000000000000000000000000000000000040
:106060000000000000000000000000000000000030
:106070000000000000000000000000000000000020
:106080000000000000000000000000000000000010
:106090000000000000000000000000000000000000
:1060A00000000000000000000000000000000000F0
:1060B00000000000000000000000000000000000E0
:1060C00000000000000000000000000000000000D0
:1060D00000000000000000000000000000000000C0
:1060E00000000000000000000000000000000000B0
:1060F00000000000000000000000000000000000A0
:10610000000000000000000000000000000000008F
:10611000000000000000000000000000000000007F
:10612000000000000000000000000000000000006F
:10613000000000000000000000000000000000005F
:10614000000000000000000000000000000000004F
:10615000000000000000000000000000000000003F
:10616000000000000000000000000000000000002F
:10617000000000000000000000000000000000001F
:10618000000000000000000000000000000000000F
:1061900000000000000000000000000000000000FF
:1061A00000000000000000000000000000000000EF
:1061B00000000000000000000000000000000000DF
:1061C00000000000000000000000000000000000CF
:1061D00000000000000000000000000000000000BF
:1061E00000000000000000000000000000000000AF
:1061F000000000000000000000000000000000009F
:10620000000000000000000000000000000000008E
:10621000000000000000000000000000000000007E
:10622000000000000000000000000000000000006E
:10623000000000000000000000000000000000005E
:10624000000000000000000000000000000000004E
:10625000000000000000000000000000000000003E
:10626000000000000000000000000000000000002E
:10627000000000000000000000000000000000001E
:10628000000000000000000000000000000000000E
:1062900000000000000000000000000000000000FE
:1062A00000000000000000000000000000000000EE
:1062B00000000000000000000000000000000000DE
:1062C00000000000000000000000000000000000CE
:1062D00000000000000000000000000000000000BE
:1062E00000000000000000000000000000000000AE
:1062F000000000000000000000000000000000009E
:10630000000000000000000000000000000000008D
:10631000000000000000000000000000000000007D
:10632000000000000000000000000000000000006D
:10633000000000000000000000000000000000005D
:10634000000000000000000000000000000000004D
:10635000000000000000000000000000000000003D
:10636000000000000000000000000000000000002D
:10637000000000000000000000000000000000001D
:10638000000000000000000000000000000000000D
:1063900000000000000000000000000000000000FD
:1063A00000000000000000000000000000000000ED
:1063B00000000000000000000000000000000000DD
:1063C00000000000000000000000000000000000CD
:1063D00000000000000000000000000000000000BD
:1063E00000000000000000000000000000000000AD
:1063F000000000000000000000000000000000009D
:10640000000000000000000000000000000000008C
:10641000000000000000000000000000000000007C
:10642000000000000000000000000000000000006C
:10643000000000000000000000000000000000005C
:10644000000000000000000000000000000000004C
:10645000000000000000000000000000000000003C
:10646000000000000000000000000000000000002C
:10647000000000000000000000000000000000001C
:10648000000000000000000000000000000000000C
:1064900000000000000000000000000000000000FC
:1064A00000000000000000000000000000000000EC
:1064B00000000000000000000000000000000000DC
:1064C00000000000000000000000000000000000CC
:1064D00000000000000000000000000000000000BC
:1064E00000000000000000000000000000000000AC
:1064F000000000000000000000000000000000009C
:10650000000000000000000000000000000000008B
:10651000000000000000000000000000000000007B
:10652000000000000000000000000000000000006B
:10653000000000000000000000000000000000005B
:10654000000000000000000000000000000000004B
:10655000000000000000000000000000000000003B
:10656000000000000000000000000000000000002B
:10657000000000000000000000000000000000001B
:10658000000000000000000000000000000000000B
:1065900000000000000000000000000000000000FB
:1065A00000000000000000000000000000000000EB
:1065B00000000000000000000000000000000000DB
:1065C00000000000000000000000000000000000CB
:1065D00000000000000000000000000000000000BB
:1065E00000000000000000000000000000000000AB
:1065F000000000000000000000000000000000009B
:10660000000000000000000000000000000000008A
:10661000000000000000000000000000000000007A
:10662000000000000000000000000000000000006A
:10663000000000000000000000000000000000005A
:10664000000000000000000000000000000000004A
:10665000000000000000000000000000000000003A
:10666000000000000000000000000000000000002A
:10667000000000000000000000000000000000001A
:10668000000000000000000000000000000000000A
:1066900000000000000000000000000000000000FA
:1066A00000000000000000000000000000000000EA
:1066B00000000000000000000000000000000000DA
:1066C00000000000000000000000000000000000CA
:1066D00000000000000000000000000000000000BA
:1066E00000000000000000000000000000000000AA
:1066F000000000000000000000000000000000009A
:106700000000000000000000000000000000000089
:106710000000000000000000000000000000000079
:106720000000000000000000000000000000000069
:106730000000000000000000000000000000000059
:106740000000000000000000000000000000000049
:106750000000000000000000000000000000000039
:106760000000000000000000000000000000000029
:106770000000000000000000000000000000000019
:106780000000000000000000000000000000000009
:1067900000000000000000000000000000000000F9
:1067A00000000000000000000000000000000000E9
:1067B00000000000000000000000000000000000D9
:1067C00000000000000000000000000000000000C9
:1067D00000000000000000000000000000000000B9
:1067E00000000000000000000000000000000000A9
:1067F0000000000000000000000000000000000099
:106800000000000000000000000000000000000088
:106810000000000000000000000000000000000078
:106820000000000000000000000000000000000068
:106830000000000000000000000000000000000058
:106840000000000000000000000000000000000048
:106850000000000000000000000000000000000038
:106860000000000000000000000000000000000028
:106870000000000000000000000000000000000018
:106880000000000000000000000000000000000008
:1068900000000000000000000000000000000000F8
:1068A00000000000000000000000000000000000E8
:1068B00000000000000000000000000000000000D8
:1068C00000000000000000000000000000000000C8
:1068D00000000000000000000000000000000000B8
:1068E00000000000000000000000000000000000A8
:1068F0000000000000000000000000000000000098
:106900000000000000000000000000000000000087
:106910000000000000000000000000000000000077
:106920000000000000000000000000000000000067
:106930000000000000000000000000000000000057
:106940000000000000000000000000000000000047
:106950000000000000000000000000000000000037
:106960000000000000000000000000000000000027
:106970000000000000000000000000000000000017
:106980000000000000000000000000000000000007
:1069900000000000000000000000000000000000F7
:1069A00000000000000000000000000000000000E7
:1069B00000000000000000000000000000000000D7
:1069C00000000000000000000000000000000000C7
:1069D00000000000000000000000000000000000B7
:1069E00000000000000000000000000000000000A7
:1069F0000000000000000000000000000000000097
:106A00000000000000000000000000000000000086
:106A10000000000000000000000000000000000076
:106A20000000000000000000000000000000000066
:106A30000000000000000000000000000000000056
:106A40000000000000000000000000000000000046
:106A50000000000000000000000000000000000036
:106A60000000000000000000000000000000000026
:106A70000000000000000000000000000000000016
:106A80000000000000000000000000000000000006
:106A900000000000000000000000000000000000F6
:106AA00000000000000000000000000000000000E6
:106AB00000000000000000000000000000000000D6
:106AC00000000000000000000000000000000000C6
:106AD00000000000000000000000000000000000B6
:106AE00000000000000000000000000000000000A6
:106AF0000000000000000000000000000000000096
:106B00000000000000000000000000000000000085
:106B10000000000000000000000000000000000075
:106B20000000000000000000000000000000000065
:106B30000000000000000000000000000000000055
:106B40000000000000000000000000000000000045
:106B50000000000000000000000000000000000035
:106B60000000000000000000000000000000000025
:106B70000000000000000000000000000000000015
:106B80000000000000000000000000000000000005
:106B900000000000000000000000000000000000F5
:106BA00000000000000000000000000000000000E5
:106BB00000000000000000000000000000000000D5
:106BC00000000000000000000000000000000000C5
:106BD00000000000000000000000000000000000B5
:106BE00000000000000000000000000000000000A5
:106BF0000000000000000000000000000000000095
:106C00000000000000000000000000000000000084
:106C10000000000000000000000000000000000074
:106C20000000000000000000000000000000000064
:106C30000000000000000000000000000000000054
:106C40000000000000000000000000000000000044
:106C50000000000000000000000000000000000034
:106C60000000000000000000000000000000000024
:106C70000000000000000000000000000000000014
:106C80000000000000000000000000000000000004
:106C900000000000000000000000000000000000F4
:106CA00000000000000000000000000000000000E4
:106CB00000000000000000000000000000000000D4
:106CC00000000000000000000000000000000000C4
:106CD00000000000000000000000000000000000B4
:106CE00000000000000000000000000000000000A4
:106CF0000000000000000000000000000000000094
:106D00000000000000000000000000000000000083
:106D10000000000000000000000000000000000073
:106D20000000000000000000000000000000000063
:106D30000000000000000000000000000000000053
:106D40000000000000000000000000000000000043
:106D50000000000000000000000000000000000033
:106D60000000000000000000000000000000000023
:106D70000000000000000000000000000000000013
:106D80000000000000000000000000000000000003
:106D900000000000000000000000000000000000F3
:106DA00000000000000000000000000000000000E3
:106DB00000000000000000000000000000000000D3
:106DC00000000000000000000000000000000000C3
:106DD00000000000000000000000000000000000B3
:106DE00000000000000000000000000000000000A3
:106DF0000000000000000000000000000000000093
:106E00000000000000000000000000000000000082
:106E10000000000000000000000000000000000072
:106E20000000000000000000000000000000000062
:106E30000000000000000000000000000000000052
:106E40000000000000000000000000000000000042
:106E50000000000000000000000000000000000032
:106E60000000000000000000000000000000000022
:106E70000000000000000000000000000000000012
:106E80000000000000000000000000000000000002
:106E900000000000000000000000000000000000F2
:106EA00000000000000000000000000000000000E2
:106EB00000000000000000000000000000000000D2
:106EC00000000000000000000000000000000000C2
:106ED00000000000000000000000000000000000B2
:106EE00000000000000000000000000000000000A2
:106EF0000000000000000000000000000000000092
:106F00000000000000000000000000000000000081
:106F10000000000000000000000000000000000071
:106F20000000000000000000000000000000000061
:106F30000000000000000000000000000000000051
:106F40000000000000000000000000000000000041
:106F50000000000000000000000000000000000031
:106F60000000000000000000000000000000000021
:106F70000000000000000000000000000000000011
:106F80000000000000000000000000000000000001
:106F900000000000000000000000000000000000F1
:106FA00000000000000000000000000000000000E1
:106FB00000000000000000000000000000000000D1
:106FC00000000000000000000000000000000000C1
:106FD00000000000000000000000000000000000B1
:106FE00000000000000000000000000000000000A1
:106FF0000000000000000000000000000000000091
:107000000000000000000000000000000000000080
:107010000000000000000000000000000000000070
:107020000000000000000000000000000000000060
:107030000000000000000000000000000000000050
:107040000000000000000000000000000000000040
:107050000000000000000000000000000000000030
:107060000000000000000000000000000000000020
:107070000000000000000000000000000000000010
:107080000000000000000000000000000000000000
:1070900000000000000000000000000000000000F0
:1070A00000000000000000000000000000000000E0
:1070B00000000000000000000000000000000000D0
:1070C00000000000000000000000000000000000C0
:1070D00000000000000000000000000000000000B0
:1070E00000000000000000000000000000000000A0
:1070F0000000000000000000000000000000000090
:10710000000000000000000000000000000000007F
:10711000000000000000000000000000000000006F
:10712000000000000000000000000000000000005F
:10713000000000000000000000000000000000004F
:10714000000000000000000000000000000000003F
:10715000000000000000000000000000000000002F
:10716000000000000000000000000000000000001F
:10717000000000000000000000000000000000000F
:1071800000000000000000000000000000000000FF
:1071900000000000000000000000000000000000EF
:1071A00000000000000000000000000000000000DF
:1071B00000000000000000000000000000000000CF
:1071C00000000000000000000000000000000000BF
:1071D00000000000000000000000000000000000AF
:1071E000000000000000000000000000000000009F
:1071F000000000000000000000000000000000008F
:10720000000000000000000000000000000000007E
:10721000000000000000000000000000000000006E
:10722000000000000000000000000000000000005E
:10723000000000000000000000000000000000004E
:10724000000000000000000000000000000000003E
:10725000000000000000000000000000000000002E
:10726000000000000000000000000000000000001E
:10727000000000000000000000000000000000000E
:1072800000000000000000000000000000000000FE
:1072900000000000000000000000000000000000EE
:1072A00000000000000000000000000000000000DE
:1072B00000000000000000000000000000000000CE
:1072C00000000000000000000000000000000000BE
:1072D00000000000000000000000000000000000AE
:1072E000000000000000000000000000000000009E
:1072F000000000000000000000000000000000008E
:10730000000000000000000000000000000000007D
:10731000000000000000000000000000000000006D
:10732000000000000000000000000000000000005D
:10733000000000000000000000000000000000004D
:10734000000000000000000000000000000000003D
:10735000000000000000000000000000000000002D
:10736000000000000000000000000000000000001D
:10737000000000000000000000000000000000000D
:1073800000000000000000000000000000000000FD
:1073900000000000000000000000000000000000ED
:1073A00000000000000000000000000000000000DD
:1073B00000000000000000000000000000000000CD
:1073C00000000000000000000000000000000000BD
:1073D00000000000000000000000000000000000AD
:1073E000000000000000000000000000000000009D
:1073F000000000000000000000000000000000008D
:10740000000000000000000000000000000000007C
:10741000000000000000000000000000000000006C
:10742000000000000000000000000000000000005C
:10743000000000000000000000000000000000004C
:10744000000000000000000000000000000000003C
:10745000000000000000000000000000000000002C
:10746000000000000000000000000000000000001C
:10747000000000000000000000000000000000000C
:1074800000000000000000000000000000000000FC
:1074900000000000000000000000000000000000EC
:1074A00000000000000000000000000000000000DC
:1074B00000000000000000000000000000000000CC
:1074C00000000000000000000000000000000000BC
:1074D00000000000000000000000000000000000AC
:1074E000000000000000000000000000000000009C
:1074F000000000000000000000000000000000008C
:10750000000000000000000000000000000000007B
:10751000000000000000000000000000000000006B
:10752000000000000000000000000000000000005B
:10753000000000000000000000000000000000004B
:10754000000000000000000000000000000000003B
:10755000000000000000000000000000000000002B
:10756000000000000000000000000000000000001B
:10757000000000000000000000000000000000000B
:1075800000000000000000000000000000000000FB
:1075900000000000000000000000000000000000EB
:1075A00000000000000000000000000000000000DB
:1075B00000000000000000000000000000000000CB
:1075C00000000000000000000000000000000000BB
:1075D00000000000000000000000000000000000AB
:1075E000000000000000000000000000000000009B
:1075F000000000000000000000000000000000008B
:10760000000000000000000000000000000000007A
:10761000000000000000000000000000000000006A
:10762000000000000000000000000000000000005A
:10763000000000000000000000000000000000004A
:10764000000000000000000000000000000000003A
:10765000000000000000000000000000000000002A
:10766000000000000000000000000000000000001A
:10767000000000000000000000000000000000000A
:1076800000000000000000000000000000000000FA
:1076900000000000000000000000000000000000EA
:1076A00000000000000000000000000000000000DA
:1076B00000000000000000000000000000000000CA
:1076C00000000000000000000000000000000000BA
:1076D00000000000000000000000000000000000AA
:1076E000000000000000000000000000000000009A
:1076F000000000000000000000000000000000008A
:107700000000000000000000000000000000000079
:107710000000000000000000000000000000000069
:107720000000000000000000000000000000000059
:107730000000000000000000000000000000000049
:107740000000000000000000000000000000000039
:107750000000000000000000000000000000000029
:107760000000000000000000000000000000000019
:107770000000000000000000000000000000000009
:1077800000000000000000000000000000000000F9
:1077900000000000000000000000000000000000E9
:1077A00000000000000000000000000000000000D9
:1077B00000000000000000000000000000000000C9
:1077C00000000000000000000000000000000000B9
:1077D00000000000000000000000000000000000A9
:1077E0000000000000000000000000000000000099
:1077F0000000000000000000000000000000000089
:107800000000000000000000000000000000000078
:107810000000000000000000000000000000000068
:107820000000000000000000000000000000000058
:107830000000000000000000000000000000000048
:107840000000000000000000000000000000000038
:107850000000000000000000000000000000000028
:107860000000000000000000000000000000000018
:107870000000000000000000000000000000000008
:1078800000000000000000000000000000000000F8
:1078900000000000000000000000000000000000E8
:1078A00000000000000000000000000000000000D8
:1078B00000000000000000000000000000000000C8
:1078C00000000000000000000000000000000000B8
:1078D00000000000000000000000000000000000A8
:1078E0000000000000000000000000000000000098
:1078F0000000000000000000000000000000000088
:107900000000000000000000000000000000000077
:107910000000000000000000000000000000000067
:107920000000000000000000000000000000000057
:107930000000000000000000000000000000000047
:107940000000000000000000000000000000000037
:107950000000000000000000000000000000000027
:107960000000000000000000000000000000000017
:107970000000000000000000000000000000000007
:1079800000000000000000000000000000000000F7
:1079900000000000000000000000000000000000E7
:1079A00000000000000000000000000000000000D7
:1079B00000000000000000000000000000000000C7
:1079C00000000000000000000000000000000000B7
:1079D00000000000000000000000000000000000A7
:1079E0000000000000000000000000000000000097
:1079F0000000000000000000000000000000000087
:107A00000000000000000000000000000000000076
:107A10000000000000000000000000000000000066
:107A20000000000000000000000000000000000056
:107A30000000000000000000000000000000000046
:107A40000000000000000000000000000000000036
:107A50000000000000000000000000000000000026
:107A60000000000000000000000000000000000016
:107A70000000000000000000000000000000000006
:107A800000000000000000000000000000000000F6
:107A900000000000000000000000000000000000E6
:107AA00000000000000000000000000000000000D6
:107AB00000000000000000000000000000000000C6
:107AC00000000000000000000000000000000000B6
:107AD00000000000000000000000000000000000A6
:107AE0000000000000000000000000000000000096
:107AF0000000000000000000000000000000000086
:107B00000000000000000000000000000000000075
:107B10000000000000000000000000000000000065
:107B20000000000000000000000000000000000055
:107B30000000000000000000000000000000000045
:107B40000000000000000000000000000000000035
:107B50000000000000000000000000000000000025
:107B60000000000000000000000000000000000015
:107B70000000000000000000000000000000000005
:107B800000000000000000000000000000000000F5
:107B900000000000000000000000000000000000E5
:107BA00000000000000000000000000000000000D5
:107BB00000000000000000000000000000000000C5
:107BC00000000000000000000000000000000000B5
:107BD00000000000000000000000000000000000A5
:107BE0000000000000000000000000000000000095
:107BF0000000000000000000000000000000000085
:107C00000000000000000000000000000000000074
:107C10000000000000000000000000000000000064
:107C20000000000000000000000000000000000054
:107C30000000000000000000000000000000000044
:107C40000000000000000000000000000000000034
:107C50000000000000000000000000000000000024
:107C60000000000000000000000000000000000014
:107C70000000000000000000000000000000000004
:107C800000000000000000000000000000000000F4
:107C900000000000000000000000000000000000E4
:107CA00000000000000000000000000000000000D4
:107CB00000000000000000000000000000000000C4
:107CC00000000000000000000000000000000000B4
:107CD00000000000000000000000000000000000A4
:107CE0000000000000000000000000000000000094
:107CF0000000000000000000000000000000000084
:107D00000000000000000000000000000000000073
:107D10000000000000000000000000000000000063
:107D20000000000000000000000000000000000053
:107D30000000000000000000000000000000000043
:107D40000000000000000000000000000000000033
:107D50000000000000000000000000000000000023
:107D60000000000000000000000000000000000013
:107D70000000000000000000000000000000000003
:107D800000000000000000000000000000000000F3
:107D900000000000000000000000000000000000E3
:107DA00000000000000000000000000000000000D3
:107DB00000000000000000000000000000000000C3
:107DC00000000000000000000000000000000000B3
:107DD00000000000000000000000000000000000A3
:107DE0000000000000000000000000000000000093
:107DF0000000000000000000000000000000000083
:107E00000000000000000000000000000000000072
:107E10000000000000000000000000000000000062
:107E20000000000000000000000000000000000052
:107E30000000000000000000000000000000000042
:107E40000000000000000000000000000000000032
:107E50000000000000000000000000000000000022
:107E60000000000000000000000000000000000012
:107E70000000000000000000000000000000000002
:107E800000000000000000000000000000000000F2
:107E900000000000000000000000000000000000E2
:107EA00000000000000000000000000000000000D2
:107EB00000000000000000000000000000000000C2
:107EC00000000000000000000000000000000000B2
:107ED00000000000000000000000000000000000A2
:107EE0000000000000000000000000000000000092
:107EF0000000000000000000000000000000000082
:107F00000000000000000000000000000000000071
:107F10000000000000000000000000000000000061
:107F20000000000000000000000000000000000051
:107F30000000000000000000000000000000000041
:107F40000000000000000000000000000000000031
:107F50000000000000000000000000000000000021
:107F60000000000000000000000000000000000011
:107F70000000000000000000000000000000000001
:107F800000000000000000000000000000000000F1
:107F900000000000000000000000000000000000E1
:107FA00000000000000000000000000000000000D1
:107FB00000000000000000000000000000000000C1
:107FC00000000000000000000000000000000000B1
:107FD00000000000000000000000000000000000A1
:107FE0000000000000000000000000000000000091
:107FF0000000000000000000000000000000000081
:108000000000000000000000000000000000000070
:108010000000000000000000000000000000000060
:108020000000000000000000000000000000000050
:108030000000000000000000000000000000000040
:108040000000000000000000000000000000000030
:108050000000000000000000000000000000000020
:108060000000000000000000000000000000000010
:108070000000000000000000000000000000000000
:1080800000000000000000000000000000000000F0
:1080900000000000000000000000000000000000E0
:1080A00000000000000000000000000000000000D0
:1080B00000000000000000000000000000000000C0
:1080C00000000000000000000000000000000000B0
:1080D00000000000000000000000000000000000A0
:1080E0000000000000000000000000000000000090
:1080F0000000000000000000000000000000000080
:10810000000000000000000000000000000000006F
:10811000000000000000000000000000000000005F
:10812000000000000000000000000000000000004F
:10813000000000000000000000000000000000003F
:10814000000000000000000000000000000000002F
:10815000000000000000000000000000000000001F
:10816000000000000000000000000000000000000F
:1081700000000000000000000000000000000000FF
:1081800000000000000000000000000000000000EF
:1081900000000000000000000000000000000000DF
:1081A00000000000000000000000000000000000CF
:1081B00000000000000000000000000000000000BF
:1081C00000000000000000000000000000000000AF
:1081D000000000000000000000000000000000009F
:1081E000000000000000000000000000000000008F
:1081F000000000000000000000000000000000007F
:10820000000000000000000000000000000000006E
:10821000000000000000000000000000000000005E
:10822000000000000000000000000000000000004E
:10823000000000000000000000000000000000003E
:10824000000000000000000000000000000000002E
:10825000000000000000000000000000000000001E
:10826000000000000000000000000000000000000E
:1082700000000000000000000000000000000000FE
:1082800000000000000000000000000000000000EE
:1082900000000000000000000000000000000000DE
:1082A00000000000000000000000000000000000CE
:1082B00000000000000000000000000000000000BE
:1082C00000000000000000000000000000000000AE
:1082D000000000000000000000000000000000009E
:1082E000000000000000000000000000000000008E
:1082F000000000000000000000000000000000007E
:10830000000000000000000000000000000000006D
:10831000000000000000000000000000000000005D
:10832000000000000000000000000000000000004D
:10833000000000000000000000000000000000003D
:10834000000000000000000000000000000000002D
:10835000000000000000000000000000000000001D
:10836000000000000000000000000000000000000D
:1083700000000000000000000000000000000000FD
:1083800000000000000000000000000000000000ED
:1083900000000000000000000000000000000000DD
:1083A00000000000000000000000000000000000CD
:1083B00000000000000000000000000000000000BD
:1083C00000000000000000000000000000000000AD
:1083D000000000000000000000000000000000009D
:1083E000000000000000000000000000000000008D
:1083F000000000000000000000000000000000007D
:10840000000000000000000000000000000000006C
:10841000000000000000000000000000000000005C
:10842000000000000000000000000000000000004C
:10843000000000000000000000000000000000003C
:10844000000000000000000000000000000000002C
:10845000000000000000000000000000000000001C
:10846000000000000000000000000000000000000C
:1084700000000000000000000000000000000000FC
:1084800000000000000000000000000000000000EC
:1084900000000000000000000000000000000000DC
:1084A00000000000000000000000000000000000CC
:1084B00000000000000000000000000000000000BC
:1084C00000000000000000000000000000000000AC
:1084D000000000000000000000000000000000009C
:1084E000000000000000000000000000000000008C
:1084F000000000000000000000000000000000007C
:10850000000000000000000000000000000000006B
:10851000000000000000000000000000000000005B
:10852000000000000000000000000000000000004B
:10853000000000000000000000000000000000003B
:10854000000000000000000000000000000000002B
:10855000000000000000000000000000000000001B
:10856000000000000000000000000000000000000B
:1085700000000000000000000000000000000000FB
:1085800000000000000000000000000000000000EB
:1085900000000000000000000000000000000000DB
:1085A00000000000000000000000000000000000CB
:1085B00000000000000000000000000000000000BB
:1085C00000000000000000000000000000000000AB
:1085D000000000000000000000000000000000009B
:1085E000000000000000000000000000000000008B
:1085F000000000000000000000000000000000007B
:10860000000000000000000000000000000000006A
:10861000000000000000000000000000000000005A
:10862000000000000000000000000000000000004A
:10863000000000000000000000000000000000003A
:10864000000000000000000000000000000000002A
:10865000000000000000000000000000000000001A
:10866000000000000000000000000000000000000A
:1086700000000000000000000000000000000000FA
:1086800000000000000000000000000000000000EA
:1086900000000000000000000000000000000000DA
:1086A00000000000000000000000000000000000CA
:1086B00000000000000000000000000000000000BA
:1086C00000000000000000000000000000000000AA
:1086D000000000000000000000000000000000009A
:1086E000000000000000000000000000000000008A
:1086F000000000000000000000000000000000007A
:108700000000000000000000000000000000000069
:108710000000000000000000000000000000000059
:108720000000000000000000000000000000000049
:108730000000000000000000000000000000000039
:108740000000000000000000000000000000000029
:108750000000000000000000000000000000000019
:108760000000000000000000000000000000000009
:1087700000000000000000000000000000000000F9
:1087800000000000000000000000000000000000E9
:1087900000000000000000000000000000000000D9
:1087A00000000000000000000000000000000000C9
:1087B00000000000000000000000000000000000B9
:1087C00000000000000000000000000000000000A9
:1087D0000000000000000000000000000000000099
:1087E0000000000000000000000000000000000089
:1087F0000000000000000000000000000000000079
:108800000000000000000000000000000000000068
:108810000000000000000000000000000000000058
:108820000000000000000000000000000000000048
:108830000000000000000000000000000000000038
:108840000000000000000000000000000000000028
:108850000000000000000000000000000000000018
:108860000000000000000000000000000000000008
:1088700000000000000000000000000000000000F8
:1088800000000000000000000000000000000000E8
:1088900000000000000000000000000000000000D8
:1088A00000000000000000000000000000000000C8
:1088B00000000000000000000000000000000000B8
:1088C00000000000000000000000000000000000A8
:1088D0000000000000000000000000000000000098
:1088E0000000000000000000000000000000000088
:1088F0000000000000000000000000000000000078
:108900000000000000000000000000000000000067
:108910000000000000000000000000000000000057
:108920000000000000000000000000000000000047
:108930000000000000000000000000000000000037
:108940000000000000000000000000000000000027
:108950000000000000000000000000000000000017
:108960000000000000000000000000000000000007
:1089700000000000000000000000000000000000F7
:1089800000000000000000000000000000000000E7
:1089900000000000000000000000000000000000D7
:1089A00000000000000000000000000000000000C7
:1089B00000000000000000000000000000000000B7
:1089C00000000000000000000000000000000000A7
:1089D0000000000000000000000000000000000097
:1089E0000000000000000000000000000000000087
:1089F0000000000000000000000000000000000077
:108A00000000000000000000000000000000000066
:108A10000000000000000000000000000000000056
:108A20000000000000000000000000000000000046
:108A30000000000000000000000000000000000036
:108A40000000000000000000000000000000000026
:108A50000000000000000000000000000000000016
:108A60000000000000000000000000000000000006
:108A700000000000000000000000000000000000F6
:108A800000000000000000000000000000000000E6
:108A900000000000000000000000000000000000D6
:108AA00000000000000000000000000000000000C6
:108AB00000000000000000000000000000000000B6
:108AC00000000000000000000000000000000000A6
:108AD0000000000000000000000000000000000096
:108AE0000000000000000000000000000000000086
:108AF0000000000000000000000000000000000076
:108B00000000000000000000000000000000000065
:108B10000000000000000000000000000000000055
:108B20000000000000000000000000000000000045
:108B30000000000000000000000000000000000035
:108B40000000000000000000000000000000000025
:108B50000000000000000000000000000000000015
:108B60000000000000000000000000000000000005
:108B700000000000000000000000000000000000F5
:108B800000000000000000000000000000000000E5
:108B900000000000000000000000000000000000D5
:108BA00000000000000000000000000000000000C5
:108BB00000000000000000000000000000000000B5
:108BC00000000000000000000000000000000000A5
:108BD0000000000000000000000000000000000095
:108BE0000000000000000000000000000000000085
:108BF0000000000000000000000000000000000075
:108C00000000000000000000000000000000000064
:108C10000000000000000000000000000000000054
:108C20000000000000000000000000000000000044
:108C30000000000000000000000000000000000034
:108C40000000000000000000000000000000000024
:108C50000000000000000000000000000000000014
:108C60000000000000000000000000000000000004
:108C700000000000000000000000000000000000F4
:108C800000000000000000000000000000000000E4
:108C900000000000000000000000000000000000D4
:108CA00000000000000000000000000000000000C4
:108CB00000000000000000000000000000000000B4
:108CC00000000000000000000000000000000000A4
:108CD0000000000000000000000000000000000094
:108CE0000000000000000000000000000000000084
:108CF0000000000000000000000000000000000074
:108D00000000000000000000000000000000000063
:108D10000000000000000000000000000000000053
:108D20000000000000000000000000000000000043
:108D30000000000000000000000000000000000033
:108D40000000000000000000000000000000000023
:108D50000000000000000000000000000000000013
:108D60000000000000000000000000000000000003
:108D700000000000000000000000000000000000F3
:108D800000000000000000000000000000000000E3
:108D900000000000000000000000000000000000D3
:108DA00000000000000000000000000000000000C3
:108DB00000000000000000000000000000000000B3
:108DC00000000000000000000000000000000000A3
:108DD0000000000000000000000000000000000093
:108DE0000000000000000000000000000000000083
:108DF0000000000000000000000000000000000073
:108E00000000000000000000000000000000000062
:108E10000000000000000000000000000000000052
:108E20000000000000000000000000000000000042
:108E30000000000000000000000000000000000032
:108E40000000000000000000000000000000000022
:108E50000000000000000000000000000000000012
:108E60000000000000000000000000000000000002
:108E700000000000000000000000000000000000F2
:108E800000000000000000000000000000000000E2
:108E900000000000000000000000000000000000D2
:108EA00000000000000000000000000000000000C2
:108EB00000000000000000000000000000000000B2
:108EC00000000000000000000000000000000000A2
:108ED0000000000000000000000000000000000092
:108EE0000000000000000000000000000000000082
:108EF0000000000000000000000000000000000072
:108F00000000000000000000000000000000000061
:108F10000000000000000000000000000000000051
:108F20000000000000000000000000000000000041
:108F30000000000000000000000000000000000031
:108F40000000000000000000000000000000000021
:108F50000000000000000000000000000000000011
:108F60000000000000000000000000000000000001
:108F700000000000000000000000000000000000F1
:108F800000000000000000000000000000000000E1
:108F900000000000000000000000000000000000D1
:108FA00000000000000000000000000000000000C1
:108FB00000000000000000000000000000000000B1
:108FC00000000000000000000000000000000000A1
:108FD0000000000000000000000000000000000091
:108FE0000000000000000000000000000000000081
:108FF0000000000000000000000000000000000071
:109000000000000000000000000000000000000060
:109010000000000000000000000000000000000050
:109020000000000000000000000000000000000040
:109030000000000000000000000000000000000030
:109040000000000000000000000000000000000020
:109050000000000000000000000000000000000010
:109060000000000000000000000000000000000000
:1090700000000000000000000000000000000000F0
:1090800000000000000000000000000000000000E0
:1090900000000000000000000000000000000000D0
:1090A00000000000000000000000000000000000C0
:1090B00000000000000000000000000000000000B0
:1090C00000000000000000000000000000000000A0
:1090D0000000000000000000000000000000000090
:1090E0000000000000000000000000000000000080
:1090F0000000000000000000000000000000000070
:10910000000000000000000000000000000000005F
:10911000000000000000000000000000000000004F
:10912000000000000000000000000000000000003F
:10913000000000000000000000000000000000002F
:10914000000000000000000000000000000000001F
:10915000000000000000000000000000000000000F
:1091600000000000000000000000000000000000FF
:1091700000000000000000000000000000000000EF
:1091800000000000000000000000000000000000DF
:1091900000000000000000000000000000000000CF
:1091A00000000000000000000000000000000000BF
:1091B00000000000000000000000000000000000AF
:1091C000000000000000000000000000000000009F
:1091D000000000000000000000000000000000008F
:1091E000000000000000000000000000000000007F
:1091F000000000000000000000000000000000006F
:10920000000000000000000000000000000000005E
:10921000000000000000000000000000000000004E
:10922000000000000000000000000000000000003E
:10923000000000000000000000000000000000002E
:10924000000000000000000000000000000000001E
:10925000000000000000000000000000000000000E
:1092600000000000000000000000000000000000FE
:1092700000000000000000000000000000000000EE
:1092800000000000000000000000000000000000DE
:1092900000000000000000000000000000000000CE
:1092A00000000000000000000000000000000000BE
:1092B00000000000000000000000000000000000AE
:1092C000000000000000000000000000000000009E
:1092D000000000000000000000000000000000008E
:1092E000000000000000000000000000000000007E
:1092F000000000000000000000000000000000006E
:10930000000000000000000000000000000000005D
:10931000000000000000000000000000000000004D
:10932000000000000000000000000000000000003D
:10933000000000000000000000000000000000002D
:10934000000000000000000000000000000000001D
:10935000000000000000000000000000000000000D
:1093600000000000000000000000000000000000FD
:1093700000000000000000000000000000000000ED
:1093800000000000000000000000000000000000DD
:1093900000000000000000000000000000000000CD
:1093A00000000000000000000000000000000000BD
:1093B00000000000000000000000000000000000AD
:1093C000000000000000000000000000000000009D
:1093D000000000000000000000000000000000008D
:1093E000000000000000000000000000000000007D
:1093F000000000000000000000000000000000006D
:10940000000000000000000000000000000000005C
:10941000000000000000000000000000000000004C
:10942000000000000000000000000000000000003C
:10943000000000000000000000000000000000002C
:10944000000000000000000000000000000000001C
:10945000000000000000000000000000000000000C
:1094600000000000000000000000000000000000FC
:1094700000000000000000000000000000000000EC
:1094800000000000000000000000000000000000DC
:1094900000000000000000000000000000000000CC
:1094A00000000000000000000000000000000000BC
:1094B00000000000000000000000000000000000AC
:1094C000000000000000000000000000000000009C
:1094D000000000000000000000000000000000008C
:1094E000000000000000000000000000000000007C
:1094F000000000000000000000000000000000006C
:10950000000000000000000000000000000000005B
:10951000000000000000000000000000000000004B
:10952000000000000000000000000000000000003B
:10953000000000000000000000000000000000002B
:10954000000000000000000000000000000000001B
:10955000000000000000000000000000000000000B
:1095600000000000000000000000000000000000FB
:1095700000000000000000000000000000000000EB
:1095800000000000000000000000000000000000DB
:1095900000000000000000000000000000000000CB
:1095A00000000000000000000000000000000000BB
:1095B00000000000000000000000000000000000AB
:1095C000000000000000000000000000000000009B
:1095D000000000000000000000000000000000008B
:1095E000000000000000000000000000000000007B
:1095F000000000000000000000000000000000006B
:10960000000000000000000000000000000000005A
:10961000000000000000000000000000000000004A
:10962000000000000000000000000000000000003A
:10963000000000000000000000000000000000002A
:10964000000000000000000000000000000000001A
:10965000000000000000000000000000000000000A
:1096600000000000000000000000000000000000FA
:1096700000000000000000000000000000000000EA
:1096800000000000000000000000000000000000DA
:1096900000000000000000000000000000000000CA
:1096A00000000000000000000000000000000000BA
:1096B00000000000000000000000000000000000AA
:1096C000000000000000000000000000000000009A
:1096D000000000000000000000000000000000008A
:1096E000000000000000000000000000000000007A
:1096F000000000000000000000000000000000006A
:109700000000000000000000000000000000000059
:109710000000000000000000000000000000000049
:109720000000000000000000000000000000000039
:109730000000000000000000000000000000000029
:109740000000000000000000000000000000000019
:109750000000000000000000000000000000000009
:1097600000000000000000000000000000000000F9
:1097700000000000000000000000000000000000E9
:1097800000000000000000000000000000000000D9
:1097900000000000000000000000000000000000C9
:1097A00000000000000000000000000000000000B9
:1097B00000000000000000000000000000000000A9
:1097C0000000000000000000000000000000000099
:1097D0000000000000000000000000000000000089
:1097E0000000000000000000000000000000000079
:1097F0000000000000000000000000000000000069
:109800000000000000000000000000000000000058
:109810000000000000000000000000000000000048
:109820000000000000000000000000000000000038
:109830000000000000000000000000000000000028
:109840000000000000000000000000000000000018
:109850000000000000000000000000000000000008
:1098600000000000000000000000000000000000F8
:1098700000000000000000000000000000000000E8
:1098800000000000000000000000000000000000D8
:1098900000000000000000000000000000000000C8
:1098A00000000000000000000000000000000000B8
:1098B00000000000000000000000000000000000A8
:1098C0000000000000000000000000000000000098
:1098D0000000000000000000000000000000000088
:1098E0000000000000000000000000000000000078
:1098F0000000000000000000000000000000000068
:109900000000000000000000000000000000000057
:109910000000000000000000000000000000000047
:109920000000000000000000000000000000000037
:109930000000000000000000000000000000000027
:109940000000000000000000000000000000000017
:109950000000000000000000000000000000000007
:1099600000000000000000000000000000000000F7
:1099700000000000000000000000000000000000E7
:1099800000000000000000000000000000000000D7
:1099900000000000000000000000000000000000C7
:1099A00000000000000000000000000000000000B7
:1099B00000000000000000000000000000000000A7
:1099C0000000000000000000000000000000000097
:1099D0000000000000000000000000000000000087
:1099E0000000000000000000000000000000000077
:1099F0000000000000000000000000000000000067
:109A00000000000000000000000000000000000056
:109A10000000000000000000000000000000000046
:109A20000000000000000000000000000000000036
:109A30000000000000000000000000000000000026
:109A40000000000000000000000000000000000016
:109A50000000000000000000000000000000000006
:109A600000000000000000000000000000000000F6
:109A700000000000000000000000000000000000E6
:109A800000000000000000000000000000000000D6
:109A900000000000000000000000000000000000C6
:109AA00000000000000000000000000000000000B6
:109AB00000000000000000000000000000000000A6
:109AC0000000000000000000000000000000000096
:109AD0000000000000000000000000000000000086
:109AE0000000000000000000000000000000000076
:109AF0000000000000000000000000000000000066
:109B00000000000000000000000000000000000055
:109B10000000000000000000000000000000000045
:109B20000000000000000000000000000000000035
:109B30000000000000000000000000000000000025
:109B40000000000000000000000000000000000015
:109B50000000000000000000000000000000000005
:109B600000000000000000000000000000000000F5
:109B700000000000000000000000000000000000E5
:109B800000000000000000000000000000000000D5
:109B900000000000000000000000000000000000C5
:109BA00000000000000000000000000000000000B5
:109BB00000000000000000000000000000000000A5
:109BC0000000000000000000000000000000000095
:109BD0000000000000000000000000000000000085
:109BE0000000000000000000000000000000000075
:109BF0000000000000000000000000000000000065
:109C00000000000000000000000000000000000054
:109C10000000000000000000000000000000000044
:109C20000000000000000000000000000000000034
:109C30000000000000000000000000000000000024
:109C40000000000000000000000000000000000014
:109C50000000000000000000000000000000000004
:109C600000000000000000000000000000000000F4
:109C700000000000000000000000000000000000E4
:109C800000000000000000000000000000000000D4
:109C900000000000000000000000000000000000C4
:109CA00000000000000000000000000000000000B4
:109CB00000000000000000000000000000000000A4
:109CC0000000000000000000000000000000000094
:109CD0000000000000000000000000000000000084
:109CE0000000000000000000000000000000000074
:109CF0000000000000000000000000000000000064
:109D00000000000000000000000000000000000053
:109D10000000000000000000000000000000000043
:109D20000000000000000000000000000000000033
:109D30000000000000000000000000000000000023
:109D40000000000000000000000000000000000013
:109D50000000000000000000000000000000000003
:109D600000000000000000000000000000000000F3
:109D700000000000000000000000000000000000E3
:109D800000000000000000000000000000000000D3
:109D900000000000000000000000000000000000C3
:109DA00000000000000000000000000000000000B3
:109DB00000000000000000000000000000000000A3
:109DC0000000000000000000000000000000000093
:109DD0000000000000000000000000000000000083
:109DE0000000000000000000000000000000000073
:109DF0000000000000000000000000000000000063
:109E00000000000000000000000000000000000052
:109E10000000000000000000000000000000000042
:109E20000000000000000000000000000000000032
:109E30000000000000000000000000000000000022
:109E40000000000000000000000000000000000012
:109E50000000000000000000000000000000000002
:109E600000000000000000000000000000000000F2
:109E700000000000000000000000000000000000E2
:109E800000000000000000000000000000000000D2
:109E900000000000000000000000000000000000C2
:109EA00000000000000000000000000000000000B2
:109EB00000000000000000000000000000000000A2
:109EC0000000000000000000000000000000000092
:109ED0000000000000000000000000000000000082
:109EE0000000000000000000000000000000000072
:109EF0000000000000000000000000000000000062
:109F00000000000000000000000000000000000051
:109F10000000000000000000000000000000000041
:109F20000000000000000000000000000000000031
:109F30000000000000000000000000000000000021
:109F40000000000000000000000000000000000011
:109F50000000000000000000000000000000000001
:109F600000000000000000000000000000000000F1
:109F700000000000000000000000000000000000E1
:109F800000000000000000000000000000000000D1
:109F900000000000000000000000000000000000C1
:109FA00000000000000000000000000000000000B1
:109FB00000000000000000000000000000000000A1
:109FC0000000000000000000000000000000000091
:109FD0000000000000000000000000000000000081
:109FE0000000000000000000000000000000000071
:109FF0000000000000000000000000000000000061
:10A000000000000000000000000000000000000050
:10A010000000000000000000000000000000000040
:10A020000000000000000000000000000000000030
:10A030000000000000000000000000000000000020
:10A040000000000000000000000000000000000010
:10A050000000000000000000000000000000000000
:10A0600000000000000000000000000000000000F0
:10A0700000000000000000000000000000000000E0
:10A0800000000000000000000000000000000000D0
:10A0900000000000000000000000000000000000C0
:10A0A00000000000000000000000000000000000B0
:10A0B00000000000000000000000000000000000A0
:10A0C0000000000000000000000000000000000090
:10A0D0000000000000000000000000000000000080
:10A0E0000000000000000000000000000000000070
:10A0F0000000000000000000000000000000000060
:10A10000000000000000000000000000000000004F
:10A11000000000000000000000000000000000003F
:10A12000000000000000000000000000000000002F
:10A13000000000000000000000000000000000001F
:10A14000000000000000000000000000000000000F
:10A1500000000000000000000000000000000000FF
:10A1600000000000000000000000000000000000EF
:10A1700000000000000000000000000000000000DF
:10A1800000000000000000000000000000000000CF
:10A1900000000000000000000000000000000000BF
:10A1A00000000000000000000000000000000000AF
:10A1B000000000000000000000000000000000009F
:10A1C000000000000000000000000000000000008F
:10A1D000000000000000000000000000000000007F
:10A1E000000000000000000000000000000000006F
:10A1F000000000000000000000000000000000005F
:10A20000000000000000000000000000000000004E
:10A21000000000000000000000000000000000003E
:10A22000000000000000000000000000000000002E
:10A23000000000000000000000000000000000001E
:10A24000000000000000000000000000000000000E
:10A2500000000000000000000000000000000000FE
:10A2600000000000000000000000000000000000EE
:10A2700000000000000000000000000000000000DE
:10A2800000000000000000000000000000000000CE
:10A2900000000000000000000000000000000000BE
:10A2A00000000000000000000000000000000000AE
:10A2B000000000000000000000000000000000009E
:10A2C000000000000000000000000000000000008E
:10A2D000000000000000000000000000000000007E
:10A2E000000000000000000000000000000000006E
:10A2F000000000000000000000000000000000005E
:10A30000000000000000000000000000000000004D
:10A31000000000000000000000000000000000003D
:10A32000000000000000000000000000000000002D
:10A33000000000000000000000000000000000001D
:10A34000000000000000000000000000000000000D
:10A3500000000000000000000000000000000000FD
:10A3600000000000000000000000000000000000ED
:10A3700000000000000000000000000000000000DD
:10A3800000000000000000000000000000000000CD
:10A3900000000000000000000000000000000000BD
:10A3A00000000000000000000000000000000000AD
:10A3B000000000000000000000000000000000009D
:10A3C000000000000000000000000000000000008D
:10A3D000000000000000000000000000000000007D
:10A3E000000000000000000000000000000000006D
:10A3F000000000000000000000000000000000005D
:10A40000000000000000000000000000000000004C
:10A41000000000000000000000000000000000003C
:10A42000000000000000000000000000000000002C
:10A43000000000000000000000000000000000001C
:10A44000000000000000000000000000000000000C
:10A4500000000000000000000000000000000000FC
:10A4600000000000000000000000000000000000EC
:10A4700000000000000000000000000000000000DC
:10A4800000000000000000000000000000000000CC
:10A4900000000000000000000000000000000000BC
:10A4A00000000000000000000000000000000000AC
:10A4B000000000000000000000000000000000009C
:10A4C000000000000000000000000000000000008C
:10A4D000000000000000000000000000000000007C
:10A4E000000000000000000000000000000000006C
:10A4F000000000000000000000000000000000005C
:10A50000000000000000000000000000000000004B
:10A51000000000000000000000000000000000003B
:10A52000000000000000000000000000000000002B
:10A53000000000000000000000000000000000001B
:10A54000000000000000000000000000000000000B
:10A5500000000000000000000000000000000000FB
:10A5600000000000000000000000000000000000EB
:10A5700000000000000000000000000000000000DB
:10A5800000000000000000000000000000000000CB
:10A5900000000000000000000000000000000000BB
:10A5A00000000000000000000000000000000000AB
:10A5B000000000000000000000000000000000009B
:10A5C000000000000000000000000000000000008B
:10A5D000000000000000000000000000000000007B
:10A5E000000000000000000000000000000000006B
:10A5F000000000000000000000000000000000005B
:10A60000000000000000000000000000000000004A
:10A61000000000000000000000000000000000003A
:10A62000000000000000000000000000000000002A
:10A63000000000000000000000000000000000001A
:10A64000000000000000000000000000000000000A
:10A6500000000000000000000000000000000000FA
:10A6600000000000000000000000000000000000EA
:10A6700000000000000000000000000000000000DA
:10A6800000000000000000000000000000000000CA
:10A6900000000000000000000000000000000000BA
:10A6A00000000000000000000000000000000000AA
:10A6B000000000000000000000000000000000009A
:10A6C000000000000000000000000000000000008A
:10A6D000000000000000000000000000000000007A
:10A6E000000000000000000000000000000000006A
:10A6F000000000000000000000000000000000005A
:10A700000000000000000000000000000000000049
:10A710000000000000000000000000000000000039
:10A720000000000000000000000000000000000029
:10A730000000000000000000000000000000000019
:10A740000000000000000000000000000000000009
:10A7500000000000000000000000000000000000F9
:10A7600000000000000000000000000000000000E9
:10A7700000000000000000000000000000000000D9
:10A7800000000000000000000000000000000000C9
:10A7900000000000000000000000000000000000B9
:10A7A00000000000000000000000000000000000A9
:10A7B0000000000000000000000000000000000099
:10A7C0000000000000000000000000000000000089
:10A7D0000000000000000000000000000000000079
:10A7E0000000000000000000000000000000000069
:10A7F0000000000000000000000000000000000059
:10A800000000000000000000000000000000000048
:10A810000000000000000000000000000000000038
:10A820000000000000000000000000000000000028
:10A830000000000000000000000000000000000018
:10A840000000000000000000000000000000000008
:10A8500000000000000000000000000000000000F8
:10A8600000000000000000000000000000000000E8
:10A8700000000000000000000000000000000000D8
:10A8800000000000000000000000000000000000C8
:10A8900000000000000000000000000000000000B8
:10A8A00000000000000000000000000000000000A8
:10A8B0000000000000000000000000000000000098
:10A8C0000000000000000000000000000000000088
:10A8D0000000000000000000000000000000000078
:10A8E0000000000000000000000000000000000068
:10A8F0000000000000000000000000000000000058
:10A900000000000000000000000000000000000047
:10A910000000000000000000000000000000000037
:10A920000000000000000000000000000000000027
:10A930000000000000000000000000000000000017
:10A940000000000000000000000000000000000007
:10A9500000000000000000000000000000000000F7
:10A9600000000000000000000000000000000000E7
:10A9700000000000000000000000000000000000D7
:10A9800000000000000000000000000000000000C7
:10A9900000000000000000000000000000000000B7
:10A9A00000000000000000000000000000000000A7
:10A9B0000000000000000000000000000000000097
:10A9C0000000000000000000000000000000000087
:10A9D0000000000000000000000000000000000077
:10A9E0000000000000000000000000000000000067
:10A9F0000000000000000000000000000000000057
:10AA00000000000000000000000000000000000046
:10AA10000000000000000000000000000000000036
:10AA20000000000000000000000000000000000026
:10AA30000000000000000000000000000000000016
:10AA40000000000000000000000000000000000006
:10AA500000000000000000000000000000000000F6
:10AA600000000000000000000000000000000000E6
:10AA700000000000000000000000000000000000D6
:10AA800000000000000000000000000000000000C6
:10AA900000000000000000000000000000000000B6
:10AAA00000000000000000000000000000000000A6
:10AAB0000000000000000000000000000000000096
:10AAC0000000000000000000000000000000000086
:10AAD0000000000000000000000000000000000076
:10AAE0000000000000000000000000000000000066
:10AAF0000000000000000000000000000000000056
:10AB00000000000000000000000000000000000045
:10AB10000000000000000000000000000000000035
:10AB20000000000000000000000000000000000025
:10AB30000000000000000000000000000000000015
:10AB40000000000000000000000000000000000005
:10AB500000000000000000000000000000000000F5
:10AB600000000000000000000000000000000000E5
:10AB700000000000000000000000000000000000D5
:10AB800000000000000000000000000000000000C5
:10AB900000000000000000000000000000000000B5
:10ABA00000000000000000000000000000000000A5
:10ABB0000000000000000000000000000000000095
:10ABC0000000000000000000000000000000000085
:10ABD0000000000000000000000000000000000075
:10ABE0000000000000000000000000000000000065
:10ABF0000000000000000000000000000000000055
:10AC00000000000000000000000000000000000044
:10AC10000000000000000000000000000000000034
:10AC20000000000000000000000000000000000024
:10AC30000000000000000000000000000000000014
:10AC40000000000000000000000000000000000004
:10AC500000000000000000000000000000000000F4
:10AC600000000000000000000000000000000000E4
:10AC700000000000000000000000000000000000D4
:10AC800000000000000000000000000000000000C4
:10AC900000000000000000000000000000000000B4
:10ACA00000000000000000000000000000000000A4
:10ACB0000000000000000000000000000000000094
:10ACC0000000000000000000000000000000000084
:10ACD0000000000000000000000000000000000074
:10ACE0000000000000000000000000000000000064
:10ACF0000000000000000000000000000000000054
:10AD00000000000000000000000000000000000043
:10AD10000000000000000000000000000000000033
:10AD20000000000000000000000000000000000023
:10AD30000000000000000000000000000000000013
:10AD40000000000000000000000000000000000003
:10AD500000000000000000000000000000000000F3
:10AD600000000000000000000000000000000000E3
:10AD700000000000000000000000000000000000D3
:10AD800000000000000000000000000000000000C3
:10AD900000000000000000000000000000000000B3
:10ADA00000000000000000000000000000000000A3
:10ADB0000000000000000000000000000000000093
:10ADC0000000000000000000000000000000000083
:10ADD0000000000000000000000000000000000073
:10ADE0000000000000000000000000000000000063
:10ADF0000000000000000000000000000000000053
:10AE00000000000000000000000000000000000042
:10AE10000000000000000000000000000000000032
:10AE20000000000000000000000000000000000022
:10AE30000000000000000000000000000000000012
:10AE40000000000000000000000000000000000002
:10AE500000000000000000000000000000000000F2
:10AE600000000000000000000000000000000000E2
:10AE700000000000000000000000000000000000D2
:10AE800000000000000000000000000000000000C2
:10AE900000000000000000000000000000000000B2
:10AEA00000000000000000000000000000000000A2
:10AEB0000000000000000000000000000000000092
:10AEC0000000000000000000000000000000000082
:10AED0000000000000000000000000000000000072
:10AEE0000000000000000000000000000000000062
:10AEF0000000000000000000000000000000000052
:10AF00000000000000000000000000000000000041
:10AF10000000000000000000000000000000000031
:10AF20000000000000000000000000000000000021
:10AF30000000000000000000000000000000000011
:10AF40000000000000000000000000000000000001
:10AF500000000000000000000000000000000000F1
:10AF600000000000000000000000000000000000E1
:10AF700000000000000000000000000000000000D1
:10AF800000000000000000000000000000000000C1
:10AF900000000000000000000000000000000000B1
:10AFA00000000000000000000000000000000000A1
:10AFB0000000000000000000000000000000000091
:10AFC0000000000000000000000000000000000081
:10AFD0000000000000000000000000000000000071
:10AFE0000000000000000000000000000000000061
:10AFF0000000000000000000000000000000000051
:10B000000000000000000000000000000000000040
:10B010000000000000000000000000000000000030
:10B020000000000000000000000000000000000020
:10B030000000000000000000000000000000000010
:10B040000000000000000000000000000000000000
:10B0500000000000000000000000000000000000F0
:10B0600000000000000000000000000000000000E0
:10B0700000000000000000000000000000000000D0
:10B0800000000000000000000000000000000000C0
:10B0900000000000000000000000000000000000B0
:10B0A00000000000000000000000000000000000A0
:10B0B0000000000000000000000000000000000090
:10B0C0000000000000000000000000000000000080
:10B0D0000000000000000000000000000000000070
:10B0E0000000000000000000000000000000000060
:10B0F0000000000000000000000000000000000050
:10B10000000000000000000000000000000000003F
:10B11000000000000000000000000000000000002F
:10B12000000000000000000000000000000000001F
:10B13000000000000000000000000000000000000F
:10B1400000000000000000000000000000000000FF
:10B1500000000000000000000000000000000000EF
:10B1600000000000000000000000000000000000DF
:10B1700000000000000000000000000000000000CF
:10B1800000000000000000000000000000000000BF
:10B1900000000000000000000000000000000000AF
:10B1A000000000000000000000000000000000009F
:10B1B000000000000000000000000000000000008F
:10B1C000000000000000000000000000000000007F
:10B1D000000000000000000000000000000000006F
:10B1E000000000000000000000000000000000005F
:10B1F000000000000000000000000000000000004F
:10B20000000000000000000000000000000000003E
:10B21000000000000000000000000000000000002E
:10B22000000000000000000000000000000000001E
:10B23000000000000000000000000000000000000E
:10B2400000000000000000000000000000000000FE
:10B2500000000000000000000000000000000000EE
:10B2600000000000000000000000000000000000DE
:10B2700000000000000000000000000000000000CE
:10B2800000000000000000000000000000000000BE
:10B2900000000000000000000000000000000000AE
:10B2A000000000000000000000000000000000009E
:10B2B000000000000000000000000000000000008E
:10B2C000000000000000000000000000000000007E
:10B2D000000000000000000000000000000000006E
:10B2E000000000000000000000000000000000005E
:10B2F000000000000000000000000000000000004E
:10B30000000000000000000000000000000000003D
:10B31000000000000000000000000000000000002D
:10B32000000000000000000000000000000000001D
:10B33000000000000000000000000000000000000D
:10B3400000000000000000000000000000000000FD
:10B3500000000000000000000000000000000000ED
:10B3600000000000000000000000000000000000DD
:10B3700000000000000000000000000000000000CD
:10B3800000000000000000000000000000000000BD
:10B3900000000000000000000000000000000000AD
:10B3A000000000000000000000000000000000009D
:10B3B000000000000000000000000000000000008D
:10B3C000000000000000000000000000000000007D
:10B3D000000000000000000000000000000000006D
:10B3E000000000000000000000000000000000005D
:10B3F000000000000000000000000000000000004D
:10B40000000000000000000000000000000000003C
:10B41000000000000000000000000000000000002C
:10B42000000000000000000000000000000000001C
:10B43000000000000000000000000000000000000C
:10B4400000000000000000000000000000000000FC
:10B4500000000000000000000000000000000000EC
:10B4600000000000000000000000000000000000DC
:10B4700000000000000000000000000000000000CC
:10B4800000000000000000000000000000000000BC
:10B4900000000000000000000000000000000000AC
:10B4A000000000000000000000000000000000009C
:10B4B000000000000000000000000000000000008C
:10B4C000000000000000000000000000000000007C
:10B4D000000000000000000000000000000000006C
:10B4E000000000000000000000000000000000005C
:10B4F000000000000000000000000000000000004C
:10B50000000000000000000000000000000000003B
:10B51000000000000000000000000000000000002B
:10B52000000000000000000000000000000000001B
:10B53000000000000000000000000000000000000B
:10B5400000000000000000000000000000000000FB
:10B5500000000000000000000000000000000000EB
:10B5600000000000000000000000000000000000DB
:10B5700000000000000000000000000000000000CB
:10B5800000000000000000000000000000000000BB
:10B5900000000000000000000000000000000000AB
:10B5A000000000000000000000000000000000009B
:10B5B000000000000000000000000000000000008B
:10B5C000000000000000000000000000000000007B
:10B5D000000000000000000000000000000000006B
:10B5E000000000000000000000000000000000005B
:10B5F000000000000000000000000000000000004B
:10B60000000000000000000000000000000000003A
:10B61000000000000000000000000000000000002A
:10B62000000000000000000000000000000000001A
:10B63000000000000000000000000000000000000A
:10B6400000000000000000000000000000000000FA
:10B6500000000000000000000000000000000000EA
:10B6600000000000000000000000000000000000DA
:10B6700000000000000000000000000000000000CA
:10B6800000000000000000000000000000000000BA
:10B6900000000000000000000000000000000000AA
:10B6A000000000000000000000000000000000009A
:10B6B000000000000000000000000000000000008A
:10B6C000000000000000000000000000000000007A
:10B6D000000000000000000000000000000000006A
:10B6E000000000000000000000000000000000005A
:10B6F000000000000000000000000000000000004A
:10B700000000000000000000000000000000000039
:10B710000000000000000000000000000000000029
:10B720000000000000000000000000000000000019
:10B730000000000000000000000000000000000009
:10B7400000000000000000000000000000000000F9
:10B7500000000000000000000000000000000000E9
:10B7600000000000000000000000000000000000D9
:10B7700000000000000000000000000000000000C9
:10B7800000000000000000000000000000000000B9
:10B7900000000000000000000000000000000000A9
:10B7A0000000000000000000000000000000000099
:10B7B0000000000000000000000000000000000089
:10B7C0000000000000000000000000000000000079
:10B7D0000000000000000000000000000000000069
:10B7E0000000000000000000000000000000000059
:10B7F0000000000000000000000000000000000049
:10B800000000000000000000000000000000000038
:10B810000000000000000000000000000000000028
:10B820000000000000000000000000000000000018
:10B830000000000000000000000000000000000008
:10B8400000000000000000000000000000000000F8
:10B8500000000000000000000000000000000000E8
:10B8600000000000000000000000000000000000D8
:10B8700000000000000000000000000000000000C8
:10B8800000000000000000000000000000000000B8
:10B8900000000000000000000000000000000000A8
:10B8A0000000000000000000000000000000000098
:10B8B0000000000000000000000000000000000088
:10B8C0000000000000000000000000000000000078
:10B8D0000000000000000000000000000000000068
:10B8E0000000000000000000000000000000000058
:10B8F0000000000000000000000000000000000048
:10B900000000000000000000000000000000000037
:10B910000000000000000000000000000000000027
:10B920000000000000000000000000000000000017
:10B930000000000000000000000000000000000007
:10B9400000000000000000000000000000000000F7
:10B9500000000000000000000000000000000000E7
:10B9600000000000000000000000000000000000D7
:10B9700000000000000000000000000000000000C7
:10B9800000000000000000000000000000000000B7
:10B9900000000000000000000000000000000000A7
:10B9A0000000000000000000000000000000000097
:10B9B0000000000000000000000000000000000087
:10B9C0000000000000000000000000000000000077
:10B9D0000000000000000000000000000000000067
:10B9E0000000000000000000000000000000000057
:10B9F0000000000000000000000000000000000047
:10BA00000000000000000000000000000000000036
:10BA10000000000000000000000000000000000026
:10BA20000000000000000000000000000000000016
:10BA30000000000000000000000000000000000006
:10BA400000000000000000000000000000000000F6
:10BA500000000000000000000000000000000000E6
:10BA600000000000000000000000000000000000D6
:10BA700000000000000000000000000000000000C6
:10BA800000000000000000000000000000000000B6
:10BA900000000000000000000000000000000000A6
:10BAA0000000000000000000000000000000000096
:10BAB0000000000000000000000000000000000086
:10BAC0000000000000000000000000000000000076
:10BAD0000000000000000000000000000000000066
:10BAE0000000000000000000000000000000000056
:10BAF0000000000000000000000000000000000046
:10BB00000000000000000000000000000000000035
:10BB10000000000000000000000000000000000025
:10BB20000000000000000000000000000000000015
:10BB30000000000000000000000000000000000005
:10BB400000000000000000000000000000000000F5
:10BB500000000000000000000000000000000000E5
:10BB600000000000000000000000000000000000D5
:10BB700000000000000000000000000000000000C5
:10BB800000000000000000000000000000000000B5
:10BB900000000000000000000000000000000000A5
:10BBA0000000000000000000000000000000000095
:10BBB0000000000000000000000000000000000085
:10BBC0000000000000000000000000000000000075
:10BBD0000000000000000000000000000000000065
:10BBE0000000000000000000000000000000000055
:10BBF0000000000000000000000000000000000045
:10BC00000000000000000000000000000000000034
:10BC10000000000000000000000000000000000024
:10BC20000000000000000000000000000000000014
:10BC30000000000000000000000000000000000004
:10BC400000000000000000000000000000000000F4
:10BC500000000000000000000000000000000000E4
:10BC600000000000000000000000000000000000D4
:10BC700000000000000000000000000000000000C4
:10BC800000000000000000000000000000000000B4
:10BC900000000000000000000000000000000000A4
:10BCA0000000000000000000000000000000000094
:10BCB0000000000000000000000000000000000084
:10BCC0000000000000000000000000000000000074
:10BCD0000000000000000000000000000000000064
:10BCE0000000000000000000000000000000000054
:10BCF0000000000000000000000000000000000044
:10BD00000000000000000000000000000000000033
:10BD10000000000000000000000000000000000023
:10BD20000000000000000000000000000000000013
:10BD30000000000000000000000000000000000003
:10BD400000000000000000000000000000000000F3
:10BD500000000000000000000000000000000000E3
:10BD600000000000000000000000000000000000D3
:10BD700000000000000000000000000000000000C3
:10BD800000000000000000000000000000000000B3
:10BD900000000000000000000000000000000000A3
:10BDA0000000000000000000000000000000000093
:10BDB0000000000000000000000000000000000083
:10BDC0000000000000000000000000000000000073
:10BDD0000000000000000000000000000000000063
:10BDE0000000000000000000000000000000000053
:10BDF0000000000000000000000000000000000043
:10BE00000000000000000000000000000000000032
:10BE10000000000000000000000000000000000022
:10BE20000000000000000000000000000000000012
:10BE30000000000000000000000000000000000002
:10BE400000000000000000000000000000000000F2
:10BE500000000000000000000000000000000000E2
:10BE600000000000000000000000000000000000D2
:10BE700000000000000000000000000000000000C2
:10BE800000000000000000000000000000000000B2
:10BE900000000000000000000000000000000000A2
:10BEA0000000000000000000000000000000000092
:10BEB0000000000000000000000000000000000082
:10BEC0000000000000000000000000000000000072
:10BED0000000000000000000000000000000000062
:10BEE0000000000000000000000000000000000052
:10BEF0000000000000000000000000000000000042
:10BF00000000000000000000000000000000000031
:10BF10000000000000000000000000000000000021
:10BF20000000000000000000000000000000000011
:10BF30000000000000000000000000000000000001
:10BF400000000000000000000000000000000000F1
:10BF500000000000000000000000000000000000E1
:10BF600000000000000000000000000000000000D1
:10BF700000000000000000000000000000000000C1
:10BF800000000000000000000000000000000000B1
:10BF900000000000000000000000000000000000A1
:10BFA0000000000000000000000000000000000091
:10BFB0000000000000000000000000000000000081
:10BFC0000000000000000000000000000000000071
:10BFD0000000000000000000000000000000000061
:10BFE0000000000000000000000000000000000051
:10BFF0000000000000000000000000000000000041
:10C000000000000000000000000000000000000030
:10C010000000000000000000000000000000000020
:10C020000000000000000000000000000000000010
:10C030000000000000000000000000000000000000
:10C0400000000000000000000000000000000000F0
:10C0500000000000000000000000000000000000E0
:10C0600000000000000000000000000000000000D0
:10C0700000000000000000000000000000000000C0
:10C0800000000000000000000000000000000000B0
:10C0900000000000000000000000000000000000A0
:10C0A0000000000000000000000000000000000090
:10C0B0000000000000000000000000000000000080
:10C0C0000000000000000000000000000000000070
:10C0D0000000000000000000000000000000000060
:10C0E0000000000000000000000000000000000050
:10C0F0000000000000000000000000000000000040
:10C10000000000000000000000000000000000002F
:10C11000000000000000000000000000000000001F
:10C12000000000000000000000000000000000000F
:10C1300000000000000000000000000000000000FF
:10C1400000000000000000000000000000000000EF
:10C1500000000000000000000000000000000000DF
:10C1600000000000000000000000000000000000CF
:10C1700000000000000000000000000000000000BF
:10C1800000000000000000000000000000000000AF
:10C19000000000000000000000000000000000009F
:10C1A000000000000000000000000000000000008F
:10C1B000000000000000000000000000000000007F
:10C1C000000000000000000000000000000000006F
:10C1D000000000000000000000000000000000005F
:10C1E000000000000000000000000000000000004F
:10C1F000000000000000000000000000000000003F
:10C20000000000000000000000000000000000002E
:10C21000000000000000000000000000000000001E
:10C22000000000000000000000000000000000000E
:10C2300000000000000000000000000000000000FE
:10C2400000000000000000000000000000000000EE
:10C2500000000000000000000000000000000000DE
:10C2600000000000000000000000000000000000CE
:10C2700000000000000000000000000000000000BE
:10C2800000000000000000000000000000000000AE
:10C29000000000000000000000000000000000009E
:10C2A000000000000000000000000000000000008E
:10C2B000000000000000000000000000000000007E
:10C2C000000000000000000000000000000000006E
:10C2D000000000000000000000000000000000005E
:10C2E000000000000000000000000000000000004E
:10C2F000000000000000000000000000000000003E
:10C30000000000000000000000000000000000002D
:10C31000000000000000000000000000000000001D
:10C32000000000000000000000000000000000000D
:10C3300000000000000000000000000000000000FD
:10C3400000000000000000000000000000000000ED
:10C3500000000000000000000000000000000000DD
:10C3600000000000000000000000000000000000CD
:10C3700000000000000000000000000000000000BD
:10C3800000000000000000000000000000000000AD
:10C39000000000000000000000000000000000009D
:10C3A000000000000000000000000000000000008D
:10C3B000000000000000000000000000000000007D
:10C3C000000000000000000000000000000000006D
:10C3D000000000000000000000000000000000005D
:10C3E000000000000000000000000000000000004D
:10C3F000000000000000000000000000000000003D
:10C40000000000000000000000000000000000002C
:10C41000000000000000000000000000000000001C
:10C42000000000000000000000000000000000000C
:10C4300000000000000000000000000000000000FC
:10C4400000000000000000000000000000000000EC
:10C4500000000000000000000000000000000000DC
:10C4600000000000000000000000000000000000CC
:10C4700000000000000000000000000000000000BC
:10C4800000000000000000000000000000000000AC
:10C49000000000000000000000000000000000009C
:10C4A000000000000000000000000000000000008C
:10C4B000000000000000000000000000000000007C
:10C4C000000000000000000000000000000000006C
:10C4D000000000000000000000000000000000005C
:10C4E000000000000000000000000000000000004C
:10C4F000000000000000000000000000000000003C
:10C50000000000000000000000000000000000002B
:10C51000000000000000000000000000000000001B
:10C52000000000000000000000000000000000000B
:10C5300000000000000000000000000000000000FB
:10C5400000000000000000000000000000000000EB
:10C5500000000000000000000000000000000000DB
:10C5600000000000000000000000000000000000CB
:10C5700000000000000000000000000000000000BB
:10C5800000000000000000000000000000000000AB
:10C59000000000000000000000000000000000009B
:10C5A000000000000000000000000000000000008B
:10C5B000000000000000000000000000000000007B
:10C5C000000000000000000000000000000000006B
:10C5D000000000000000000000000000000000005B
:10C5E000000000000000000000000000000000004B
:10C5F000000000000000000000000000000000003B
:10C60000000000000000000000000000000000002A
:10C61000000000000000000000000000000000001A
:10C62000000000000000000000000000000000000A
:10C6300000000000000000000000000000000000FA
:10C6400000000000000000000000000000000000EA
:10C6500000000000000000000000000000000000DA
:10C6600000000000000000000000000000000000CA
:10C6700000000000000000000000000000000000BA
:10C6800000000000000000000000000000000000AA
:10C69000000000000000000000000000000000009A
:10C6A000000000000000000000000000000000008A
:10C6B000000000000000000000000000000000007A
:10C6C000000000000000000000000000000000006A
:10C6D000000000000000000000000000000000005A
:10C6E000000000000000000000000000000000004A
:10C6F000000000000000000000000000000000003A
:10C700000000000000000000000000000000000029
:10C710000000000000000000000000000000000019
:10C720000000000000000000000000000000000009
:10C7300000000000000000000000000000000000F9
:10C7400000000000000000000000000000000000E9
:10C7500000000000000000000000000000000000D9
:10C7600000000000000000000000000000000000C9
:10C7700000000000000000000000000000000000B9
:10C7800000000000000000000000000000000000A9
:10C790000000000000000000000000000000000099
:10C7A0000000000000000000000000000000000089
:10C7B0000000000000000000000000000000000079
:10C7C0000000000000000000000000000000000069
:10C7D0000000000000000000000000000000000059
:10C7E0000000000000000000000000000000000049
:10C7F0000000000000000000000000000000000039
:10C800000000000000000000000000000000000028
:10C810000000000000000000000000000000000018
:10C820000000000000000000000000000000000008
:10C8300000000000000000000000000000000000F8
:10C8400000000000000000000000000000000000E8
:10C8500000000000000000000000000000000000D8
:10C8600000000000000000000000000000000000C8
:10C8700000000000000000000000000000000000B8
:10C8800000000000000000000000000000000000A8
:10C890000000000000000000000000000000000098
:10C8A0000000000000000000000000000000000088
:10C8B0000000000000000000000000000000000078
:10C8C0000000000000000000000000000000000068
:10C8D0000000000000000000000000000000000058
:10C8E0000000000000000000000000000000000048
:10C8F0000000000000000000000000000000000038
:10C900000000000000000000000000000000000027
:10C910000000000000000000000000000000000017
:10C920000000000000000000000000000000000007
:10C9300000000000000000000000000000000000F7
:10C9400000000000000000000000000000000000E7
:10C9500000000000000000000000000000000000D7
:10C9600000000000000000000000000000000000C7
:10C9700000000000000000000000000000000000B7
:10C9800000000000000000000000000000000000A7
:10C990000000000000000000000000000000000097
:10C9A0000000000000000000000000000000000087
:10C9B0000000000000000000000000000000000077
:10C9C0000000000000000000000000000000000067
:10C9D0000000000000000000000000000000000057
:10C9E0000000000000000000000000000000000047
:10C9F0000000000000000000000000000000000037
:10CA00000000000000000000000000000000000026
:10CA10000000000000000000000000000000000016
:10CA20000000000000000000000000000000000006
:10CA300000000000000000000000000000000000F6
:10CA400000000000000000000000000000000000E6
:10CA500000000000000000000000000000000000D6
:10CA600000000000000000000000000000000000C6
:10CA700000000000000000000000000000000000B6
:10CA800000000000000000000000000000000000A6
:10CA90000000000000000000000000000000000096
:10CAA0000000000000000000000000000000000086
:10CAB0000000000000000000000000000000000076
:10CAC0000000000000000000000000000000000066
:10CAD0000000000000000000000000000000000056
:10CAE0000000000000000000000000000000000046
:10CAF0000000000000000000000000000000000036
:10CB00000000000000000000000000000000000025
:10CB10000000000000000000000000000000000015
:10CB20000000000000000000000000000000000005
:10CB300000000000000000000000000000000000F5
:10CB400000000000000000000000000000000000E5
:10CB500000000000000000000000000000000000D5
:10CB600000000000000000000000000000000000C5
:10CB700000000000000000000000000000000000B5
:10CB800000000000000000000000000000000000A5
:10CB90000000000000000000000000000000000095
:10CBA0000000000000000000000000000000000085
:10CBB0000000000000000000000000000000000075
:10CBC0000000000000000000000000000000000065
:10CBD0000000000000000000000000000000000055
:10CBE0000000000000000000000000000000000045
:10CBF0000000000000000000000000000000000035
:10CC00000000000000000000000000000000000024
:10CC10000000000000000000000000000000000014
:10CC20000000000000000000000000000000000004
:10CC300000000000000000000000000000000000F4
:10CC400000000000000000000000000000000000E4
:10CC500000000000000000000000000000000000D4
:10CC600000000000000000000000000000000000C4
:10CC700000000000000000000000000000000000B4
:10CC800000000000000000000000000000000000A4
:10CC90000000000000000000000000000000000094
:10CCA0000000000000000000000000000000000084
:10CCB0000000000000000000000000000000000074
:10CCC0000000000000000000000000000000000064
:10CCD0000000000000000000000000000000000054
:10CCE0000000000000000000000000000000000044
:10CCF0000000000000000000000000000000000034
:10CD00000000000000000000000000000000000023
:10CD10000000000000000000000000000000000013
:10CD20000000000000000000000000000000000003
:10CD300000000000000000000000000000000000F3
:10CD400000000000000000000000000000000000E3
:10CD500000000000000000000000000000000000D3
:10CD600000000000000000000000000000000000C3
:10CD700000000000000000000000000000000000B3
:10CD800000000000000000000000000000000000A3
:10CD90000000000000000000000000000000000093
:10CDA0000000000000000000000000000000000083
:10CDB0000000000000000000000000000000000073
:10CDC0000000000000000000000000000000000063
:10CDD0000000000000000000000000000000000053
:10CDE0000000000000000000000000000000000043
:10CDF0000000000000000000000000000000000033
:10CE00000000000000000000000000000000000022
:10CE10000000000000000000000000000000000012
:10CE20000000000000000000000000000000000002
:10CE300000000000000000000000000000000000F2
:10CE400000000000000000000000000000000000E2
:10CE500000000000000000000000000000000000D2
:10CE600000000000000000000000000000000000C2
:10CE700000000000000000000000000000000000B2
:10CE800000000000000000000000000000000000A2
:10CE90000000000000000000000000000000000092
:10CEA0000000000000000000000000000000000082
:10CEB0000000000000000000000000000000000072
:10CEC0000000000000000000000000000000000062
:10CED0000000000000000000000000000000000052
:10CEE0000000000000000000000000000000000042
:10CEF0000000000000000000000000000000000032
:10CF00000000000000000000000000000000000021
:10CF10000000000000000000000000000000000011
:10CF20000000000000000000000000000000000001
:10CF300000000000000000000000000000000000F1
:10CF400000000000000000000000000000000000E1
:10CF500000000000000000000000000000000000D1
:10CF600000000000000000000000000000000000C1
:10CF700000000000000000000000000000000000B1
:10CF800000000000000000000000000000000000A1
:10CF90000000000000000000000000000000000091
:10CFA0000000000000000000000000000000000081
:10CFB0000000000000000000000000000000000071
:10CFC0000000000000000000000000000000000061
:10CFD0000000000000000000000000000000000051
:10CFE0000000000000000000000000000000000041
:10CFF0000000000000000000000000000000000031
:10D000000000000000000000000000000000000020
:10D010000000000000000000000000000000000010
:10D020000000000000000000000000000000000000
:10D0300000000000000000000000000000000000F0
:10D0400000000000000000000000000000000000E0
:10D0500000000000000000000000000000000000D0
:10D0600000000000000000000000000000000000C0
:10D0700000000000000000000000000000000000B0
:10D0800000000000000000000000000000000000A0
:10D090000000000000000000000000000000000090
:10D0A0000000000000000000000000000000000080
:10D0B0000000000000000000000000000000000070
:10D0C0000000000000000000000000000000000060
:10D0D0000000000000000000000000000000000050
:10D0E0000000000000000000000000000000000040
:10D0F0000000000000000000000000000000000030
:10D10000000000000000000000000000000000001F
:10D11000000000000000000000000000000000000F
:10D1200000000000000000000000000000000000FF
:10D1300000000000000000000000000000000000EF
:10D1400000000000000000000000000000000000DF
:10D1500000000000000000000000000000000000CF
:10D1600000000000000000000000000000000000BF
:10D1700000000000000000000000000000000000AF
:10D18000000000000000000000000000000000009F
:10D19000000000000000000000000000000000008F
:10D1A000000000000000000000000000000000007F
:10D1B000000000000000000000000000000000006F
:10D1C000000000000000000000000000000000005F
:10D1D000000000000000000000000000000000004F
:10D1E000000000000000000000000000000000003F
:10D1F000000000000000000000000000000000002F
:10D20000000000000000000000000000000000001E
:10D21000000000000000000000000000000000000E
:10D2200000000000000000000000000000000000FE
:10D2300000000000000000000000000000000000EE
:10D2400000000000000000000000000000000000DE
:10D2500000000000000000000000000000000000CE
:10D2600000000000000000000000000000000000BE
:10D2700000000000000000000000000000000000AE
:10D28000000000000000000000000000000000009E
:10D29000000000000000000000000000000000008E
:10D2A000000000000000000000000000000000007E
:10D2B000000000000000000000000000000000006E
:10D2C000000000000000000000000000000000005E
:10D2D000000000000000000000000000000000004E
:10D2E000000000000000000000000000000000003E
:10D2F000000000000000000000000000000000002E
:10D30000000000000000000000000000000000001D
:10D31000000000000000000000000000000000000D
:10D3200000000000000000000000000000000000FD
:10D3300000000000000000000000000000000000ED
:10D3400000000000000000000000000000000000DD
:10D3500000000000000000000000000000000000CD
:10D3600000000000000000000000000000000000BD
:10D3700000000000000000000000000000000000AD
:10D38000000000000000000000000000000000009D
:10D39000000000000000000000000000000000008D
:10D3A000000000000000000000000000000000007D
:10D3B000000000000000000000000000000000006D
:10D3C000000000000000000000000000000000005D
:10D3D000000000000000000000000000000000004D
:10D3E000000000000000000000000000000000003D
:10D3F000000000000000000000000000000000002D
:10D40000000000000000000000000000000000001C
:10D41000000000000000000000000000000000000C
:10D4200000000000000000000000000000000000FC
:10D4300000000000000000000000000000000000EC
:10D4400000000000000000000000000000000000DC
:10D4500000000000000000000000000000000000CC
:10D4600000000000000000000000000000000000BC
:10D4700000000000000000000000000000000000AC
:10D48000000000000000000000000000000000009C
:10D49000000000000000000000000000000000008C
:10D4A000000000000000000000000000000000007C
:10D4B000000000000000000000000000000000006C
:10D4C000000000000000000000000000000000005C
:10D4D000000000000000000000000000000000004C
:10D4E000000000000000000000000000000000003C
:10D4F000000000000000000000000000000000002C
:10D50000000000000000000000000000000000001B
:10D51000000000000000000000000000000000000B
:10D5200000000000000000000000000000000000FB
:10D5300000000000000000000000000000000000EB
:10D5400000000000000000000000000000000000DB
:10D5500000000000000000000000000000000000CB
:10D5600000000000000000000000000000000000BB
:10D5700000000000000000000000000000000000AB
:10D58000000000000000000000000000000000009B
:10D59000000000000000000000000000000000008B
:10D5A000000000000000000000000000000000007B
:10D5B000000000000000000000000000000000006B
:10D5C000000000000000000000000000000000005B
:10D5D000000000000000000000000000000000004B
:10D5E000000000000000000000000000000000003B
:10D5F000000000000000000000000000000000002B
:10D60000000000000000000000000000000000001A
:10D61000000000000000000000000000000000000A
:10D6200000000000000000000000000000000000FA
:10D6300000000000000000000000000000000000EA
:10D6400000000000000000000000000000000000DA
:10D6500000000000000000000000000000000000CA
:10D6600000000000000000000000000000000000BA
:10D6700000000000000000000000000000000000AA
:10D68000000000000000000000000000000000009A
:10D69000000000000000000000000000000000008A
:10D6A000000000000000000000000000000000007A
:10D6B000000000000000000000000000000000006A
:10D6C000000000000000000000000000000000005A
:10D6D000000000000000000000000000000000004A
:10D6E000000000000000000000000000000000003A
:10D6F000000000000000000000000000000000002A
:10D700000000000000000000000000000000000019
:10D710000000000000000000000000000000000009
:10D7200000000000000000000000000000000000F9
:10D7300000000000000000000000000000000000E9
:10D7400000000000000000000000000000000000D9
:10D7500000000000000000000000000000000000C9
:10D7600000000000000000000000000000000000B9
:10D7700000000000000000000000000000000000A9
:10D780000000000000000000000000000000000099
:10D790000000000000000000000000000000000089
:10D7A0000000000000000000000000000000000079
:10D7B0000000000000000000000000000000000069
:10D7C0000000000000000000000000000000000059
:10D7D0000000000000000000000000000000000049
:10D7E0000000000000000000000000000000000039
:10D7F0000000000000000000000000000000000029
:10D800000000000000000000000000000000000018
:10D810000000000000000000000000000000000008
:10D8200000000000000000000000000000000000F8
:10D8300000000000000000000000000000000000E8
:10D8400000000000000000000000000000000000D8
:10D8500000000000000000000000000000000000C8
:10D8600000000000000000000000000000000000B8
:10D8700000000000000000000000000000000000A8
:10D880000000000000000000000000000000000098
:10D890000000000000000000000000000000000088
:10D8A0000000000000000000000000000000000078
:10D8B0000000000000000000000000000000000068
:10D8C0000000000000000000000000000000000058
:10D8D0000000000000000000000000000000000048
:10D8E0000000000000000000000000000000000038
:10D8F0000000000000000000000000000000000028
:10D900000000000000000000000000000000000017
:10D910000000000000000000000000000000000007
:10D9200000000000000000000000000000000000F7
:10D9300000000000000000000000000000000000E7
:10D9400000000000000000000000000000000000D7
:10D9500000000000000000000000000000000000C7
:10D9600000000000000000000000000000000000B7
:10D9700000000000000000000000000000000000A7
:10D980000000000000000000000000000000000097
:10D990000000000000000000000000000000000087
:10D9A0000000000000000000000000000000000077
:10D9B0000000000000000000000000000000000067
:10D9C0000000000000000000000000000000000057
:10D9D0000000000000000000000000000000000047
:10D9E0000000000000000000000000000000000037
:10D9F0000000000000000000000000000000000027
:10DA00000000000000000000000000000000000016
:10DA10000000000000000000000000000000000006
:10DA200000000000000000000000000000000000F6
:10DA300000000000000000000000000000000000E6
:10DA400000000000000000000000000000000000D6
:10DA500000000000000000000000000000000000C6
:10DA600000000000000000000000000000000000B6
:10DA700000000000000000000000000000000000A6
:10DA80000000000000000000000000000000000096
:10DA90000000000000000000000000000000000086
:10DAA0000000000000000000000000000000000076
:10DAB0000000000000000000000000000000000066
:10DAC0000000000000000000000000000000000056
:10DAD0000000000000000000000000000000000046
:10DAE0000000000000000000000000000000000036
:10DAF0000000000000000000000000000000000026
:10DB00000000000000000000000000000000000015
:10DB10000000000000000000000000000000000005
:10DB200000000000000000000000000000000000F5
:10DB300000000000000000000000000000000000E5
:10DB400000000000000000000000000000000000D5
:10DB500000000000000000000000000000000000C5
:10DB600000000000000000000000000000000000B5
:10DB700000000000000000000000000000000000A5
:10DB80000000000000000000000000000000000095
:10DB90000000000000000000000000000000000085
:10DBA0000000000000000000000000000000000075
:10DBB0000000000000000000000000000000000065
:10DBC0000000000000000000000000000000000055
:10DBD0000000000000000000000000000000000045
:10DBE0000000000000000000000000000000000035
:10DBF0000000000000000000000000000000000025
:10DC00000000000000000000000000000000000014
:10DC10000000000000000000000000000000000004
:10DC200000000000000000000000000000000000F4
:10DC300000000000000000000000000000000000E4
:10DC400000000000000000000000000000000000D4
:10DC500000000000000000000000000000000000C4
:10DC600000000000000000000000000000000000B4
:10DC700000000000000000000000000000000000A4
:10DC80000000000000000000000000000000000094
:10DC90000000000000000000000000000000000084
:10DCA0000000000000000000000000000000000074
:10DCB0000000000000000000000000000000000064
:10DCC0000000000000000000000000000000000054
:10DCD0000000000000000000000000000000000044
:10DCE0000000000000000000000000000000000034
:10DCF0000000000000000000000000000000000024
:10DD00000000000000000000000000000000000013
:10DD10000000000000000000000000000000000003
:10DD200000000000000000000000000000000000F3
:10DD300000000000000000000000000000000000E3
:10DD400000000000000000000000000000000000D3
:10DD500000000000000000000000000000000000C3
:10DD600000000000000000000000000000000000B3
:10DD700000000000000000000000000000000000A3
:10DD80000000000000000000000000000000000093
:10DD90000000000000000000000000000000000083
:10DDA0000000000000000000000000000000000073
:10DDB0000000000000000000000000000000000063
:10DDC0000000000000000000000000000000000053
:10DDD0000000000000000000000000000000000043
:10DDE0000000000000000000000000000000000033
:10DDF0000000000000000000000000000000000023
:10DE00000000000000000000000000000000000012
:10DE10000000000000000000000000000000000002
:10DE200000000000000000000000000000000000F2
:10DE300000000000000000000000000000000000E2
:10DE400000000000000000000000000000000000D2
:10DE500000000000000000000000000000000000C2
:10DE600000000000000000000000000000000000B2
:10DE700000000000000000000000000000000000A2
:10DE80000000000000000000000000000000000092
:10DE90000000000000000000000000000000000082
:10DEA0000000000000000000000000000000000072
:10DEB0000000000000000000000000000000000062
:10DEC0000000000000000000000000000000000052
:10DED0000000000000000000000000000000000042
:10DEE0000000000000000000000000000000000032
:10DEF0000000000000000000000000000000000022
:10DF00000000000000000000000000000000000011
:10DF10000000000000000000000000000000000001
:10DF200000000000000000000000000000000000F1
:10DF300000000000000000000000000000000000E1
:10DF400000000000000000000000000000000000D1
:10DF500000000000000000000000000000000000C1
:10DF600000000000000000000000000000000000B1
:10DF700000000000000000000000000000000000A1
:10DF80000000000000000000000000000000000091
:10DF90000000000000000000000000000000000081
:10DFA0000000000000000000000000000000000071
:10DFB0000000000000000000000000000000000061
:10DFC0000000000000000000000000000000000051
:10DFD0000000000000000000000000000000000041
:10DFE0000000000000000000000000000000000031
:10DFF0000000000000000000000000000000000021
:10E000000000000000000000000000000000000010
:10E010000000000000000000000000000000000000
:10E0200000000000000000000000000000000000F0
:10E0300000000000000000000000000000000000E0
:10E0400000000000000000000000000000000000D0
:10E0500000000000000000000000000000000000C0
:10E0600000000000000000000000000000000000B0
:10E0700000000000000000000000000000000000A0
:10E080000000000000000000000000000000000090
:10E090000000000000000000000000000000000080
:10E0A0000000000000000000000000000000000070
:10E0B0000000000000000000000000000000000060
:10E0C0000000000000000000000000000000000050
:10E0D0000000000000000000000000000000000040
:10E0E0000000000000000000000000000000000030
:10E0F0000000000000000000000000000000000020
:10E10000000000000000000000000000000000000F
:10E1100000000000000000000000000000000000FF
:10E1200000000000000000000000000000000000EF
:10E1300000000000000000000000000000000000DF
:10E1400000000000000000000000000000000000CF
:10E1500000000000000000000000000000000000BF
:10E1600000000000000000000000000000000000AF
:10E17000000000000000000000000000000000009F
:10E18000000000000000000000000000000000008F
:10E19000000000000000000000000000000000007F
:10E1A000000000000000000000000000000000006F
:10E1B000000000000000000000000000000000005F
:10E1C000000000000000000000000000000000004F
:10E1D000000000000000000000000000000000003F
:10E1E000000000000000000000000000000000002F
:10E1F000000000000000000000000000000000001F
:10E20000000000000000000000000000000000000E
:10E2100000000000000000000000000000000000FE
:10E2200000000000000000000000000000000000EE
:10E2300000000000000000000000000000000000DE
:10E2400000000000000000000000000000000000CE
:10E2500000000000000000000000000000000000BE
:10E2600000000000000000000000000000000000AE
:10E27000000000000000000000000000000000009E
:10E28000000000000000000000000000000000008E
:10E29000000000000000000000000000000000007E
:10E2A000000000000000000000000000000000006E
:10E2B000000000000000000000000000000000005E
:10E2C000000000000000000000000000000000004E
:10E2D000000000000000000000000000000000003E
:10E2E000000000000000000000000000000000002E
:10E2F000000000000000000000000000000000001E
:10E30000000000000000000000000000000000000D
:10E3100000000000000000000000000000000000FD
:10E3200000000000000000000000000000000000ED
:10E3300000000000000000000000000000000000DD
:10E3400000000000000000000000000000000000CD
:10E3500000000000000000000000000000000000BD
:10E3600000000000000000000000000000000000AD
:10E37000000000000000000000000000000000009D
:10E38000000000000000000000000000000000008D
:10E39000000000000000000000000000000000007D
:10E3A000000000000000000000000000000000006D
:10E3B000000000000000000000000000000000005D
:10E3C000000000000000000000000000000000004D
:10E3D000000000000000000000000000000000003D
:10E3E000000000000000000000000000000000002D
:10E3F000000000000000000000000000000000001D
:10E40000000000000000000000000000000000000C
:10E4100000000000000000000000000000000000FC
:10E4200000000000000000000000000000000000EC
:10E4300000000000000000000000000000000000DC
:10E4400000000000000000000000000000000000CC
:10E4500000000000000000000000000000000000BC
:10E4600000000000000000000000000000000000AC
:10E47000000000000000000000000000000000009C
:10E48000000000000000000000000000000000008C
:10E49000000000000000000000000000000000007C
:10E4A000000000000000000000000000000000006C
:10E4B000000000000000000000000000000000005C
:10E4C000000000000000000000000000000000004C
:10E4D000000000000000000000000000000000003C
:10E4E000000000000000000000000000000000002C
:10E4F000000000000000000000000000000000001C
:10E50000000000000000000000000000000000000B
:10E5100000000000000000000000000000000000FB
:10E5200000000000000000000000000000000000EB
:10E5300000000000000000000000000000000000DB
:10E5400000000000000000000000000000000000CB
:10E5500000000000000000000000000000000000BB
:10E5600000000000000000000000000000000000AB
:10E57000000000000000000000000000000000009B
:10E58000000000000000000000000000000000008B
:10E59000000000000000000000000000000000007B
:10E5A000000000000000000000000000000000006B
:10E5B000000000000000000000000000000000005B
:10E5C000000000000000000000000000000000004B
:10E5D000000000000000000000000000000000003B
:10E5E000000000000000000000000000000000002B
:10E5F000000000000000000000000000000000001B
:10E60000000000000000000000000000000000000A
:10E6100000000000000000000000000000000000FA
:10E6200000000000000000000000000000000000EA
:10E6300000000000000000000000000000000000DA
:10E6400000000000000000000000000000000000CA
:10E6500000000000000000000000000000000000BA
:10E6600000000000000000000000000000000000AA
:10E67000000000000000000000000000000000009A
:10E68000000000000000000000000000000000008A
:10E69000000000000000000000000000000000007A
:10E6A000000000000000000000000000000000006A
:10E6B000000000000000000000000000000000005A
:10E6C000000000000000000000000000000000004A
:10E6D000000000000000000000000000000000003A
:10E6E000000000000000000000000000000000002A
:10E6F000000000000000000000000000000000001A
:10E700000000000000000000000000000000000009
:10E7100000000000000000000000000000000000F9
:10E7200000000000000000000000000000000000E9
:10E7300000000000000000000000000000000000D9
:10E7400000000000000000000000000000000000C9
:10E7500000000000000000000000000000000000B9
:10E7600000000000000000000000000000000000A9
:10E770000000000000000000000000000000000099
:10E780000000000000000000000000000000000089
:10E790000000000000000000000000000000000079
:10E7A0000000000000000000000000000000000069
:10E7B0000000000000000000000000000000000059
:10E7C0000000000000000000000000000000000049
:10E7D0000000000000000000000000000000000039
:10E7E0000000000000000000000000000000000029
:10E7F0000000000000000000000000000000000019
:10E800000000000000000000000000000000000008
:10E8100000000000000000000000000000000000F8
:10E8200000000000000000000000000000000000E8
:10E8300000000000000000000000000000000000D8
:10E8400000000000000000000000000000000000C8
:10E8500000000000000000000000000000000000B8
:10E8600000000000000000000000000000000000A8
:10E870000000000000000000000000000000000098
:10E880000000000000000000000000000000000088
:10E890000000000000000000000000000000000078
:10E8A0000000000000000000000000000000000068
:10E8B0000000000000000000000000000000000058
:10E8C0000000000000000000000000000000000048
:10E8D0000000000000000000000000000000000038
:10E8E0000000000000000000000000000000000028
:10E8F0000000000000000000000000000000000018
:10E900000000000000000000000000000000000007
:10E9100000000000000000000000000000000000F7
:10E9200000000000000000000000000000000000E7
:10E9300000000000000000000000000000000000D7
:10E9400000000000000000000000000000000000C7
:10E9500000000000000000000000000000000000B7
:10E9600000000000000000000000000000000000A7
:10E970000000000000000000000000000000000097
:10E980000000000000000000000000000000000087
:10E990000000000000000000000000000000000077
:10E9A0000000000000000000000000000000000067
:10E9B0000000000000000000000000000000000057
:10E9C0000000000000000000000000000000000047
:10E9D0000000000000000000000000000000000037
:10E9E0000000000000000000000000000000000027
:10E9F0000000000000000000000000000000000017
:10EA00000000000000000000000000000000000006
:10EA100000000000000000000000000000000000F6
:10EA200000000000000000000000000000000000E6
:10EA300000000000000000000000000000000000D6
:10EA400000000000000000000000000000000000C6
:10EA500000000000000000000000000000000000B6
:10EA600000000000000000000000000000000000A6
:10EA70000000000000000000000000000000000096
:10EA80000000000000000000000000000000000086
:10EA90000000000000000000000000000000000076
:10EAA0000000000000000000000000000000000066
:10EAB0000000000000000000000000000000000056
:10EAC0000000000000000000000000000000000046
:10EAD0000000000000000000000000000000000036
:10EAE0000000000000000000000000000000000026
:10EAF0000000000000000000000000000000000016
:10EB00000000000000000000000000000000000005
:10EB100000000000000000000000000000000000F5
:10EB200000000000000000000000000000000000E5
:10EB300000000000000000000000000000000000D5
:10EB400000000000000000000000000000000000C5
:10EB500000000000000000000000000000000000B5
:10EB600000000000000000000000000000000000A5
:10EB70000000000000000000000000000000000095
:10EB80000000000000000000000000000000000085
:10EB90000000000000000000000000000000000075
:10EBA0000000000000000000000000000000000065
:10EBB0000000000000000000000000000000000055
:10EBC0000000000000000000000000000000000045
:10EBD0000000000000000000000000000000000035
:10EBE0000000000000000000000000000000000025
:10EBF0000000000000000000000000000000000015
:10EC00000000000000000000000000000000000004
:10EC100000000000000000000000000000000000F4
:10EC200000000000000000000000000000000000E4
:10EC300000000000000000000000000000000000D4
:10EC400000000000000000000000000000000000C4
:10EC500000000000000000000000000000000000B4
:10EC600000000000000000000000000000000000A4
:10EC70000000000000000000000000000000000094
:10EC80000000000000000000000000000000000084
:10EC90000000000000000000000000000000000074
:10ECA0000000000000000000000000000000000064
:10ECB0000000000000000000000000000000000054
:10ECC0000000000000000000000000000000000044
:10ECD0000000000000000000000000000000000034
:10ECE0000000000000000000000000000000000024
:10ECF0000000000000000000000000000000000014
:10ED00000000000000000000000000000000000003
:10ED100000000000000000000000000000000000F3
:10ED200000000000000000000000000000000000E3
:10ED300000000000000000000000000000000000D3
:10ED400000000000000000000000000000000000C3
:10ED500000000000000000000000000000000000B3
:10ED600000000000000000000000000000000000A3
:10ED70000000000000000000000000000000000093
:10ED80000000000000000000000000000000000083
:10ED90000000000000000000000000000000000073
:10EDA0000000000000000000000000000000000063
:10EDB0000000000000000000000000000000000053
:10EDC0000000000000000000000000000000000043
:10EDD0000000000000000000000000000000000033
:10EDE0000000000000000000000000000000000023
:10EDF0000000000000000000000000000000000013
:10EE00000000000000000000000000000000000002
:10EE100000000000000000000000000000000000F2
:10EE200000000000000000000000000000000000E2
:10EE300000000000000000000000000000000000D2
:10EE400000000000000000000000000000000000C2
:10EE500000000000000000000000000000000000B2
:10EE600000000000000000000000000000000000A2
:10EE70000000000000000000000000000000000092
:10EE80000000000000000000000000000000000082
:10EE90000000000000000000000000000000000072
:10EEA0000000000000000000000000000000000062
:10EEB0000000000000000000000000000000000052
:10EEC0000000000000000000000000000000000042
:10EED0000000000000000000000000000000000032
:10EEE0000000000000000000000000000000000022
:10EEF0000000000000000000000000000000000012
:10EF00000000000000000000000000000000000001
:10EF100000000000000000000000000000000000F1
:10EF200000000000000000000000000000000000E1
:10EF300000000000000000000000000000000000D1
:10EF400000000000000000000000000000000000C1
:10EF500000000000000000000000000000000000B1
:10EF600000000000000000000000000000000000A1
:10EF70000000000000000000000000000000000091
:10EF80000000000000000000000000000000000081
:10EF90000000000000000000000000000000000071
:10EFA0000000000000000000000000000000000061
:10EFB0000000000000000000000000000000000051
:10EFC0000000000000000000000000000000000041
:10EFD0000000000000000000000000000000000031
:10EFE0000000000000000000000000000000000021
:10EFF0000000000000000000000000000000000011
:10F000000000000000000000000000000000000000
:10F0100000000000000000000000000000000000F0
:10F0200000000000000000000000000000000000E0
:10F0300000000000000000000000000000000000D0
:10F0400000000000000000000000000000000000C0
:10F0500000000000000000000000000000000000B0
:10F0600000000000000000000000000000000000A0
:10F070000000000000000000000000000000000090
:10F080000000000000000000000000000000000080
:10F090000000000000000000000000000000000070
:10F0A0000000000000000000000000000000000060
:10F0B0000000000000000000000000000000000050
:10F0C0000000000000000000000000000000000040
:10F0D0000000000000000000000000000000000030
:10F0E0000000000000000000000000000000000020
:10F0F0000000000000000000000000000000000010
:10F1000000000000000000000000000000000000FF
:10F1100000000000000000000000000000000000EF
:10F1200000000000000000000000000000000000DF
:10F1300000000000000000000000000000000000CF
:10F1400000000000000000000000000000000000BF
:10F1500000000000000000000000000000000000AF
:10F16000000000000000000000000000000000009F
:10F17000000000000000000000000000000000008F
:10F18000000000000000000000000000000000007F
:10F19000000000000000000000000000000000006F
:10F1A000000000000000000000000000000000005F
:10F1B000000000000000000000000000000000004F
:10F1C000000000000000000000000000000000003F
:10F1D000000000000000000000000000000000002F
:10F1E000000000000000000000000000000000001F
:10F1F000000000000000000000000000000000000F
:10F2000000000000000000000000000000000000FE
:10F2100000000000000000000000000000000000EE
:10F2200000000000000000000000000000000000DE
:10F2300000000000000000000000000000000000CE
:10F2400000000000000000000000000000000000BE
:10F2500000000000000000000000000000000000AE
:10F26000000000000000000000000000000000009E
:10F27000000000000000000000000000000000008E
:10F28000000000000000000000000000000000007E
:10F29000000000000000000000000000000000006E
:10F2A000000000000000000000000000000000005E
:10F2B000000000000000000000000000000000004E
:10F2C000000000000000000000000000000000003E
:10F2D000000000000000000000000000000000002E
:10F2E000000000000000000000000000000000001E
:10F2F000000000000000000000000000000000000E
:10F3000000000000000000000000000000000000FD
:10F3100000000000000000000000000000000000ED
:10F3200000000000000000000000000000000000DD
:10F3300000000000000000000000000000000000CD
:10F3400000000000000000000000000000000000BD
:10F3500000000000000000000000000000000000AD
:10F36000000000000000000000000000000000009D
:10F37000000000000000000000000000000000008D
:10F38000000000000000000000000000000000007D
:10F39000000000000000000000000000000000006D
:10F3A000000000000000000000000000000000005D
:10F3B000000000000000000000000000000000004D
:10F3C000000000000000000000000000000000003D
:10F3D000000000000000000000000000000000002D
:10F3E000000000000000000000000000000000001D
:10F3F000000000000000000000000000000000000D
:10F4000000000000000000000000000000000000FC
:10F4100000000000000000000000000000000000EC
:10F4200000000000000000000000000000000000DC
:10F4300000000000000000000000000000000000CC
:10F4400000000000000000000000000000000000BC
:10F4500000000000000000000000000000000000AC
:10F46000000000000000000000000000000000009C
:10F47000000000000000000000000000000000008C
:10F48000000000000000000000000000000000007C
:10F49000000000000000000000000000000000006C
:10F4A000000000000000000000000000000000005C
:10F4B000000000000000000000000000000000004C
:10F4C000000000000000000000000000000000003C
:10F4D000000000000000000000000000000000002C
:10F4E000000000000000000000000000000000001C
:10F4F000000000000000000000000000000000000C
:10F5000000000000000000000000000000000000FB
:10F5100000000000000000000000000000000000EB
:10F5200000000000000000000000000000000000DB
:10F5300000000000000000000000000000000000CB
:10F5400000000000000000000000000000000000BB
:10F5500000000000000000000000000000000000AB
:10F56000000000000000000000000000000000009B
:10F57000000000000000000000000000000000008B
:10F58000000000000000000000000000000000007B
:10F59000000000000000000000000000000000006B
:10F5A000000000000000000000000000000000005B
:10F5B000000000000000000000000000000000004B
:10F5C000000000000000000000000000000000003B
:10F5D000000000000000000000000000000000002B
:10F5E000000000000000000000000000000000001B
:10F5F000000000000000000000000000000000000B
:10F6000000000000000000000000000000000000FA
:10F6100000000000000000000000000000000000EA
:10F6200000000000000000000000000000000000DA
:10F6300000000000000000000000000000000000CA
:10F6400000000000000000000000000000000000BA
:10F6500000000000000000000000000000000000AA
:10F66000000000000000000000000000000000009A
:10F67000000000000000000000000000000000008A
:10F68000000000000000000000000000000000007A
:10F69000000000000000000000000000000000006A
:10F6A000000000000000000000000000000000005A
:10F6B000000000000000000000000000000000004A
:10F6C000000000000000000000000000000000003A
:10F6D000000000000000000000000000000000002A
:10F6E000000000000000000000000000000000001A
:10F6F000000000000000000000000000000000000A
:10F7000000000000000000000000000000000000F9
:10F7100000000000000000000000000000000000E9
:10F7200000000000000000000000000000000000D9
:10F7300000000000000000000000000000000000C9
:10F7400000000000000000000000000000000000B9
:10F7500000000000000000000000000000000000A9
:10F760000000000000000000000000000000000099
:10F770000000000000000000000000000000000089
:10F780000000000000000000000000000000000079
:10F790000000000000000000000000000000000069
:10F7A0000000000000000000000000000000000059
:10F7B0000000000000000000000000000000000049
:10F7C0000000000000000000000000000000000039
:10F7D0000000000000000000000000000000000029
:10F7E0000000000000000000000000000000000019
:10F7F0000000000000000000000000000000000009
:10F8000000000000000000000000000000000000F8
:10F8100000000000000000000000000000000000E8
:10F8200000000000000000000000000000000000D8
:10F8300000000000000000000000000000000000C8
:10F8400000000000000000000000000000000000B8
:10F8500000000000000000000000000000000000A8
:10F860000000000000000000000000000000000098
:10F870000000000000000000000000000000000088
:10F880000000000000000000000000000000000078
:10F890000000000000000000000000000000000068
:10F8A0000000000000000000000000000000000058
:10F8B0000000000000000000000000000000000048
:10F8C0000000000000000000000000000000000038
:10F8D0000000000000000000000000000000000028
:10F8E0000000000000000000000000000000000018
:10F8F0000000000000000000000000000000000008
:10F9000000000000000000000000000000000000F7
:10F9100000000000000000000000000000000000E7
:10F9200000000000000000000000000000000000D7
:10F9300000000000000000000000000000000000C7
:10F9400000000000000000000000000000000000B7
:10F9500000000000000000000000000000000000A7
:10F960000000000000000000000000000000000097
:10F970000000000000000000000000000000000087
:10F980000000000000000000000000000000000077
:10F990000000000000000000000000000000000067
:10F9A0000000000000000000000000000000000057
:10F9B0000000000000000000000000000000000047
:10F9C0000000000000000000000000000000000037
:10F9D0000000000000000000000000000000000027
:10F9E0000000000000000000000000000000000017
:10F9F0000000000000000000000000000000000007
:10FA000000000000000000000000000000000000F6
:10FA100000000000000000000000000000000000E6
:10FA200000000000000000000000000000000000D6
:10FA300000000000000000000000000000000000C6
:10FA400000000000000000000000000000000000B6
:10FA500000000000000000000000000000000000A6
:10FA60000000000000000000000000000000000096
:10FA70000000000000000000000000000000000086
:10FA80000000000000000000000000000000000076
:10FA90000000000000000000000000000000000066
:10FAA0000000000000000000000000000000000056
:10FAB0000000000000000000000000000000000046
:10FAC0000000000000000000000000000000000036
:10FAD0000000000000000000000000000000000026
:10FAE0000000000000000000000000000000000016
:10FAF0000000000000000000000000000000000006
:10FB000000000000000000000000000000000000F5
:10FB100000000000000000000000000000000000E5
:10FB200000000000000000000000000000000000D5
:10FB300000000000000000000000000000000000C5
:10FB400000000000000000000000000000000000B5
:10FB500000000000000000000000000000000000A5
:10FB60000000000000000000000000000000000095
:10FB70000000000000000000000000000000000085
:10FB80000000000000000000000000000000000075
:10FB90000000000000000000000000000000000065
:10FBA0000000000000000000000000000000000055
:10FBB0000000000000000000000000000000000045
:10FBC0000000000000000000000000000000000035
:10FBD0000000000000000000000000000000000025
:10FBE0000000000000000000000000000000000015
:10FBF0000000000000000000000000000000000005
:10FC000000000000000000000000000000000000F4
:10FC100000000000000000000000000000000000E4
:10FC200000000000000000000000000000000000D4
:10FC300000000000000000000000000000000000C4
:10FC400000000000000000000000000000000000B4
:10FC500000000000000000000000000000000000A4
:10FC60000000000000000000000000000000000094
:10FC70000000000000000000000000000000000084
:10FC80000000000000000000000000000000000074
:10FC90000000000000000000000000000000000064
:10FCA0000000000000000000000000000000000054
:10FCB0000000000000000000000000000000000044
:10FCC0000000000000000000000000000000000034
:10FCD0000000000000000000000000000000000024
:10FCE0000000000000000000000000000000000014
:10FCF0000000000000000000000000000000000004
:10FD000000000000000000000000000000000000F3
:10FD100000000000000000000000000000000000E3
:10FD200000000000000000000000000000000000D3
:10FD300000000000000000000000000000000000C3
:10FD400000000000000000000000000000000000B3
:10FD500000000000000000000000000000000000A3
:10FD60000000000000000000000000000000000093
:10FD70000000000000000000000000000000000083
:10FD80000000000000000000000000000000000073
:10FD90000000000000000000000000000000000063
:10FDA0000000000000000000000000000000000053
:10FDB0000000000000000000000000000000000043
:10FDC0000000000000000000000000000000000033
:10FDD0000000000000000000000000000000000023
:10FDE0000000000000000000000000000000000013
:10FDF0000000000000000000000000000000000003
:10FE000000000000000000000000000000000000F2
:10FE100000000000000000000000000000000000E2
:10FE200000000000000000000000000000000000D2
:10FE300000000000000000000000000000000000C2
:10FE400000000000000000000000000000000000B2
:10FE500000000000000000000000000000000000A2
:10FE60000000000000000000000000000000000092
:10FE70000000000000000000000000000000000082
:10FE80000000000000000000000000000000000072
:10FE90000000000000000000000000000000000062
:10FEA0000000000000000000000000000000000052
:10FEB0000000000000000000000000000000000042
:10FEC0000000000000000000000000000000000032
:10FED0000000000000000000000000000000000022
:10FEE0000000000000000000000000000000000012
:10FEF0000000000000000000000000000000000002
:10FF000000000000000000000000000000000000F1
:10FF100000000000000000000000000000000000E1
:10FF200000000000000000000000000000000000D1
:10FF300000000000000000000000000000000000C1
:10FF400000000000000000000000000000000000B1
:10FF500000000000000000000000000000000000A1
:10FF60000000000000000000000000000000000091
:10FF70000000000000000000000000000000000081
:10FF80000000000000000000000000000000000071
:10FF90000000000000000000000000000000000061
:10FFA0000000000000000000000000000000000051
:10FFB0000000000000000000000000000000000041
:10FFC0000000000000000000000000000000000031
:10FFD0000000000000000000000000000000000021
:10FFE0000000000000000000000000000000000011
:10FFF0000000000000000000000000000000000001
:020000041012D8
:1000000000000000000000000000000000000000F0
:1000100000000000000000000000000000000000E0
:1000200000000000000000000000000000000000D0
:1000300000000000000000000000000000000000C0
:1000400000000000000000000000000000000000B0
:1000500000000000000000000000000000000000A0
:100060000000000000000000000000000000000090
:100070000000000000000000000000000000000080
:100080000000000000000000000000000000000070
:100090000000000000000000000000000000000060
:1000A0000000000000000000000000000000000050
:1000B0000000000000000000000000000000000040
:1000C0000000000000000000000000000000000030
:1000D0000000000000000000000000000000000020
:1000E0000000000000000000000000000000000010
:1000F0000000000000000000000000000000000000
:1001000000000000000000000000000000000000EF
:1001100000000000000000000000000000000000DF
:1001200000000000000000000000000000000000CF
:1001300000000000000000000000000000000000BF
:1001400000000000000000000000000000000000AF
:10015000000000000000000000000000000000009F
:10016000000000000000000000000000000000008F
:10017000000000000000000000000000000000007F
:10018000000000000000000000000000000000006F
:10019000000000000000000000000000000000005F
:1001A000000000000000000000000000000000004F
:1001B000000000000000000000000000000000003F
:1001C000000000000000000000000000000000002F
:1001D000000000000000000000000000000000001F
:1001E000000000000000000000000000000000000F
:1001F00000000000000000000000000000000000FF
:1002000000000000000000000000000000000000EE
:1002100000000000000000000000000000000000DE
:1002200000000000000000000000000000000000CE
:1002300000000000000000000000000000000000BE
:1002400000000000000000000000000000000000AE
:10025000000000000000000000000000000000009E
:10026000000000000000000000000000000000008E
:10027000000000000000000000000000000000007E
:10028000000000000000000000000000000000006E
:10029000000000000000000000000000000000005E
:1002A000000000000000000000000000000000004E
:1002B000000000000000000000000000000000003E
:1002C000000000000000000000000000000000002E
:1002D000000000000000000000000000000000001E
:1002E000000000000000000000000000000000000E
:1002F00000000000000000000000000000000000FE
:1003000000000000000000000000000000000000ED
:1003100000000000000000000000000000000000DD
:1003200000000000000000000000000000000000CD
:1003300000000000000000000000000000000000BD
:1003400000000000000000000000000000000000AD
:10035000000000000000000000000000000000009D
:10036000000000000000000000000000000000008D
:10037000000000000000000000000000000000007D
:10038000000000000000000000000000000000006D
:10039000000000000000000000000000000000005D
:1003A000000000000000000000000000000000004D
:1003B000000000000000000000000000000000003D
:1003C000000000000000000000000000000000002D
:1003D000000000000000000000000000000000001D
:1003E000000000000000000000000000000000000D
:1003F00000000000000000000000000000000000FD
:1004000000000000000000000000000000000000EC
:1004100000000000000000000000000000000000DC
:1004200000000000000000000000000000000000CC
:1004300000000000000000000000000000000000BC
:1004400000000000000000000000000000000000AC
:10045000000000000000000000000000000000009C
:10046000000000000000000000000000000000008C
:10047000000000000000000000000000000000007C
:10048000000000000000000000000000000000006C
:10049000000000000000000000000000000000005C
:1004A000000000000000000000000000000000004C
:1004B000000000000000000000000000000000003C
:1004C000000000000000000000000000000000002C
:1004D000000000000000000000000000000000001C
:1004E000000000000000000000000000000000000C
:1004F00000000000000000000000000000000000FC
:1005000000000000000000000000000000000000EB
:1005100000000000000000000000000000000000DB
:1005200000000000000000000000000000000000CB
:1005300000000000000000000000000000000000BB
:1005400000000000000000000000000000000000AB
:10055000000000000000000000000000000000009B
:10056000000000000000000000000000000000008B
:10057000000000000000000000000000000000007B
:10058000000000000000000000000000000000006B
:10059000000000000000000000000000000000005B
:1005A000000000000000000000000000000000004B
:1005B000000000000000000000000000000000003B
:1005C000000000000000000000000000000000002B
:1005D000000000000000000000000000000000001B
:1005E000000000000000000000000000000000000B
:1005F00000000000000000000000000000000000FB
:1006000000000000000000000000000000000000EA
:1006100000000000000000000000000000000000DA
:1006200000000000000000000000000000000000CA
:1006300000000000000000000000000000000000BA
:1006400000000000000000000000000000000000AA
:10065000000000000000000000000000000000009A
:10066000000000000000000000000000000000008A
:10067000000000000000000000000000000000007A
:10068000000000000000000000000000000000006A
:10069000000000000000000000000000000000005A
:1006A000000000000000000000000000000000004A
:1006B000000000000000000000000000000000003A
:1006C000000000000000000000000000000000002A
:1006D000000000000000000000000000000000001A
:1006E000000000000000000000000000000000000A
:1006F00000000000000000000000000000000000FA
:1007000000000000000000000000000000000000E9
:1007100000000000000000000000000000000000D9
:1007200000000000000000000000000000000000C9
:1007300000000000000000000000000000000000B9
:1007400000000000000000000000000000000000A9
:100750000000000000000000000000000000000099
:100760000000000000000000000000000000000089
:100770000000000000000000000000000000000079
:100780000000000000000000000000000000000069
:100790000000000000000000000000000000000059
:1007A0000000000000000000000000000000000049
:1007B0000000000000000000000000000000000039
:1007C0000000000000000000000000000000000029
:1007D0000000000000000000000000000000000019
:1007E0000000000000000000000000000000000009
:1007F00000000000000000000000000000000000F9
:1008000000000000000000000000000000000000E8
:1008100000000000000000000000000000000000D8
:1008200000000000000000000000000000000000C8
:1008300000000000000000000000000000000000B8
:1008400000000000000000000000000000000000A8
:100850000000000000000000000000000000000098
:100860000000000000000000000000000000000088
:100870000000000000000000000000000000000078
:100880000000000000000000000000000000000068
:100890000000000000000000000000000000000058
:1008A0000000000000000000000000000000000048
:1008B0000000000000000000000000000000000038
:1008C0000000000000000000000000000000000028
:1008D0000000000000000000000000000000000018
:1008E0000000000000000000000000000000000008
:1008F00000000000000000000000000000000000F8
:1009000000000000000000000000000000000000E7
:1009100000000000000000000000000000000000D7
:1009200000000000000000000000000000000000C7
:1009300000000000000000000000000000000000B7
:1009400000000000000000000000000000000000A7
:100950000000000000000000000000000000000097
:100960000000000000000000000000000000000087
:100970000000000000000000000000000000000077
:100980000000000000000000000000000000000067
:100990000000000000000000000000000000000057
:1009A0000000000000000000000000000000000047
:1009B0000000000000000000000000000000000037
:1009C0000000000000000000000000000000000027
:1009D0000000000000000000000000000000000017
:1009E0000000000000000000000000000000000007
:1009F00000000000000000000000000000000000F7
:100A000000000000000000000000000000000000E6
:100A100000000000000000000000000000000000D6
:100A200000000000000000000000000000000000C6
:100A300000000000000000000000000000000000B6
:100A400000000000000000000000000000000000A6
:100A50000000000000000000000000000000000096
:100A60000000000000000000000000000000000086
:100A70000000000000000000000000000000000076
:100A80000000000000000000000000000000000066
:100A90000000000000000000000000000000000056
:100AA0000000000000000000000000000000000046
:100AB0000000000000000000000000000000000036
:100AC0000000000000000000000000000000000026
:100AD0000000000000000000000000000000000016
:100AE0000000000000000000000000000000000006
:100AF00000000000000000000000000000000000F6
:100B000000000000000000000000000000000000E5
:100B100000000000000000000000000000000000D5
:100B200000000000000000000000000000000000C5
:100B300000000000000000000000000000000000B5
:100B400000000000000000000000000000000000A5
:100B50000000000000000000000000000000000095
:100B60000000000000000000000000000000000085
:100B70000000000000000000000000000000000075
:100B80000000000000000000000000000000000065
:100B90000000000000000000000000000000000055
:100BA0000000000000000000000000000000000045
:100BB0000000000000000000000000000000000035
:100BC0000000000000000000000000000000000025
:100BD0000000000000000000000000000000000015
:100BE0000000000000000000000000000000000005
:100BF00000000000000000000000000000000000F5
:100C000000000000000000000000000000000000E4
:100C100000000000000000000000000000000000D4
:100C200000000000000000000000000000000000C4
:100C300000000000000000000000000000000000B4
:100C400000000000000000000000000000000000A4
:100C50000000000000000000000000000000000094
:100C60000000000000000000000000000000000084
:100C70000000000000000000000000000000000074
:100C80000000000000000000000000000000000064
:100C90000000000000000000000000000000000054
:100CA0000000000000000000000000000000000044
:100CB0000000000000000000000000000000000034
:100CC0000000000000000000000000000000000024
:100CD0000000000000000000000000000000000014
:100CE0000000000000000000000000000000000004
:100CF00000000000000000000000000000000000F4
:100D000000000000000000000000000000000000E3
:100D100000000000000000000000000000000000D3
:100D200000000000000000000000000000000000C3
:100D300000000000000000000000000000000000B3
:100D400000000000000000000000000000000000A3
:100D50000000000000000000000000000000000093
:100D60000000000000000000000000000000000083
:100D70000000000000000000000000000000000073
:100D80000000000000000000000000000000000063
:100D90000000000000000000000000000000000053
:100DA0000000000000000000000000000000000043
:100DB0000000000000000000000000000000000033
:100DC0000000000000000000000000000000000023
:100DD0000000000000000000000000000000000013
:100DE0000000000000000000000000000000000003
:100DF00000000000000000000000000000000000F3
:100E000000000000000000000000000000000000E2
:100E100000000000000000000000000000000000D2
:100E200000000000000000000000000000000000C2
:100E300000000000000000000000000000000000B2
:100E400000000000000000000000000000000000A2
:100E50000000000000000000000000000000000092
:100E60000000000000000000000000000000000082
:100E70000000000000000000000000000000000072
:100E80000000000000000000000000000000000062
:100E90000000000000000000000000000000000052
:100EA0000000000000000000000000000000000042
:100EB0000000000000000000000000000000000032
:100EC0000000000000000000000000000000000022
:100ED0000000000000000000000000000000000012
:100EE0000000000000000000000000000000000002
:100EF00000000000000000000000000000000000F2
:100F000000000000000000000000000000000000E1
:100F100000000000000000000000000000000000D1
:100F200000000000000000000000000000000000C1
:100F300000000000000000000000000000000000B1
:100F400000000000000000000000000000000000A1
:100F50000000000000000000000000000000000091
:100F60000000000000000000000000000000000081
:100F70000000000000000000000000000000000071
:100F80000000000000000000000000000000000061
:100F90000000000000000000000000000000000051
:100FA0000000000000000000000000000000000041
:100FB0000000000000000000000000000000000031
:100FC0000000000000000000000000000000000021
:100FD0000000000000000000000000000000000011
:100FE0000000000000000000000000000000000001
:100FF00000000000000000000000000000000000F1
:1010000000000000000000000000000000000000E0
:1010100000000000000000000000000000000000D0
:1010200000000000000000000000000000000000C0
:1010300000000000000000000000000000000000B0
:1010400000000000000000000000000000000000A0
:101050000000000000000000000000000000000090
:101060000000000000000000000000000000000080
:101070000000000000000000000000000000000070
:101080000000000000000000000000000000000060
:101090000000000000000000000000000000000050
:1010A0000000000000000000000000000000000040
:1010B0000000000000000000000000000000000030
:1010C0000000000000000000000000000000000020
:1010D0000000000000000000000000000000000010
:1010E0000000000000000000000000000000000000
:1010F00000000000000000000000000000000000F0
:1011000000000000000000000000000000000000DF
:1011100000000000000000000000000000000000CF
:1011200000000000000000000000000000000000BF
:1011300000000000000000000000000000000000AF
:10114000000000000000000000000000000000009F
:10115000000000000000000000000000000000008F
:10116000000000000000000000000000000000007F
:10117000000000000000000000000000000000006F
:10118000000000000000000000000000000000005F
:10119000000000000000000000000000000000004F
:1011A000000000000000000000000000000000003F
:1011B000000000000000000000000000000000002F
:1011C000000000000000000000000000000000001F
:1011D000000000000000000000000000000000000F
:1011E00000000000000000000000000000000000FF
:1011F00000000000000000000000000000000000EF
:1012000000000000000000000000000000000000DE
:1012100000000000000000000000000000000000CE
:1012200000000000000000000000000000000000BE
:1012300000000000000000000000000000000000AE
:10124000000000000000000000000000000000009E
:10125000000000000000000000000000000000008E
:10126000000000000000000000000000000000007E
:10127000000000000000000000000000000000006E
:10128000000000000000000000000000000000005E
:10129000000000000000000000000000000000004E
:1012A000000000000000000000000000000000003E
:1012B000000000000000000000000000000000002E
:1012C000000000000000000000000000000000001E
:1012D000000000000000000000000000000000000E
:1012E00000000000000000000000000000000000FE
:1012F00000000000000000000000000000000000EE
:1013000000000000000000000000000000000000DD
:1013100000000000000000000000000000000000CD
:1013200000000000000000000000000000000000BD
:1013300000000000000000000000000000000000AD
:10134000000000000000000000000000000000009D
:10135000000000000000000000000000000000008D
:10136000000000000000000000000000000000007D
:10137000000000000000000000000000000000006D
:10138000000000000000000000000000000000005D
:10139000000000000000000000000000000000004D
:1013A000000000000000000000000000000000003D
:1013B000000000000000000000000000000000002D
:1013C000000000000000000000000000000000001D
:1013D000000000000000000000000000000000000D
:1013E00000000000000000000000000000000000FD
:1013F00000000000000000000000000000000000ED
:1014000000000000000000000000000000000000DC
:1014100000000000000000000000000000000000CC
:1014200000000000000000000000000000000000BC
:1014300000000000000000000000000000000000AC
:10144000000000000000000000000000000000009C
:10145000000000000000000000000000000000008C
:10146000000000000000000000000000000000007C
:10147000000000000000000000000000000000006C
:10148000000000000000000000000000000000005C
:10149000000000000000000000000000000000004C
:1014A000000000000000000000000000000000003C
:1014B000000000000000000000000000000000002C
:1014C000000000000000000000000000000000001C
:1014D000000000000000000000000000000000000C
:1014E00000000000000000000000000000000000FC
:1014F00000000000000000000000000000000000EC
:1015000000000000000000000000000000000000DB
:1015100000000000000000000000000000000000CB
:1015200000000000000000000000000000000000BB
:1015300000000000000000000000000000000000AB
:10154000000000000000000000000000000000009B
:10155000000000000000000000000000000000008B
:10156000000000000000000000000000000000007B
:10157000000000000000000000000000000000006B
:10158000000000000000000000000000000000005B
:10159000000000000000000000000000000000004B
:1015A000000000000000000000000000000000003B
:1015B000000000000000000000000000000000002B
:1015C000000000000000000000000000000000001B
:1015D000000000000000000000000000000000000B
:1015E00000000000000000000000000000000000FB
:1015F00000000000000000000000000000000000EB
:1016000000000000000000000000000000000000DA
:1016100000000000000000000000000000000000CA
:1016200000000000000000000000000000000000BA
:1016300000000000000000000000000000000000AA
:10164000000000000000000000000000000000009A
:10165000000000000000000000000000000000008A
:10166000000000000000000000000000000000007A
:10167000000000000000000000000000000000006A
:10168000000000000000000000000000000000005A
:10169000000000000000000000000000000000004A
:1016A000000000000000000000000000000000003A
:1016B000000000000000000000000000000000002A
:1016C000000000000000000000000000000000001A
:1016D000000000000000000000000000000000000A
:1016E00000000000000000000000000000000000FA
:1016F00000000000000000000000000000000000EA
:1017000000000000000000000000000000000000D9
:1017100000000000000000000000000000000000C9
:1017200000000000000000000000000000000000B9
:1017300000000000000000000000000000000000A9
:101740000000000000000000000000000000000099
:101750000000000000000000000000000000000089
:101760000000000000000000000000000000000079
:101770000000000000000000000000000000000069
:101780000000000000000000000000000000000059
:101790000000000000000000000000000000000049
:1017A0000000000000000000000000000000000039
:1017B0000000000000000000000000000000000029
:1017C0000000000000000000000000000000000019
:1017D0000000000000000000000000000000000009
:1017E00000000000000000000000000000000000F9
:1017F00000000000000000000000000000000000E9
:1018000000000000000000000000000000000000D8
:1018100000000000000000000000000000000000C8
:1018200000000000000000000000000000000000B8
:1018300000000000000000000000000000000000A8
:101840000000000000000000000000000000000098
:101850000000000000000000000000000000000088
:101860000000000000000000000000000000000078
:101870000000000000000000000000000000000068
:101880000000000000000000000000000000000058
:101890000000000000000000000000000000000048
:1018A0000000000000000000000000000000000038
:1018B0000000000000000000000000000000000028
:1018C0000000000000000000000000000000000018
:1018D0000000000000000000000000000000000008
:1018E00000000000000000000000000000000000F8
:1018F00000000000000000000000000000000000E8
:1019000000000000000000000000000000000000D7
:1019100000000000000000000000000000000000C7
:1019200000000000000000000000000000000000B7
:1019300000000000000000000000000000000000A7
:101940000000000000000000000000000000000097
:101950000000000000000000000000000000000087
:101960000000000000000000000000000000000077
:101970000000000000000000000000000000000067
:101980000000000000000000000000000000000057
:101990000000000000000000000000000000000047
:1019A0000000000000000000000000000000000037
:1019B0000000000000000000000000000000000027
:1019C0000000000000000000000000000000000017
:1019D0000000000000000000000000000000000007
:1019E00000000000000000000000000000000000F7
:1019F00000000000000000000000000000000000E7
:101A000000000000000000000000000000000000D6
:101A100000000000000000000000000000000000C6
:101A200000000000000000000000000000000000B6
:101A300000000000000000000000000000000000A6
:101A40000000000000000000000000000000000096
:101A50000000000000000000000000000000000086
:101A60000000000000000000000000000000000076
:101A70000000000000000000000000000000000066
:101A80000000000000000000000000000000000056
:101A90000000000000000000000000000000000046
:101AA0000000000000000000000000000000000036
:101AB0000000000000000000000000000000000026
:101AC0000000000000000000000000000000000016
:101AD0000000000000000000000000000000000006
:101AE00000000000000000000000000000000000F6
:101AF00000000000000000000000000000000000E6
:101B000000000000000000000000000000000000D5
:101B100000000000000000000000000000000000C5
:101B200000000000000000000000000000000000B5
:101B300000000000000000000000000000000000A5
:101B40000000000000000000000000000000000095
:101B50000000000000000000000000000000000085
:101B60000000000000000000000000000000000075
:101B70000000000000000000000000000000000065
:101B80000000000000000000000000000000000055
:101B90000000000000000000000000000000000045
:101BA0000000000000000000000000000000000035
:101BB0000000000000000000000000000000000025
:101BC0000000000000000000000000000000000015
:101BD0000000000000000000000000000000000005
:101BE00000000000000000000000000000000000F5
:101BF00000000000000000000000000000000000E5
:101C000000000000000000000000000000000000D4
:101C100000000000000000000000000000000000C4
:101C200000000000000000000000000000000000B4
:101C300000000000000000000000000000000000A4
:101C40000000000000000000000000000000000094
:101C50000000000000000000000000000000000084
:101C60000000000000000000000000000000000074
:101C70000000000000000000000000000000000064
:101C80000000000000000000000000000000000054
:101C90000000000000000000000000000000000044
:101CA0000000000000000000000000000000000034
:101CB0000000000000000000000000000000000024
:101CC0000000000000000000000000000000000014
:101CD0000000000000000000000000000000000004
:101CE00000000000000000000000000000000000F4
:101CF00000000000000000000000000000000000E4
:101D000000000000000000000000000000000000D3
:101D100000000000000000000000000000000000C3
:101D200000000000000000000000000000000000B3
:101D300000000000000000000000000000000000A3
:101D40000000000000000000000000000000000093
:101D50000000000000000000000000000000000083
:101D60000000000000000000000000000000000073
:101D70000000000000000000000000000000000063
:101D80000000000000000000000000000000000053
:101D90000000000000000000000000000000000043
:101DA0000000000000000000000000000000000033
:101DB0000000000000000000000000000000000023
:101DC0000000000000000000000000000000000013
:101DD0000000000000000000000000000000000003
:101DE00000000000000000000000000000000000F3
:101DF00000000000000000000000000000000000E3
:101E000000000000000000000000000000000000D2
:101E100000000000000000000000000000000000C2
:101E200000000000000000000000000000000000B2
:101E300000000000000000000000000000000000A2
:101E40000000000000000000000000000000000092
:101E50000000000000000000000000000000000082
:101E60000000000000000000000000000000000072
:101E70000000000000000000000000000000000062
:101E80000000000000000000000000000000000052
:101E90000000000000000000000000000000000042
:101EA0000000000000000000000000000000000032
:101EB0000000000000000000000000000000000022
:101EC0000000000000000000000000000000000012
:101ED0000000000000000000000000000000000002
:101EE00000000000000000000000000000000000F2
:101EF00000000000000000000000000000000000E2
:101F000000000000000000000000000000000000D1
:101F100000000000000000000000000000000000C1
:101F200000000000000000000000000000000000B1
:101F300000000000000000000000000000000000A1
:101F40000000000000000000000000000000000091
:101F50000000000000000000000000000000000081
:101F60000000000000000000000000000000000071
:101F70000000000000000000000000000000000061
:101F80000000000000000000000000000000000051
:101F90000000000000000000000000000000000041
:101FA0000000000000000000000000000000000031
:101FB0000000000000000000000000000000000021
:101FC0000000000000000000000000000000000011
:101FD0000000000000000000000000000000000001
:101FE00000000000000000000000000000000000F1
:101FF00000000000000000000000000000000000E1
:1020000000000000000000000000000000000000D0
:1020100000000000000000000000000000000000C0
:1020200000000000000000000000000000000000B0
:1020300000000000000000000000000000000000A0
:102040000000000000000000000000000000000090
:102050000000000000000000000000000000000080
:102060000000000000000000000000000000000070
:102070000000000000000000000000000000000060
:102080000000000000000000000000000000000050
:102090000000000000000000000000000000000040
:1020A0000000000000000000000000000000000030
:1020B0000000000000000000000000000000000020
:1020C0000000000000000000000000000000000010
:1020D0000000000000000000000000000000000000
:1020E00000000000000000000000000000000000F0
:1020F00000000000000000000000000000000000E0
:1021000000000000000000000000000000000000CF
:1021100000000000000000000000000000000000BF
:1021200000000000000000000000000000000000AF
:10213000000000000000000000000000000000009F
:10214000000000000000000000000000000000008F
:10215000000000000000000000000000000000007F
:10216000000000000000000000000000000000006F
:10217000000000000000000000000000000000005F
:10218000000000000000000000000000000000004F
:10219000000000000000000000000000000000003F
:1021A000000000000000000000000000000000002F
:1021B000000000000000000000000000000000001F
:1021C000000000000000000000000000000000000F
:1021D00000000000000000000000000000000000FF
:1021E00000000000000000000000000000000000EF
:1021F00000000000000000000000000000000000DF
:1022000000000000000000000000000000000000CE
:1022100000000000000000000000000000000000BE
:1022200000000000000000000000000000000000AE
:10223000000000000000000000000000000000009E
:10224000000000000000000000000000000000008E
:10225000000000000000000000000000000000007E
:10226000000000000000000000000000000000006E
:10227000000000000000000000000000000000005E
:10228000000000000000000000000000000000004E
:10229000000000000000000000000000000000003E
:1022A000000000000000000000000000000000002E
:1022B000000000000000000000000000000000001E
:1022C000000000000000000000000000000000000E
:1022D00000000000000000000000000000000000FE
:1022E00000000000000000000000000000000000EE
:1022F00000000000000000000000000000000000DE
:1023000000000000000000000000000000000000CD
:1023100000000000000000000000000000000000BD
:1023200000000000000000000000000000000000AD
:10233000000000000000000000000000000000009D
:10234000000000000000000000000000000000008D
:10235000000000000000000000000000000000007D
:10236000000000000000000000000000000000006D
:10237000000000000000000000000000000000005D
:10238000000000000000000000000000000000004D
:10239000000000000000000000000000000000003D
:1023A000000000000000000000000000000000002D
:1023B000000000000000000000000000000000001D
:1023C000000000000000000000000000000000000D
:1023D00000000000000000000000000000000000FD
:1023E00000000000000000000000000000000000ED
:1023F00000000000000000000000000000000000DD
:1024000000000000000000000000000000000000CC
:1024100000000000000000000000000000000000BC
:1024200000000000000000000000000000000000AC
:10243000000000000000000000000000000000009C
:10244000000000000000000000000000000000008C
:10245000000000000000000000000000000000007C
:10246000000000000000000000000000000000006C
:10247000000000000000000000000000000000005C
:10248000000000000000000000000000000000004C
:10249000000000000000000000000000000000003C
:1024A000000000000000000000000000000000002C
:1024B000000000000000000000000000000000001C
:1024C000000000000000000000000000000000000C
:1024D00000000000000000000000000000000000FC
:1024E00000000000000000000000000000000000EC
:1024F00000000000000000000000000000000000DC
:1025000000000000000000000000000000000000CB
:1025100000000000000000000000000000000000BB
:1025200000000000000000000000000000000000AB
:10253000000000000000000000000000000000009B
:10254000000000000000000000000000000000008B
:10255000000000000000000000000000000000007B
:10256000000000000000000000000000000000006B
:10257000000000000000000000000000000000005B
:10258000000000000000000000000000000000004B
:10259000000000000000000000000000000000003B
:1025A000000000000000000000000000000000002B
:1025B000000000000000000000000000000000001B
:1025C000000000000000000000000000000000000B
:1025D00000000000000000000000000000000000FB
:1025E00000000000000000000000000000000000EB
:1025F00000000000000000000000000000000000DB
:1026000000000000000000000000000000000000CA
:1026100000000000000000000000000000000000BA
:1026200000000000000000000000000000000000AA
:10263000000000000000000000000000000000009A
:10264000000000000000000000000000000000008A
:10265000000000000000000000000000000000007A
:10266000000000000000000000000000000000006A
:10267000000000000000000000000000000000005A
:10268000000000000000000000000000000000004A
:10269000000000000000000000000000000000003A
:1026A000000000000000000000000000000000002A
:1026B000000000000000000000000000000000001A
:1026C000000000000000000000000000000000000A
:1026D00000000000000000000000000000000000FA
:1026E00000000000000000000000000000000000EA
:1026F00000000000000000000000000000000000DA
:1027000000000000000000000000000000000000C9
:1027100000000000000000000000000000000000B9
:1027200000000000000000000000000000000000A9
:102730000000000000000000000000000000000099
:102740000000000000000000000000000000000089
:102750000000000000000000000000000000000079
:102760000000000000000000000000000000000069
:102770000000000000000000000000000000000059
:102780000000000000000000000000000000000049
:102790000000000000000000000000000000000039
:1027A0000000000000000000000000000000000029
:1027B0000000000000000000000000000000000019
:1027C0000000000000000000000000000000000009
:1027D00000000000000000000000000000000000F9
:1027E00000000000000000000000000000000000E9
:1027F00000000000000000000000000000000000D9
:1028000000000000000000000000000000000000C8
:1028100000000000000000000000000000000000B8
:1028200000000000000000000000000000000000A8
:102830000000000000000000000000000000000098
:102840000000000000000000000000000000000088
:102850000000000000000000000000000000000078
:102860000000000000000000000000000000000068
:102870000000000000000000000000000000000058
:102880000000000000000000000000000000000048
:102890000000000000000000000000000000000038
:1028A0000000000000000000000000000000000028
:1028B0000000000000000000000000000000000018
:1028C0000000000000000000000000000000000008
:1028D00000000000000000000000000000000000F8
:1028E00000000000000000000000000000000000E8
:1028F00000000000000000000000000000000000D8
:1029000000000000000000000000000000000000C7
:1029100000000000000000000000000000000000B7
:1029200000000000000000000000000000000000A7
:102930000000000000000000000000000000000097
:102940000000000000000000000000000000000087
:102950000000000000000000000000000000000077
:102960000000000000000000000000000000000067
:102970000000000000000000000000000000000057
:102980000000000000000000000000000000000047
:102990000000000000000000000000000000000037
:1029A0000000000000000000000000000000000027
:1029B0000000000000000000000000000000000017
:1029C0000000000000000000000000000000000007
:1029D00000000000000000000000000000000000F7
:1029E00000000000000000000000000000000000E7
:1029F00000000000000000000000000000000000D7
:102A000000000000000000000000000000000000C6
:102A100000000000000000000000000000000000B6
:102A200000000000000000000000000000000000A6
:102A30000000000000000000000000000000000096
:102A40000000000000000000000000000000000086
:102A50000000000000000000000000000000000076
:102A60000000000000000000000000000000000066
:102A70000000000000000000000000000000000056
:102A80000000000000000000000000000000000046
:102A90000000000000000000000000000000000036
:102AA0000000000000000000000000000000000026
:102AB0000000000000000000000000000000000016
:102AC0000000000000000000000000000000000006
:102AD00000000000000000000000000000000000F6
:102AE00000000000000000000000000000000000E6
:102AF00000000000000000000000000000000000D6
:102B000000000000000000000000000000000000C5
:102B100000000000000000000000000000000000B5
:102B200000000000000000000000000000000000A5
:102B30000000000000000000000000000000000095
:102B40000000000000000000000000000000000085
:102B50000000000000000000000000000000000075
:102B60000000000000000000000000000000000065
:102B70000000000000000000000000000000000055
:102B80000000000000000000000000000000000045
:102B90000000000000000000000000000000000035
:102BA0000000000000000000000000000000000025
:102BB0000000000000000000000000000000000015
:102BC0000000000000000000000000000000000005
:102BD00000000000000000000000000000000000F5
:102BE00000000000000000000000000000000000E5
:102BF00000000000000000000000000000000000D5
:102C000000000000000000000000000000000000C4
:102C100000000000000000000000000000000000B4
:102C200000000000000000000000000000000000A4
:102C30000000000000000000000000000000000094
:102C40000000000000000000000000000000000084
:102C50000000000000000000000000000000000074
:102C60000000000000000000000000000000000064
:102C70000000000000000000000000000000000054
:102C80000000000000000000000000000000000044
:102C90000000000000000000000000000000000034
:102CA0000000000000000000000000000000000024
:102CB0000000000000000000000000000000000014
:102CC0000000000000000000000000000000000004
:102CD00000000000000000000000000000000000F4
:102CE00000000000000000000000000000000000E4
:102CF00000000000000000000000000000000000D4
:102D000000000000000000000000000000000000C3
:102D100000000000000000000000000000000000B3
:102D200000000000000000000000000000000000A3
:102D30000000000000000000000000000000000093
:102D40000000000000000000000000000000000083
:102D50000000000000000000000000000000000073
:102D60000000000000000000000000000000000063
:102D70000000000000000000000000000000000053
:102D80000000000000000000000000000000000043
:102D90000000000000000000000000000000000033
:102DA0000000000000000000000000000000000023
:102DB0000000000000000000000000000000000013
:102DC0000000000000000000000000000000000003
:102DD00000000000000000000000000000000000F3
:102DE00000000000000000000000000000000000E3
:102DF00000000000000000000000000000000000D3
:102E000000000000000000000000000000000000C2
:102E100000000000000000000000000000000000B2
:102E200000000000000000000000000000000000A2
:102E30000000000000000000000000000000000092
:102E40000000000000000000000000000000000082
:102E50000000000000000000000000000000000072
:102E60000000000000000000000000000000000062
:102E70000000000000000000000000000000000052
:102E80000000000000000000000000000000000042
:102E90000000000000000000000000000000000032
:102EA0000000000000000000000000000000000022
:102EB0000000000000000000000000000000000012
:102EC0000000000000000000000000000000000002
:102ED00000000000000000000000000000000000F2
:102EE00000000000000000000000000000000000E2
:102EF00000000000000000000000000000000000D2
:102F000000000000000000000000000000000000C1
:102F100000000000000000000000000000000000B1
:102F200000000000000000000000000000000000A1
:102F30000000000000000000000000000000000091
:102F40000000000000000000000000000000000081
:102F50000000000000000000000000000000000071
:102F60000000000000000000000000000000000061
:102F70000000000000000000000000000000000051
:102F80000000000000000000000000000000000041
:102F90000000000000000000000000000000000031
:102FA0000000000000000000000000000000000021
:102FB0000000000000000000000000000000000011
:102FC0000000000000000000000000000000000001
:102FD00000000000000000000000000000000000F1
:102FE00000000000000000000000000000000000E1
:102FF00000000000000000000000000000000000D1
:1030000000000000000000000000000000000000C0
:1030100000000000000000000000000000000000B0
:1030200000000000000000000000000000000000A0
:103030000000000000000000000000000000000090
:103040000000000000000000000000000000000080
:103050000000000000000000000000000000000070
:103060000000000000000000000000000000000060
:103070000000000000000000000000000000000050
:103080000000000000000000000000000000000040
:103090000000000000000000000000000000000030
:1030A0000000000000000000000000000000000020
:1030B0000000000000000000000000000000000010
:1030C0000000000000000000000000000000000000
:1030D00000000000000000000000000000000000F0
:1030E00000000000000000000000000000000000E0
:1030F00000000000000000000000000000000000D0
:1031000000000000000000000000000000000000BF
:1031100000000000000000000000000000000000AF
:10312000000000000000000000000000000000009F
:10313000000000000000000000000000000000008F
:10314000000000000000000000000000000000007F
:10315000000000000000000000000000000000006F
:10316000000000000000000000000000000000005F
:10317000000000000000000000000000000000004F
:10318000000000000000000000000000000000003F
:10319000000000000000000000000000000000002F
:1031A000000000000000000000000000000000001F
:1031B000000000000000000000000000000000000F
:1031C00000000000000000000000000000000000FF
:1031D00000000000000000000000000000000000EF
:1031E00000000000000000000000000000000000DF
:1031F00000000000000000000000000000000000CF
:1032000000000000000000000000000000000000BE
:1032100000000000000000000000000000000000AE
:10322000000000000000000000000000000000009E
:10323000000000000000000000000000000000008E
:10324000000000000000000000000000000000007E
:10325000000000000000000000000000000000006E
:10326000000000000000000000000000000000005E
:10327000000000000000000000000000000000004E
:10328000000000000000000000000000000000003E
:10329000000000000000000000000000000000002E
:1032A000000000000000000000000000000000001E
:1032B000000000000000000000000000000000000E
:1032C00000000000000000000000000000000000FE
:1032D00000000000000000000000000000000000EE
:1032E00000000000000000000000000000000000DE
:1032F00000000000000000000000000000000000CE
:1033000000000000000000000000000000000000BD
:1033100000000000000000000000000000000000AD
:10332000000000000000000000000000000000009D
:10333000000000000000000000000000000000008D
:10334000000000000000000000000000000000007D
:10335000000000000000000000000000000000006D
:10336000000000000000000000000000000000005D
:10337000000000000000000000000000000000004D
:10338000000000000000000000000000000000003D
:10339000000000000000000000000000000000002D
:1033A000000000000000000000000000000000001D
:1033B000000000000000000000000000000000000D
:1033C00000000000000000000000000000000000FD
:1033D00000000000000000000000000000000000ED
:1033E00000000000000000000000000000000000DD
:1033F00000000000000000000000000000000000CD
:1034000000000000000000000000000000000000BC
:1034100000000000000000000000000000000000AC
:10342000000000000000000000000000000000009C
:10343000000000000000000000000000000000008C
:10344000000000000000000000000000000000007C
:10345000000000000000000000000000000000006C
:10346000000000000000000000000000000000005C
:10347000000000000000000000000000000000004C
:10348000000000000000000000000000000000003C
:10349000000000000000000000000000000000002C
:1034A000000000000000000000000000000000001C
:1034B000000000000000000000000000000000000C
:1034C00000000000000000000000000000000000FC
:1034D00000000000000000000000000000000000EC
:1034E00000000000000000000000000000000000DC
:1034F00000000000000000000000000000000000CC
:1035000000000000000000000000000000000000BB
:1035100000000000000000000000000000000000AB
:10352000000000000000000000000000000000009B
:10353000000000000000000000000000000000008B
:10354000000000000000000000000000000000007B
:10355000000000000000000000000000000000006B
:10356000000000000000000000000000000000005B
:10357000000000000000000000000000000000004B
:10358000000000000000000000000000000000003B
:10359000000000000000000000000000000000002B
:1035A000000000000000000000000000000000001B
:1035B000000000000000000000000000000000000B
:1035C00000000000000000000000000000000000FB
:1035D00000000000000000000000000000000000EB
:1035E00000000000000000000000000000000000DB
:1035F00000000000000000000000000000000000CB
:1036000000000000000000000000000000000000BA
:1036100000000000000000000000000000000000AA
:10362000000000000000000000000000000000009A
:10363000000000000000000000000000000000008A
:10364000000000000000000000000000000000007A
:10365000000000000000000000000000000000006A
:10366000000000000000000000000000000000005A
:10367000000000000000000000000000000000004A
:10368000000000000000000000000000000000003A
:10369000000000000000000000000000000000002A
:1036A000000000000000000000000000000000001A
:1036B000000000000000000000000000000000000A
:1036C00000000000000000000000000000000000FA
:1036D00000000000000000000000000000000000EA
:1036E00000000000000000000000000000000000DA
:1036F00000000000000000000000000000000000CA
:1037000000000000000000000000000000000000B9
:1037100000000000000000000000000000000000A9
:103720000000000000000000000000000000000099
:103730000000000000000000000000000000000089
:103740000000000000000000000000000000000079
:103750000000000000000000000000000000000069
:103760000000000000000000000000000000000059
:103770000000000000000000000000000000000049
:103780000000000000000000000000000000000039
:103790000000000000000000000000000000000029
:1037A0000000000000000000000000000000000019
:1037B0000000000000000000000000000000000009
:1037C00000000000000000000000000000000000F9
:1037D00000000000000000000000000000000000E9
:1037E00000000000000000000000000000000000D9
:1037F00000000000000000000000000000000000C9
:1038000000000000000000000000000000000000B8
:1038100000000000000000000000000000000000A8
:103820000000000000000000000000000000000098
:103830000000000000000000000000000000000088
:103840000000000000000000000000000000000078
:103850000000000000000000000000000000000068
:103860000000000000000000000000000000000058
:103870000000000000000000000000000000000048
:103880000000000000000000000000000000000038
:103890000000000000000000000000000000000028
:1038A0000000000000000000000000000000000018
:1038B0000000000000000000000000000000000008
:1038C00000000000000000000000000000000000F8
:1038D00000000000000000000000000000000000E8
:1038E00000000000000000000000000000000000D8
:1038F00000000000000000000000000000000000C8
:1039000000000000000000000000000000000000B7
:1039100000000000000000000000000000000000A7
:103920000000000000000000000000000000000097
:103930000000000000000000000000000000000087
:103940000000000000000000000000000000000077
:103950000000000000000000000000000000000067
:103960000000000000000000000000000000000057
:103970000000000000000000000000000000000047
:103980000000000000000000000000000000000037
:103990000000000000000000000000000000000027
:1039A0000000000000000000000000000000000017
:1039B0000000000000000000000000000000000007
:1039C00000000000000000000000000000000000F7
:1039D00000000000000000000000000000000000E7
:1039E00000000000000000000000000000000000D7
:1039F00000000000000000000000000000000000C7
:103A000000000000000000000000000000000000B6
:103A100000000000000000000000000000000000A6
:103A20000000000000000000000000000000000096
:103A30000000000000000000000000000000000086
:103A40000000000000000000000000000000000076
:103A50000000000000000000000000000000000066
:103A60000000000000000000000000000000000056
:103A70000000000000000000000000000000000046
:103A80000000000000000000000000000000000036
:103A90000000000000000000000000000000000026
:103AA0000000000000000000000000000000000016
:103AB0000000000000000000000000000000000006
:103AC00000000000000000000000000000000000F6
:103AD00000000000000000000000000000000000E6
:103AE00000000000000000000000000000000000D6
:103AF00000000000000000000000000000000000C6
:103B000000000000000000000000000000000000B5
:103B100000000000000000000000000000000000A5
:103B20000000000000000000000000000000000095
:103B30000000000000000000000000000000000085
:103B40000000000000000000000000000000000075
:103B50000000000000000000000000000000000065
:103B60000000000000000000000000000000000055
:103B70000000000000000000000000000000000045
:103B80000000000000000000000000000000000035
:103B90000000000000000000000000000000000025
:103BA0000000000000000000000000000000000015
:103BB0000000000000000000000000000000000005
:103BC00000000000000000000000000000000000F5
:103BD00000000000000000000000000000000000E5
:103BE00000000000000000000000000000000000D5
:103BF00000000000000000000000000000000000C5
:103C000000000000000000000000000000000000B4
:103C100000000000000000000000000000000000A4
:103C20000000000000000000000000000000000094
:103C30000000000000000000000000000000000084
:103C40000000000000000000000000000000000074
:103C50000000000000000000000000000000000064
:103C60000000000000000000000000000000000054
:103C70000000000000000000000000000000000044
:103C80000000000000000000000000000000000034
:103C90000000000000000000000000000000000024
:103CA0000000000000000000000000000000000014
:103CB0000000000000000000000000000000000004
:103CC00000000000000000000000000000000000F4
:103CD00000000000000000000000000000000000E4
:103CE00000000000000000000000000000000000D4
:103CF00000000000000000000000000000000000C4
:103D000000000000000000000000000000000000B3
:103D100000000000000000000000000000000000A3
:103D20000000000000000000000000000000000093
:103D30000000000000000000000000000000000083
:103D40000000000000000000000000000000000073
:103D50000000000000000000000000000000000063
:103D60000000000000000000000000000000000053
:103D70000000000000000000000000000000000043
:103D80000000000000000000000000000000000033
:103D90000000000000000000000000000000000023
:103DA0000000000000000000000000000000000013
:103DB0000000000000000000000000000000000003
:103DC00000000000000000000000000000000000F3
:103DD00000000000000000000000000000000000E3
:103DE00000000000000000000000000000000000D3
:103DF00000000000000000000000000000000000C3
:103E000000000000000000000000000000000000B2
:103E100000000000000000000000000000000000A2
:103E20000000000000000000000000000000000092
:103E30000000000000000000000000000000000082
:103E40000000000000000000000000000000000072
:103E50000000000000000000000000000000000062
:103E60000000000000000000000000000000000052
:103E70000000000000000000000000000000000042
:103E80000000000000000000000000000000000032
:103E90000000000000000000000000000000000022
:103EA0000000000000000000000000000000000012
:103EB0000000000000000000000000000000000002
:103EC00000000000000000000000000000000000F2
:103ED00000000000000000000000000000000000E2
:103EE00000000000000000000000000000000000D2
:103EF00000000000000000000000000000000000C2
:103F000000000000000000000000000000000000B1
:103F100000000000000000000000000000000000A1
:103F20000000000000000000000000000000000091
:103F30000000000000000000000000000000000081
:103F40000000000000000000000000000000000071
:103F50000000000000000000000000000000000061
:103F60000000000000000000000000000000000051
:103F70000000000000000000000000000000000041
:103F80000000000000000000000000000000000031
:103F90000000000000000000000000000000000021
:103FA0000000000000000000000000000000000011
:103FB0000000000000000000000000000000000001
:103FC00000000000000000000000000000000000F1
:103FD00000000000000000000000000000000000E1
:103FE00000000000000000000000000000000000D1
:103FF00000000000000000000000000000000000C1
:1040000000000000000000000000000000000000B0
:1040100000000000000000000000000000000000A0
:104020000000000000000000000000000000000090
:104030000000000000000000000000000000000080
:104040000000000000000000000000000000000070
:104050000000000000000000000000000000000060
:104060000000000000000000000000000000000050
:104070000000000000000000000000000000000040
:104080000000000000000000000000000000000030
:104090000000000000000000000000000000000020
:1040A0000000000000000000000000000000000010
:1040B0000000000000000000000000000000000000
:1040C00000000000000000000000000000000000F0
:1040D00000000000000000000000000000000000E0
:1040E00000000000000000000000000000000000D0
:1040F00000000000000000000000000000000000C0
:1041000000000000000000000000000000000000AF
:10411000000000000000000000000000000000009F
:10412000000000000000000000000000000000008F
:10413000000000000000000000000000000000007F
:10414000000000000000000000000000000000006F
:10415000000000000000000000000000000000005F
:10416000000000000000000000000000000000004F
:10417000000000000000000000000000000000003F
:10418000000000000000000000000000000000002F
:10419000000000000000000000000000000000001F
:1041A000000000000000000000000000000000000F
:1041B00000000000000000000000000000000000FF
:1041C00000000000000000000000000000000000EF
:1041D00000000000000000000000000000000000DF
:1041E00000000000000000000000000000000000CF
:1041F00000000000000000000000000000000000BF
:1042000000000000000000000000000000000000AE
:10421000000000000000000000000000000000009E
:10422000000000000000000000000000000000008E
:10423000000000000000000000000000000000007E
:10424000000000000000000000000000000000006E
:10425000000000000000000000000000000000005E
:10426000000000000000000000000000000000004E
:10427000000000000000000000000000000000003E
:10428000000000000000000000000000000000002E
:10429000000000000000000000000000000000001E
:1042A000000000000000000000000000000000000E
:1042B00000000000000000000000000000000000FE
:1042C00000000000000000000000000000000000EE
:1042D00000000000000000000000000000000000DE
:1042E00000000000000000000000000000000000CE
:1042F00000000000000000000000000000000000BE
:1043000000000000000000000000000000000000AD
:10431000000000000000000000000000000000009D
:10432000000000000000000000000000000000008D
:10433000000000000000000000000000000000007D
:10434000000000000000000000000000000000006D
:10435000000000000000000000000000000000005D
:10436000000000000000000000000000000000004D
:10437000000000000000000000000000000000003D
:10438000000000000000000000000000000000002D
:10439000000000000000000000000000000000001D
:1043A000000000000000000000000000000000000D
:1043B00000000000000000000000000000000000FD
:1043C00000000000000000000000000000000000ED
:1043D00000000000000000000000000000000000DD
:1043E00000000000000000000000000000000000CD
:1043F00000000000000000000000000000000000BD
:1044000000000000000000000000000000000000AC
:10441000000000000000000000000000000000009C
:10442000000000000000000000000000000000008C
:10443000000000000000000000000000000000007C
:10444000000000000000000000000000000000006C
:10445000000000000000000000000000000000005C
:10446000000000000000000000000000000000004C
:10447000000000000000000000000000000000003C
:10448000000000000000000000000000000000002C
:10449000000000000000000000000000000000001C
:1044A000000000000000000000000000000000000C
:1044B00000000000000000000000000000000000FC
:1044C00000000000000000000000000000000000EC
:1044D00000000000000000000000000000000000DC
:1044E00000000000000000000000000000000000CC
:1044F00000000000000000000000000000000000BC
:1045000000000000000000000000000000000000AB
:10451000000000000000000000000000000000009B
:10452000000000000000000000000000000000008B
:10453000000000000000000000000000000000007B
:10454000000000000000000000000000000000006B
:10455000000000000000000000000000000000005B
:10456000000000000000000000000000000000004B
:10457000000000000000000000000000000000003B
:10458000000000000000000000000000000000002B
:10459000000000000000000000000000000000001B
:1045A000000000000000000000000000000000000B
:1045B00000000000000000000000000000000000FB
:1045C00000000000000000000000000000000000EB
:1045D00000000000000000000000000000000000DB
:1045E00000000000000000000000000000000000CB
:1045F00000000000000000000000000000000000BB
:1046000000000000000000000000000000000000AA
:10461000000000000000000000000000000000009A
:10462000000000000000000000000000000000008A
:10463000000000000000000000000000000000007A
:10464000000000000000000000000000000000006A
:10465000000000000000000000000000000000005A
:10466000000000000000000000000000000000004A
:10467000000000000000000000000000000000003A
:10468000000000000000000000000000000000002A
:10469000000000000000000000000000000000001A
:1046A000000000000000000000000000000000000A
:1046B00000000000000000000000000000000000FA
:1046C00000000000000000000000000000000000EA
:1046D00000000000000000000000000000000000DA
:1046E00000000000000000000000000000000000CA
:1046F00000000000000000000000000000000000BA
:1047000000000000000000000000000000000000A9
:104710000000000000000000000000000000000099
:104720000000000000000000000000000000000089
:104730000000000000000000000000000000000079
:104740000000000000000000000000000000000069
:104750000000000000000000000000000000000059
:104760000000000000000000000000000000000049
:104770000000000000000000000000000000000039
:104780000000000000000000000000000000000029
:104790000000000000000000000000000000000019
:1047A0000000000000000000000000000000000009
:1047B00000000000000000000000000000000000F9
:1047C00000000000000000000000000000000000E9
:1047D00000000000000000000000000000000000D9
:1047E00000000000000000000000000000000000C9
:1047F00000000000000000000000000000000000B9
:1048000000000000000000000000000000000000A8
:104810000000000000000000000000000000000098
:104820000000000000000000000000000000000088
:104830000000000000000000000000000000000078
:104840000000000000000000000000000000000068
:104850000000000000000000000000000000000058
:104860000000000000000000000000000000000048
:104870000000000000000000000000000000000038
:104880000000000000000000000000000000000028
:104890000000000000000000000000000000000018
:1048A0000000000000000000000000000000000008
:1048B00000000000000000000000000000000000F8
:1048C00000000000000000000000000000000000E8
:1048D00000000000000000000000000000000000D8
:1048E00000000000000000000000000000000000C8
:1048F00000000000000000000000000000000000B8
:1049000000000000000000000000000000000000A7
:104910000000000000000000000000000000000097
:104920000000000000000000000000000000000087
:104930000000000000000000000000000000000077
:104940000000000000000000000000000000000067
:104950000000000000000000000000000000000057
:104960000000000000000000000000000000000047
:104970000000000000000000000000000000000037
:104980000000000000000000000000000000000027
:104990000000000000000000000000000000000017
:1049A0000000000000000000000000000000000007
:1049B00000000000000000000000000000000000F7
:1049C00000000000000000000000000000000000E7
:1049D00000000000000000000000000000000000D7
:1049E00000000000000000000000000000000000C7
:1049F00000000000000000000000000000000000B7
:104A000000000000000000000000000000000000A6
:104A10000000000000000000000000000000000096
:104A20000000000000000000000000000000000086
:104A30000000000000000000000000000000000076
:104A40000000000000000000000000000000000066
:104A50000000000000000000000000000000000056
:104A60000000000000000000000000000000000046
:104A70000000000000000000000000000000000036
:104A80000000000000000000000000000000000026
:104A90000000000000000000000000000000000016
:104AA0000000000000000000000000000000000006
:104AB00000000000000000000000000000000000F6
:104AC00000000000000000000000000000000000E6
:104AD00000000000000000000000000000000000D6
:104AE00000000000000000000000000000000000C6
:104AF00000000000000000000000000000000000B6
:104B000000000000000000000000000000000000A5
:104B10000000000000000000000000000000000095
:104B20000000000000000000000000000000000085
:104B30000000000000000000000000000000000075
:104B40000000000000000000000000000000000065
:104B50000000000000000000000000000000000055
:104B60000000000000000000000000000000000045
:104B70000000000000000000000000000000000035
:104B80000000000000000000000000000000000025
:104B90000000000000000000000000000000000015
:104BA0000000000000000000000000000000000005
:104BB00000000000000000000000000000000000F5
:104BC00000000000000000000000000000000000E5
:104BD00000000000000000000000000000000000D5
:104BE00000000000000000000000000000000000C5
:104BF00000000000000000000000000000000000B5
:104C000000000000000000000000000000000000A4
:104C10000000000000000000000000000000000094
:104C20000000000000000000000000000000000084
:104C30000000000000000000000000000000000074
:104C40000000000000000000000000000000000064
:104C50000000000000000000000000000000000054
:104C60000000000000000000000000000000000044
:104C70000000000000000000000000000000000034
:104C80000000000000000000000000000000000024
:104C90000000000000000000000000000000000014
:104CA0000000000000000000000000000000000004
:104CB00000000000000000000000000000000000F4
:104CC00000000000000000000000000000000000E4
:104CD00000000000000000000000000000000000D4
:104CE00000000000000000000000000000000000C4
:104CF00000000000000000000000000000000000B4
:104D000000000000000000000000000000000000A3
:104D10000000000000000000000000000000000093
:104D20000000000000000000000000000000000083
:104D30000000000000000000000000000000000073
:104D40000000000000000000000000000000000063
:104D50000000000000000000000000000000000053
:104D60000000000000000000000000000000000043
:104D70000000000000000000000000000000000033
:104D80000000000000000000000000000000000023
:104D90000000000000000000000000000000000013
:104DA0000000000000000000000000000000000003
:104DB00000000000000000000000000000000000F3
:104DC00000000000000000000000000000000000E3
:104DD00000000000000000000000000000000000D3
:104DE00000000000000000000000000000000000C3
:104DF00000000000000000000000000000000000B3
:104E000000000000000000000000000000000000A2
:104E10000000000000000000000000000000000092
:104E20000000000000000000000000000000000082
:104E30000000000000000000000000000000000072
:104E40000000000000000000000000000000000062
:104E50000000000000000000000000000000000052
:104E60000000000000000000000000000000000042
:104E70000000000000000000000000000000000032
:104E80000000000000000000000000000000000022
:104E90000000000000000000000000000000000012
:104EA0000000000000000000000000000000000002
:104EB00000000000000000000000000000000000F2
:104EC00000000000000000000000000000000000E2
:104ED00000000000000000000000000000000000D2
:104EE00000000000000000000000000000000000C2
:104EF00000000000000000000000000000000000B2
:104F000000000000000000000000000000000000A1
:104F10000000000000000000000000000000000091
:104F20000000000000000000000000000000000081
:104F30000000000000000000000000000000000071
:104F40000000000000000000000000000000000061
:104F50000000000000000000000000000000000051
:104F60000000000000000000000000000000000041
:104F70000000000000000000000000000000000031
:104F80000000000000000000000000000000000021
:104F90000000000000000000000000000000000011
:104FA0000000000000000000000000000000000001
:104FB00000000000000000000000000000000000F1
:104FC00000000000000000000000000000000000E1
:104FD00000000000000000000000000000000000D1
:104FE00000000000000000000000000000000000C1
:104FF00000000000000000000000000000000000B1
:1050000000000000000000000000000000000000A0
:105010000000000000000000000000000000000090
:105020000000000000000000000000000000000080
:105030000000000000000000000000000000000070
:105040000000000000000000000000000000000060
:105050000000000000000000000000000000000050
:105060000000000000000000000000000000000040
:105070000000000000000000000000000000000030
:105080000000000000000000000000000000000020
:105090000000000000000000000000000000000010
:1050A0000000000000000000000000000000000000
:1050B00000000000000000000000000000000000F0
:1050C00000000000000000000000000000000000E0
:1050D00000000000000000000000000000000000D0
:1050E00000000000000000000000000000000000C0
:1050F00000000000000000000000000000000000B0
:10510000000000000000000000000000000000009F
:10511000000000000000000000000000000000008F
:10512000000000000000000000000000000000007F
:10513000000000000000000000000000000000006F
:10514000000000000000000000000000000000005F
:10515000000000000000000000000000000000004F
:10516000000000000000000000000000000000003F
:10517000000000000000000000000000000000002F
:10518000000000000000000000000000000000001F
:10519000000000000000000000000000000000000F
:1051A00000000000000000000000000000000000FF
:1051B00000000000000000000000000000000000EF
:1051C00000000000000000000000000000000000DF
:1051D00000000000000000000000000000000000CF
:1051E00000000000000000000000000000000000BF
:1051F00000000000000000000000000000000000AF
:10520000000000000000000000000000000000009E
:10521000000000000000000000000000000000008E
:10522000000000000000000000000000000000007E
:10523000000000000000000000000000000000006E
:10524000000000000000000000000000000000005E
:10525000000000000000000000000000000000004E
:10526000000000000000000000000000000000003E
:10527000000000000000000000000000000000002E
:10528000000000000000000000000000000000001E
:10529000000000000000000000000000000000000E
:1052A00000000000000000000000000000000000FE
:1052B00000000000000000000000000000000000EE
:1052C00000000000000000000000000000000000DE
:1052D00000000000000000000000000000000000CE
:1052E00000000000000000000000000000000000BE
:1052F00000000000000000000000000000000000AE
:10530000000000000000000000000000000000009D
:10531000000000000000000000000000000000008D
:10532000000000000000000000000000000000007D
:10533000000000000000000000000000000000006D
:10534000000000000000000000000000000000005D
:10535000000000000000000000000000000000004D
:10536000000000000000000000000000000000003D
:10537000000000000000000000000000000000002D
:10538000000000000000000000000000000000001D
:10539000000000000000000000000000000000000D
:1053A00000000000000000000000000000000000FD
:1053B00000000000000000000000000000000000ED
:1053C00000000000000000000000000000000000DD
:1053D00000000000000000000000000000000000CD
:1053E00000000000000000000000000000000000BD
:1053F00000000000000000000000000000000000AD
:10540000000000000000000000000000000000009C
:10541000000000000000000000000000000000008C
:10542000000000000000000000000000000000007C
:10543000000000000000000000000000000000006C
:10544000000000000000000000000000000000005C
:10545000000000000000000000000000000000004C
:10546000000000000000000000000000000000003C
:10547000000000000000000000000000000000002C
:10548000000000000000000000000000000000001C
:10549000000000000000000000000000000000000C
:1054A00000000000000000000000000000000000FC
:1054B00000000000000000000000000000000000EC
:1054C00000000000000000000000000000000000DC
:1054D00000000000000000000000000000000000CC
:1054E00000000000000000000000000000000000BC
:1054F00000000000000000000000000000000000AC
:10550000000000000000000000000000000000009B
:10551000000000000000000000000000000000008B
:10552000000000000000000000000000000000007B
:10553000000000000000000000000000000000006B
:10554000000000000000000000000000000000005B
:10555000000000000000000000000000000000004B
:10556000000000000000000000000000000000003B
:10557000000000000000000000000000000000002B
:10558000000000000000000000000000000000001B
:10559000000000000000000000000000000000000B
:1055A00000000000000000000000000000000000FB
:1055B00000000000000000000000000000000000EB
:1055C00000000000000000000000000000000000DB
:1055D00000000000000000000000000000000000CB
:1055E00000000000000000000000000000000000BB
:1055F00000000000000000000000000000000000AB
:10560000000000000000000000000000000000009A
:10561000000000000000000000000000000000008A
:10562000000000000000000000000000000000007A
:10563000000000000000000000000000000000006A
:10564000000000000000000000000000000000005A
:10565000000000000000000000000000000000004A
:10566000000000000000000000000000000000003A
:10567000000000000000000000000000000000002A
:10568000000000000000000000000000000000001A
:10569000000000000000000000000000000000000A
:1056A00000000000000000000000000000000000FA
:1056B00000000000000000000000000000000000EA
:1056C00000000000000000000000000000000000DA
:1056D00000000000000000000000000000000000CA
:1056E00000000000000000000000000000000000BA
:1056F00000000000000000000000000000000000AA
:105700000000000000000000000000000000000099
:105710000000000000000000000000000000000089
:105720000000000000000000000000000000000079
:105730000000000000000000000000000000000069
:105740000000000000000000000000000000000059
:105750000000000000000000000000000000000049
:105760000000000000000000000000000000000039
:105770000000000000000000000000000000000029
:105780000000000000000000000000000000000019
:105790000000000000000000000000000000000009
:1057A00000000000000000000000000000000000F9
:1057B00000000000000000000000000000000000E9
:1057C00000000000000000000000000000000000D9
:1057D00000000000000000000000000000000000C9
:1057E00000000000000000000000000000000000B9
:1057F00000000000000000000000000000000000A9
:105800000000000000000000000000000000000098
:105810000000000000000000000000000000000088
:105820000000000000000000000000000000000078
:105830000000000000000000000000000000000068
:105840000000000000000000000000000000000058
:105850000000000000000000000000000000000048
:105860000000000000000000000000000000000038
:105870000000000000000000000000000000000028
:105880000000000000000000000000000000000018
:105890000000000000000000000000000000000008
:1058A00000000000000000000000000000000000F8
:1058B00000000000000000000000000000000000E8
:1058C00000000000000000000000000000000000D8
:1058D00000000000000000000000000000000000C8
:1058E00000000000000000000000000000000000B8
:1058F00000000000000000000000000000000000A8
:105900000000000000000000000000000000000097
:105910000000000000000000000000000000000087
:105920000000000000000000000000000000000077
:105930000000000000000000000000000000000067
:105940000000000000000000000000000000000057
:105950000000000000000000000000000000000047
:105960000000000000000000000000000000000037
:105970000000000000000000000000000000000027
:105980000000000000000000000000000000000017
:105990000000000000000000000000000000000007
:1059A00000000000000000000000000000000000F7
:1059B00000000000000000000000000000000000E7
:1059C00000000000000000000000000000000000D7
:1059D00000000000000000000000000000000000C7
:1059E00000000000000000000000000000000000B7
:1059F00000000000000000000000000000000000A7
:105A00000000000000000000000000000000000096
:105A10000000000000000000000000000000000086
:105A20000000000000000000000000000000000076
:105A30000000000000000000000000000000000066
:105A40000000000000000000000000000000000056
:105A50000000000000000000000000000000000046
:105A60000000000000000000000000000000000036
:105A70000000000000000000000000000000000026
:105A80000000000000000000000000000000000016
:105A90000000000000000000000000000000000006
:105AA00000000000000000000000000000000000F6
:105AB00000000000000000000000000000000000E6
:105AC00000000000000000000000000000000000D6
:105AD00000000000000000000000000000000000C6
:105AE00000000000000000000000000000000000B6
:105AF00000000000000000000000000000000000A6
:105B00000000000000000000000000000000000095
:105B10000000000000000000000000000000000085
:105B20000000000000000000000000000000000075
:105B30000000000000000000000000000000000065
:105B40000000000000000000000000000000000055
:105B50000000000000000000000000000000000045
:105B60000000000000000000000000000000000035
:105B70000000000000000000000000000000000025
:105B80000000000000000000000000000000000015
:105B90000000000000000000000000000000000005
:105BA00000000000000000000000000000000000F5
:105BB00000000000000000000000000000000000E5
:105BC00000000000000000000000000000000000D5
:105BD00000000000000000000000000000000000C5
:105BE00000000000000000000000000000000000B5
:105BF00000000000000000000000000000000000A5
:105C00000000000000000000000000000000000094
:105C10000000000000000000000000000000000084
:105C20000000000000000000000000000000000074
:105C30000000000000000000000000000000000064
:105C40000000000000000000000000000000000054
:105C50000000000000000000000000000000000044
:105C60000000000000000000000000000000000034
:105C70000000000000000000000000000000000024
:105C80000000000000000000000000000000000014
:105C90000000000000000000000000000000000004
:105CA00000000000000000000000000000000000F4
:105CB00000000000000000000000000000000000E4
:105CC00000000000000000000000000000000000D4
:105CD00000000000000000000000000000000000C4
:105CE00000000000000000000000000000000000B4
:105CF00000000000000000000000000000000000A4
:105D00000000000000000000000000000000000093
:105D10000000000000000000000000000000000083
:105D20000000000000000000000000000000000073
:105D30000000000000000000000000000000000063
:105D40000000000000000000000000000000000053
:105D50000000000000000000000000000000000043
:105D60000000000000000000000000000000000033
:105D70000000000000000000000000000000000023
:105D80000000000000000000000000000000000013
:105D90000000000000000000000000000000000003
:105DA00000000000000000000000000000000000F3
:105DB00000000000000000000000000000000000E3
:105DC00000000000000000000000000000000000D3
:105DD00000000000000000000000000000000000C3
:105DE00000000000000000000000000000000000B3
:105DF00000000000000000000000000000000000A3
:105E00000000000000000000000000000000000092
:105E10000000000000000000000000000000000082
:105E20000000000000000000000000000000000072
:105E30000000000000000000000000000000000062
:105E40000000000000000000000000000000000052
:105E50000000000000000000000000000000000042
:105E60000000000000000000000000000000000032
:105E70000000000000000000000000000000000022
:105E80000000000000000000000000000000000012
:105E90000000000000000000000000000000000002
:105EA00000000000000000000000000000000000F2
:105EB00000000000000000000000000000000000E2
:105EC00000000000000000000000000000000000D2
:105ED00000000000000000000000000000000000C2
:105EE00000000000000000000000000000000000B2
:105EF00000000000000000000000000000000000A2
:105F00000000000000000000000000000000000091
:105F10000000000000000000000000000000000081
:105F20000000000000000000000000000000000071
:105F30000000000000000000000000000000000061
:105F40000000000000000000000000000000000051
:105F50000000000000000000000000000000000041
:105F60000000000000000000000000000000000031
:105F70000000000000000000000000000000000021
:105F80000000000000000000000000000000000011
:105F90000000000000000000000000000000000001
:105FA00000000000000000000000000000000000F1
:105FB00000000000000000000000000000000000E1
:105FC00000000000000000000000000000000000D1
:105FD00000000000000000000000000000000000C1
:105FE00000000000000000000000000000000000B1
:105FF00000000000000000000000000000000000A1
:106000000000000000000000000000000000000090
:106010000000000000000000000000000000000080
:106020000000000000000000000000000000000070
:106030000000000000000000000000000000000060
:106040000000000000000000000000000000000050
:106050000000000000000000000000000000000040
:106060000000000000000000000000000000000030
:106070000000000000000000000000000000000020
:106080000000000000000000000000000000000010
:106090000000000000000000000000000000000000
:1060A00000000000000000000000000000000000F0
:1060B00000000000000000000000000000000000E0
:1060C00000000000000000000000000000000000D0
:1060D00000000000000000000000000000000000C0
:1060E00000000000000000000000000000000000B0
:1060F00000000000000000000000000000000000A0
:10610000000000000000000000000000000000008F
:10611000000000000000000000000000000000007F
:10612000000000000000000000000000000000006F
:10613000000000000000000000000000000000005F
:10614000000000000000000000000000000000004F
:10615000000000000000000000000000000000003F
:10616000000000000000000000000000000000002F
:10617000000000000000000000000000000000001F
:10618000000000000000000000000000000000000F
:1061900000000000000000000000000000000000FF
:1061A00000000000000000000000000000000000EF
:1061B00000000000000000000000000000000000DF
:1061C00000000000000000000000000000000000CF
:1061D00000000000000000000000000000000000BF
:1061E00000000000000000000000000000000000AF
:1061F000000000000000000000000000000000009F
:10620000000000000000000000000000000000008E
:10621000000000000000000000000000000000007E
:10622000000000000000000000000000000000006E
:10623000000000000000000000000000000000005E
:10624000000000000000000000000000000000004E
:10625000000000000000000000000000000000003E
:10626000000000000000000000000000000000002E
:10627000000000000000000000000000000000001E
:10628000000000000000000000000000000000000E
:1062900000000000000000000000000000000000FE
:1062A00000000000000000000000000000000000EE
:1062B00000000000000000000000000000000000DE
:1062C00000000000000000000000000000000000CE
:1062D00000000000000000000000000000000000BE
:1062E00000000000000000000000000000000000AE
:1062F000000000000000000000000000000000009E
:10630000000000000000000000000000000000008D
:10631000000000000000000000000000000000007D
:10632000000000000000000000000000000000006D
:10633000000000000000000000000000000000005D
:10634000000000000000000000000000000000004D
:10635000000000000000000000000000000000003D
:10636000000000000000000000000000000000002D
:10637000000000000000000000000000000000001D
:10638000000000000000000000000000000000000D
:1063900000000000000000000000000000000000FD
:1063A00000000000000000000000000000000000ED
:1063B00000000000000000000000000000000000DD
:1063C00000000000000000000000000000000000CD
:1063D00000000000000000000000000000000000BD
:1063E00000000000000000000000000000000000AD
:1063F000000000000000000000000000000000009D
:10640000000000000000000000000000000000008C
:10641000000000000000000000000000000000007C
:10642000000000000000000000000000000000006C
:10643000000000000000000000000000000000005C
:10644000000000000000000000000000000000004C
:10645000000000000000000000000000000000003C
:10646000000000000000000000000000000000002C
:10647000000000000000000000000000000000001C
:10648000000000000000000000000000000000000C
:1064900000000000000000000000000000000000FC
:1064A00000000000000000000000000000000000EC
:1064B00000000000000000000000000000000000DC
:1064C00000000000000000000000000000000000CC
:1064D00000000000000000000000000000000000BC
:1064E00000000000000000000000000000000000AC
:1064F000000000000000000000000000000000009C
:10650000000000000000000000000000000000008B
:10651000000000000000000000000000000000007B
:10652000000000000000000000000000000000006B
:10653000000000000000000000000000000000005B
:10654000000000000000000000000000000000004B
:10655000000000000000000000000000000000003B
:10656000000000000000000000000000000000002B
:10657000000000000000000000000000000000001B
:10658000000000000000000000000000000000000B
:1065900000000000000000000000000000000000FB
:1065A00000000000000000000000000000000000EB
:1065B00000000000000000000000000000000000DB
:1065C00000000000000000000000000000000000CB
:1065D00000000000000000000000000000000000BB
:1065E00000000000000000000000000000000000AB
:1065F000000000000000000000000000000000009B
:10660000000000000000000000000000000000008A
:10661000000000000000000000000000000000007A
:10662000000000000000000000000000000000006A
:10663000000000000000000000000000000000005A
:10664000000000000000000000000000000000004A
:10665000000000000000000000000000000000003A
:10666000000000000000000000000000000000002A
:10667000000000000000000000000000000000001A
:10668000000000000000000000000000000000000A
:1066900000000000000000000000000000000000FA
:1066A00000000000000000000000000000000000EA
:1066B00000000000000000000000000000000000DA
:1066C00000000000000000000000000000000000CA
:1066D00000000000000000000000000000000000BA
:1066E00000000000000000000000000000000000AA
:1066F000000000000000000000000000000000009A
:106700000000000000000000000000000000000089
:106710000000000000000000000000000000000079
:106720000000000000000000000000000000000069
:106730000000000000000000000000000000000059
:106740000000000000000000000000000000000049
:106750000000000000000000000000000000000039
:106760000000000000000000000000000000000029
:106770000000000000000000000000000000000019
:106780000000000000000000000000000000000009
:1067900000000000000000000000000000000000F9
:1067A00000000000000000000000000000000000E9
:1067B00000000000000000000000000000000000D9
:1067C00000000000000000000000000000000000C9
:1067D00000000000000000000000000000000000B9
:1067E00000000000000000000000000000000000A9
:1067F0000000000000000000000000000000000099
:106800000000000000000000000000000000000088
:106810000000000000000000000000000000000078
:106820000000000000000000000000000000000068
:106830000000000000000000000000000000000058
:106840000000000000000000000000000000000048
:106850000000000000000000000000000000000038
:106860000000000000000000000000000000000028
:106870000000000000000000000000000000000018
:106880000000000000000000000000000000000008
:1068900000000000000000000000000000000000F8
:1068A00000000000000000000000000000000000E8
:1068B00000000000000000000000000000000000D8
:1068C00000000000000000000000000000000000C8
:1068D00000000000000000000000000000000000B8
:1068E00000000000000000000000000000000000A8
:1068F0000000000000000000000000000000000098
:106900000000000000000000000000000000000087
:106910000000000000000000000000000000000077
:106920000000000000000000000000000000000067
:106930000000000000000000000000000000000057
:106940000000000000000000000000000000000047
:106950000000000000000000000000000000000037
:106960000000000000000000000000000000000027
:106970000000000000000000000000000000000017
:106980000000000000000000000000000000000007
:1069900000000000000000000000000000000000F7
:1069A00000000000000000000000000000000000E7
:1069B00000000000000000000000000000000000D7
:1069C00000000000000000000000000000000000C7
:1069D00000000000000000000000000000000000B7
:1069E00000000000000000000000000000000000A7
:1069F0000000000000000000000000000000000097
:106A00000000000000000000000000000000000086
:106A10000000000000000000000000000000000076
:106A20000000000000000000000000000000000066
:106A30000000000000000000000000000000000056
:106A40000000000000000000000000000000000046
:106A50000000000000000000000000000000000036
:106A60000000000000000000000000000000000026
:106A70000000000000000000000000000000000016
:106A80000000000000000000000000000000000006
:106A900000000000000000000000000000000000F6
:106AA00000000000000000000000000000000000E6
:106AB00000000000000000000000000000000000D6
:106AC00000000000000000000000000000000000C6
:106AD00000000000000000000000000000000000B6
:106AE00000000000000000000000000000000000A6
:106AF0000000000000000000000000000000000096
:106B00000000000000000000000000000000000085
:106B10000000000000000000000000000000000075
:106B20000000000000000000000000000000000065
:106B30000000000000000000000000000000000055
:106B40000000000000000000000000000000000045
:106B50000000000000000000000000000000000035
:106B60000000000000000000000000000000000025
:106B70000000000000000000000000000000000015
:106B80000000000000000000000000000000000005
:106B900000000000000000000000000000000000F5
:106BA00000000000000000000000000000000000E5
:106BB00000000000000000000000000000000000D5
:106BC00000000000000000000000000000000000C5
:106BD00000000000000000000000000000000000B5
:106BE00000000000000000000000000000000000A5
:106BF0000000000000000000000000000000000095
:106C00000000000000000000000000000000000084
:106C10000000000000000000000000000000000074
:106C20000000000000000000000000000000000064
:106C30000000000000000000000000000000000054
:106C40000000000000000000000000000000000044
:106C50000000000000000000000000000000000034
:106C60000000000000000000000000000000000024
:106C70000000000000000000000000000000000014
:106C80000000000000000000000000000000000004
:106C900000000000000000000000000000000000F4
:106CA00000000000000000000000000000000000E4
:106CB00000000000000000000000000000000000D4
:106CC00000000000000000000000000000000000C4
:106CD00000000000000000000000000000000000B4
:106CE00000000000000000000000000000000000A4
:106CF0000000000000000000000000000000000094
:106D00000000000000000000000000000000000083
:106D10000000000000000000000000000000000073
:106D20000000000000000000000000000000000063
:106D30000000000000000000000000000000000053
:106D40000000000000000000000000000000000043
:106D50000000000000000000000000000000000033
:106D60000000000000000000000000000000000023
:106D70000000000000000000000000000000000013
:106D80000000000000000000000000000000000003
:106D900000000000000000000000000000000000F3
:106DA00000000000000000000000000000000000E3
:106DB00000000000000000000000000000000000D3
:106DC00000000000000000000000000000000000C3
:106DD00000000000000000000000000000000000B3
:106DE00000000000000000000000000000000000A3
:106DF0000000000000000000000000000000000093
:106E00000000000000000000000000000000000082
:106E10000000000000000000000000000000000072
:106E20000000000000000000000000000000000062
:106E30000000000000000000000000000000000052
:106E40000000000000000000000000000000000042
:106E50000000000000000000000000000000000032
:106E60000000000000000000000000000000000022
:106E70000000000000000000000000000000000012
:106E80000000000000000000000000000000000002
:106E900000000000000000000000000000000000F2
:106EA00000000000000000000000000000000000E2
:106EB00000000000000000000000000000000000D2
:106EC00000000000000000000000000000000000C2
:106ED00000000000000000000000000000000000B2
:106EE00000000000000000000000000000000000A2
:106EF0000000000000000000000000000000000092
:106F00000000000000000000000000000000000081
:106F10000000000000000000000000000000000071
:106F20000000000000000000000000000000000061
:106F30000000000000000000000000000000000051
:106F40000000000000000000000000000000000041
:106F50000000000000000000000000000000000031
:106F60000000000000000000000000000000000021
:106F70000000000000000000000000000000000011
:106F80000000000000000000000000000000000001
:106F900000000000000000000000000000000000F1
:106FA00000000000000000000000000000000000E1
:106FB00000000000000000000000000000000000D1
:106FC00000000000000000000000000000000000C1
:106FD00000000000000000000000000000000000B1
:106FE00000000000000000000000000000000000A1
:106FF0000000000000000000000000000000000091
:107000000000000000000000000000000000000080
:107010000000000000000000000000000000000070
:107020000000000000000000000000000000000060
:107030000000000000000000000000000000000050
:107040000000000000000000000000000000000040
:107050000000000000000000000000000000000030
:107060000000000000000000000000000000000020
:107070000000000000000000000000000000000010
:107080000000000000000000000000000000000000
:1070900000000000000000000000000000000000F0
:1070A00000000000000000000000000000000000E0
:1070B00000000000000000000000000000000000D0
:1070C00000000000000000000000000000000000C0
:1070D00000000000000000000000000000000000B0
:1070E00000000000000000000000000000000000A0
:1070F0000000000000000000000000000000000090
:10710000000000000000000000000000000000007F
:10711000000000000000000000000000000000006F
:10712000000000000000000000000000000000005F
:10713000000000000000000000000000000000004F
:10714000000000000000000000000000000000003F
:10715000000000000000000000000000000000002F
:10716000000000000000000000000000000000001F
:10717000000000000000000000000000000000000F
:1071800000000000000000000000000000000000FF
:1071900000000000000000000000000000000000EF
:1071A00000000000000000000000000000000000DF
:1071B00000000000000000000000000000000000CF
:1071C00000000000000000000000000000000000BF
:1071D00000000000000000000000000000000000AF
:1071E000000000000000000000000000000000009F
:1071F000000000000000000000000000000000008F
:10720000000000000000000000000000000000007E
:10721000000000000000000000000000000000006E
:10722000000000000000000000000000000000005E
:10723000000000000000000000000000000000004E
:10724000000000000000000000000000000000003E
:10725000000000000000000000000000000000002E
:10726000000000000000000000000000000000001E
:10727000000000000000000000000000000000000E
:1072800000000000000000000000000000000000FE
:1072900000000000000000000000000000000000EE
:1072A00000000000000000000000000000000000DE
:1072B00000000000000000000000000000000000CE
:1072C00000000000000000000000000000000000BE
:1072D00000000000000000000000000000000000AE
:1072E000000000000000000000000000000000009E
:1072F000000000000000000000000000000000008E
:10730000000000000000000000000000000000007D
:10731000000000000000000000000000000000006D
:10732000000000000000000000000000000000005D
:10733000000000000000000000000000000000004D
:10734000000000000000000000000000000000003D
:10735000000000000000000000000000000000002D
:10736000000000000000000000000000000000001D
:10737000000000000000000000000000000000000D
:1073800000000000000000000000000000000000FD
:1073900000000000000000000000000000000000ED
:1073A00000000000000000000000000000000000DD
:1073B00000000000000000000000000000000000CD
:1073C00000000000000000000000000000000000BD
:1073D00000000000000000000000000000000000AD
:1073E000000000000000000000000000000000009D
:1073F000000000000000000000000000000000008D
:10740000000000000000000000000000000000007C
:10741000000000000000000000000000000000006C
:10742000000000000000000000000000000000005C
:10743000000000000000000000000000000000004C
:10744000000000000000000000000000000000003C
:10745000000000000000000000000000000000002C
:10746000000000000000000000000000000000001C
:10747000000000000000000000000000000000000C
:1074800000000000000000000000000000000000FC
:1074900000000000000000000000000000000000EC
:1074A00000000000000000000000000000000000DC
:1074B00000000000000000000000000000000000CC
:1074C00000000000000000000000000000000000BC
:1074D00000000000000000000000000000000000AC
:1074E000000000000000000000000000000000009C
:1074F000000000000000000000000000000000008C
:10750000000000000000000000000000000000007B
:10751000000000000000000000000000000000006B
:10752000000000000000000000000000000000005B
:10753000000000000000000000000000000000004B
:10754000000000000000000000000000000000003B
:10755000000000000000000000000000000000002B
:10756000000000000000000000000000000000001B
:10757000000000000000000000000000000000000B
:1075800000000000000000000000000000000000FB
:1075900000000000000000000000000000000000EB
:1075A00000000000000000000000000000000000DB
:1075B00000000000000000000000000000000000CB
:1075C00000000000000000000000000000000000BB
:1075D00000000000000000000000000000000000AB
:1075E000000000000000000000000000000000009B
:1075F000000000000000000000000000000000008B
:10760000000000000000000000000000000000007A
:10761000000000000000000000000000000000006A
:10762000000000000000000000000000000000005A
:10763000000000000000000000000000000000004A
:10764000000000000000000000000000000000003A
:10765000000000000000000000000000000000002A
:10766000000000000000000000000000000000001A
:10767000000000000000000000000000000000000A
:1076800000000000000000000000000000000000FA
:1076900000000000000000000000000000000000EA
:1076A00000000000000000000000000000000000DA
:1076B00000000000000000000000000000000000CA
:1076C00000000000000000000000000000000000BA
:1076D00000000000000000000000000000000000AA
:1076E000000000000000000000000000000000009A
:1076F000000000000000000000000000000000008A
:107700000000000000000000000000000000000079
:107710000000000000000000000000000000000069
:107720000000000000000000000000000000000059
:107730000000000000000000000000000000000049
:107740000000000000000000000000000000000039
:107750000000000000000000000000000000000029
:107760000000000000000000000000000000000019
:107770000000000000000000000000000000000009
:1077800000000000000000000000000000000000F9
:1077900000000000000000000000000000000000E9
:1077A00000000000000000000000000000000000D9
:1077B00000000000000000000000000000000000C9
:1077C00000000000000000000000000000000000B9
:1077D00000000000000000000000000000000000A9
:1077E0000000000000000000000000000000000099
:1077F0000000000000000000000000000000000089
:107800000000000000000000000000000000000078
:107810000000000000000000000000000000000068
:107820000000000000000000000000000000000058
:107830000000000000000000000000000000000048
:107840000000000000000000000000000000000038
:107850000000000000000000000000000000000028
:107860000000000000000000000000000000000018
:107870000000000000000000000000000000000008
:1078800000000000000000000000000000000000F8
:1078900000000000000000000000000000000000E8
:1078A00000000000000000000000000000000000D8
:1078B00000000000000000000000000000000000C8
:1078C00000000000000000000000000000000000B8
:1078D00000000000000000000000000000000000A8
:1078E0000000000000000000000000000000000098
:1078F0000000000000000000000000000000000088
:107900000000000000000000000000000000000077
:107910000000000000000000000000000000000067
:107920000000000000000000000000000000000057
:107930000000000000000000000000000000000047
:107940000000000000000000000000000000000037
:107950000000000000000000000000000000000027
:107960000000000000000000000000000000000017
:107970000000000000000000000000000000000007
:1079800000000000000000000000000000000000F7
:1079900000000000000000000000000000000000E7
:1079A00000000000000000000000000000000000D7
:1079B00000000000000000000000000000000000C7
:1079C00000000000000000000000000000000000B7
:1079D00000000000000000000000000000000000A7
:1079E0000000000000000000000000000000000097
:1079F0000000000000000000000000000000000087
:107A00000000000000000000000000000000000076
:107A10000000000000000000000000000000000066
:107A20000000000000000000000000000000000056
:107A30000000000000000000000000000000000046
:107A40000000000000000000000000000000000036
:107A50000000000000000000000000000000000026
:107A60000000000000000000000000000000000016
:107A70000000000000000000000000000000000006
:107A800000000000000000000000000000000000F6
:107A900000000000000000000000000000000000E6
:107AA00000000000000000000000000000000000D6
:107AB00000000000000000000000000000000000C6
:107AC00000000000000000000000000000000000B6
:107AD00000000000000000000000000000000000A6
:107AE0000000000000000000000000000000000096
:107AF0000000000000000000000000000000000086
:107B00000000000000000000000000000000000075
:107B10000000000000000000000000000000000065
:107B20000000000000000000000000000000000055
:107B30000000000000000000000000000000000045
:107B40000000000000000000000000000000000035
:107B50000000000000000000000000000000000025
:107B60000000000000000000000000000000000015
:107B70000000000000000000000000000000000005
:107B800000000000000000000000000000000000F5
:107B900000000000000000000000000000000000E5
:107BA00000000000000000000000000000000000D5
:107BB00000000000000000000000000000000000C5
:107BC00000000000000000000000000000000000B5
:107BD00000000000000000000000000000000000A5
:107BE0000000000000000000000000000000000095
:107BF0000000000000000000000000000000000085
:107C00000000000000000000000000000000000074
:107C10000000000000000000000000000000000064
:107C20000000000000000000000000000000000054
:107C30000000000000000000000000000000000044
:107C40000000000000000000000000000000000034
:107C50000000000000000000000000000000000024
:107C60000000000000000000000000000000000014
:107C70000000000000000000000000000000000004
:107C800000000000000000000000000000000000F4
:107C900000000000000000000000000000000000E4
:107CA00000000000000000000000000000000000D4
:107CB00000000000000000000000000000000000C4
:107CC00000000000000000000000000000000000B4
:107CD00000000000000000000000000000000000A4
:107CE0000000000000000000000000000000000094
:107CF0000000000000000000000000000000000084
:107D00000000000000000000000000000000000073
:107D10000000000000000000000000000000000063
:107D20000000000000000000000000000000000053
:107D30000000000000000000000000000000000043
:107D40000000000000000000000000000000000033
:107D50000000000000000000000000000000000023
:107D60000000000000000000000000000000000013
:107D70000000000000000000000000000000000003
:107D800000000000000000000000000000000000F3
:107D900000000000000000000000000000000000E3
:107DA00000000000000000000000000000000000D3
:107DB00000000000000000000000000000000000C3
:107DC00000000000000000000000000000000000B3
:107DD00000000000000000000000000000000000A3
:107DE0000000000000000000000000000000000093
:107DF0000000000000000000000000000000000083
:107E00000000000000000000000000000000000072
:107E10000000000000000000000000000000000062
:107E20000000000000000000000000000000000052
:107E30000000000000000000000000000000000042
:107E40000000000000000000000000000000000032
:107E50000000000000000000000000000000000022
:107E60000000000000000000000000000000000012
:107E70000000000000000000000000000000000002
:107E800000000000000000000000000000000000F2
:107E900000000000000000000000000000000000E2
:107EA00000000000000000000000000000000000D2
:107EB00000000000000000000000000000000000C2
:107EC00000000000000000000000000000000000B2
:107ED00000000000000000000000000000000000A2
:107EE0000000000000000000000000000000000092
:107EF0000000000000000000000000000000000082
:107F00000000000000000000000000000000000071
:107F10000000000000000000000000000000000061
:107F20000000000000000000000000000000000051
:107F30000000000000000000000000000000000041
:107F40000000000000000000000000000000000031
:107F50000000000000000000000000000000000021
:107F60000000000000000000000000000000000011
:107F70000000000000000000000000000000000001
:107F800000000000000000000000000000000000F1
:107F900000000000000000000000000000000000E1
:107FA00000000000000000000000000000000000D1
:107FB00000000000000000000000000000000000C1
:107FC00000000000000000000000000000000000B1
:107FD00000000000000000000000000000000000A1
:107FE0000000000000000000000000000000000091
:107FF0000000000000000000000000000000000081
:108000000000000000000000000000000000000070
:108010000000000000000000000000000000000060
:108020000000000000000000000000000000000050
:108030000000000000000000000000000000000040
:108040000000000000000000000000000000000030
:108050000000000000000000000000000000000020
:108060000000000000000000000000000000000010
:108070000000000000000000000000000000000000
:1080800000000000000000000000000000000000F0
:1080900000000000000000000000000000000000E0
:1080A00000000000000000000000000000000000D0
:1080B00000000000000000000000000000000000C0
:1080C00000000000000000000000000000000000B0
:1080D00000000000000000000000000000000000A0
:1080E0000000000000000000000000000000000090
:1080F0000000000000000000000000000000000080
:10810000000000000000000000000000000000006F
:10811000000000000000000000000000000000005F
:10812000000000000000000000000000000000004F
:10813000000000000000000000000000000000003F
:10814000000000000000000000000000000000002F
:10815000000000000000000000000000000000001F
:10816000000000000000000000000000000000000F
:1081700000000000000000000000000000000000FF
:1081800000000000000000000000000000000000EF
:1081900000000000000000000000000000000000DF
:1081A00000000000000000000000000000000000CF
:1081B00000000000000000000000000000000000BF
:1081C00000000000000000000000000000000000AF
:1081D000000000000000000000000000000000009F
:1081E000000000000000000000000000000000008F
:1081F000000000000000000000000000000000007F
:10820000000000000000000000000000000000006E
:10821000000000000000000000000000000000005E
:10822000000000000000000000000000000000004E
:10823000000000000000000000000000000000003E
:10824000000000000000000000000000000000002E
:10825000000000000000000000000000000000001E
:10826000000000000000000000000000000000000E
:1082700000000000000000000000000000000000FE
:1082800000000000000000000000000000000000EE
:1082900000000000000000000000000000000000DE
:1082A00000000000000000000000000000000000CE
:1082B00000000000000000000000000000000000BE
:1082C00000000000000000000000000000000000AE
:1082D000000000000000000000000000000000009E
:1082E000000000000000000000000000000000008E
:1082F000000000000000000000000000000000007E
:10830000000000000000000000000000000000006D
:10831000000000000000000000000000000000005D
:10832000000000000000000000000000000000004D
:10833000303330302E2E30333046202D20564941F8
:10834000303331302E2E30333146202D20464443F9
:1083500078A205BD2F039DEA02CA10F74CEA028DF0
:1083600082034C2003424F4259FFFF8D81032003BB
:10837000D48D8003608D81032006D48D8003608DB1
:108380008003205FC58D8103608D800320C5E08D53
:108390008103608D80034CBDC4788D81032000D49F
:1083A0008D8003584C03C0788D81034C00C08D80B4
:1083B000032092C58D8103608D800320FBCC8D81CD
:1083C00003608D800320A0038D81034020A0034023
:1083D0000848A90348A9AC48084C22EE6828608DDB
:1083E00081032009D48D8003608D81034C0CD4FF60
:1083F000FF8D8103200FD48D8003608D81032012B7
:10840000D48D800360FFFFFFFFFFFFFFFFFFFFFF33
:10841000FFFFFFFFFFFFFFFFFFFFFFFFFFFFFFFF6C
:10842000FFFFFFFFFFFFFFFFFFFFFFFFFFFFFFFF5C
:10843000303330302E2E30333046202D20564941F7
:10844000303331302E2E30333146202D20464443F8
:1084500078D8A000A20386788A0A2478F0100578DC
:1084600049FF297EB0084AD0FB989D56B4C8E81051
:10847000E52C1E032C1C032C1A032C1903A200A0AC
:1084800048DD10039829030AAADD1103A208D67655
:10849000D0FCCA10F9AA8810E8A9B885771808ADE9
:1084A0001C0310FB49D5D0F7AD1C0310FBC9AAD0A3
:1084B000F3EAAD1C0310FBC996F0092890DF49AD23
:1084C000F025D0D9A003857CAD1C0310FB2A85784C
:1084D000AD1C0310FB257888D0EC28C579D0BEA54B
:1084E0007CC57DD0B8B0B7A0568478AC1C0310FB17
:1084F00059D6B3A478889900B4D0EE8478AC1C0324
:1085000010FB59D6B3A4789176C8D0EFAC1C0310F9
:10851000FB59D6B3D087A000A256CA30FBB1765E15
:1085200000B42A5E00B42A9176C8D0EE4C00B800A0
:108530004CCCEC4C71C472C991C686E9D0E915CD1A
:1085400018CD11CA50DAA0DADDD966D984DAA0DAFA
:1085500054C8FCC708C897CE3BCA54CD7DD1CDCCFA
:1085600088CD1BCBE4C9BCC96FCA51C9C7C911CAE0
:1085700098CACDEBE6EB0BEC20EC32ECB4FACAFA7D
:10858000E0FA9EFAFBEAFBEAFBEAEFEAEFEAEFEA3F
:10859000EFEAEFEAEFEAEFEAFBEAFBEA70C9C1CAE9
:1085A00057D95AE808E9B9D44ED9AACB9FC947C7C9
:1085B0000CC745CD45E912CDEDC621DFBDDF49DF52
:1085C00021007ED4A6D4B5D9FB022EE24FE3AFDC66
:1085D000AAE28BE392E3DBE33FE438D983D9D4DD2D
:1085E000A6D893D5D7D8B5D816D877DE0FDF0BDF4E
:1085F000DADA3FDA45EC2AD856D861D87924DB7923
:108600000DDB7BEFDC7BE6DD7F37E250E5D046E239
:10861000D07D70E25A3BD06412D1454EC4454449E6
:10862000D453544F52C5524543414CCC54524FCE73
:1086300054524F46C6504FD0504C4FD450554CCC4E
:108640004C4F5245D3444F4BC55245504541D455EC
:108650004E5449CC464FD24C4C4953D44C505249BD
:108660004ED44E4558D4444154C1494E5055D4443B
:1086700049CD434CD3524541C44C45D4474F54CFC8
:108680005255CE49C6524553544F52C5474F535584
:10869000C25245545552CE5245CD48494D45CD471D
:1086A0005241C252454C454153C5544558D448499E
:1086B0005245D353484F4FD44558504C4F44C55A58
:1086C00041D050494EC7534F554EC44D555349C3E1
:1086D000504C41D94355525345D44355524D4FD632
:1086E000445241D7434952434CC5504154544552DA
:1086F000CE46494CCC434841D250415045D2494ED8
:10870000CB53544FD04FCE574149D4434C4F41C423
:1087100043534156C54445C6504F4BC55052494E30
:10872000D4434F4ED44C4953D4434C4541D2474592
:10873000D443414CCCA14E45D7544142A854CF46D6
:10874000CE535043A8C0415554CF454C53C554480F
:1087500045CE4E4FD4535445D0ABADAAAFDE414EBB
:10876000C44FD2BEBDBC5347CE494ED44142D3556F
:1087700053D24652C5504FD3484558A4A65351D260
:10878000524EC44CCE4558D0434FD35349CE54419A
:10879000CE4154CE504545CB444545CB4C4FC74CBC
:1087A00045CE535452A45641CC4153C3434852A4DE
:1087B00050C9545255C546414C53C54B4559A45315
:1087C0004352CE504F494ED44C454654A45249478B
:1087D0004854A44D4944A4004E4558542057495488
:1087E000484F555420464FD253594E5441D85245C4
:1087F0005455524E20574954484F555420474F53D3
:1088000055C24F5554204F4620444154C1494C4C09
:108810004547414C205155414E544954D94F564536
:1088200052464C4FD74F5554204F46204D454D4F43
:1088300052D9554E44454627442053544154454D42
:10884000454ED4424144205355425343524950D49B
:10885000524544494D27442041525241D94449563A
:108860004953494F4E204259205A4552CF494C4C0A
:108870004547414C204449524543D4444953502034
:1088800054595045204D49534D415443C8535452B7
:10889000494E4720544F4F204C4F4EC7464F524DE4
:1088A000554C4120544F4F20434F4D504C45D843D9
:1088B000414E275420434F4E54494E55C5554E44C2
:1088C000454627442046554E4354494FCE424144E5
:1088D00020554E5449CC204552524F520020494E0B
:1088E00020000D0A5265616479200D0A000D0A20EE
:1088F000425245414B00BAE8E8E8E8BD0101C98DA4
:10890000D021A5B9D00ABD020185B8BD030185B942
:10891000DD0301D007A5B8DD0201F0078A1869124E
:10892000AAD0D8602044C485A084A138A5C9E5CECA
:108930008591A8A5CAE5CFAAE898F023A5C938E58E
:108940009185C9B003C6CA38A5C7E59185C7B008E7
:10895000C6C89004B1C991C788D0F9B1C991C7C63A
:10896000CAC6C8CAD0F2600A693EB0408591BAE46E
:1089700091903960C4A39028D004C5A2902248A247
:10898000099848B5C6CA10FA2050D6A2F76895D003
:10899000E830FA68A868C4A39006D010C5A2B00C4D
:1089A00060ADC00229FE8DC0024CA8C4A24D202F8C
:1089B000C8462E20F0CB20D7CCBDA8C248297F20A6
:1089C000D9CCE86810F32026C7A9A6A0C320B0CC54
:1089D000A4A9C8F00320BAE04E5202462E4EF2027D
:1089E000A9B2A0C3201A00202FC82092C586E9840E
:1089F000EA20E200AAF0F0A2FF86A9900620FAC5BC
:108A00004C0CC920E2CA20FAC5842620B3C6904483
:108A1000A001B1CE8592A59C8591A5CF8594A5CEC8
:108A200088F1CE18659C859C8593A59D69FF859DE1
:108A3000E5CFAA38A5CEE59CA8B003E8C694186592
:108A4000919003C69218B1919193C8D0F9E692E63D
:108A500094CAD0F22008C7205FC5A535F08918A5B3
:108A60009C85C9652685C7A49D84CA9001C884C811
:108A700020F4C3A5A0A4A1859C849DA42688B93117
:108A80000091CE8810F82008C7205FC54CB7C4A558
:108A90009AA49B8591849218A001B191F01DA00425
:108AA000C8B191D0FBC8986591AAA0009191A592F8
:108AB0006900C891918691859290DD60CA10052069
:108AC000F0CBA20020E8C5C901D00DAC6902B112FB
:108AD000297FC920B002A9094820D9CC68C97FF0F4
:108AE000DBC90DF030C903F028C918F00BC920907C
:108AF000D39535E8E04F9007A95C20D9CCD0C0E0F1
:108B00004C90C18A489848209FFA68A868AA4C945B
:108B1000C5E617A2004CEACB203B0210FBC90FD0E0
:108B20000848A52E49FF852E6860A6E9A004842A7E
:108B3000B500C920F0418525C922F05F242A70378D
:108B4000C93FD004A9BAD02FC9309004C93C90279E
:108B500084E0A0008426A9E98518A9C0851986E9C2
:108B6000CAE8E618D002E619B50038F118F0F2C9E3
:108B700080D02F0526A4E0E8C8993000B93000F075
:108B80003938E93AF004C957D002852A38E963D068
:108B90009F8525B500F0E0C525F0DCC8993000E8D8
:108BA000D0F1A6E9E626B11808E618D002E61928A1
:108BB00010F4B118D0B2B50010BB993200A93485B9
:108BC000E96020E2CA20B3C690166EF202206CC79C
:108BD0004EF20220F0CBA90B20D9CC68684CB7C468
:108BE0004C23CAA900851D851EA59AA69BA00185B8
:108BF000CE86CFB1CEF025C8C8E61DD002E61EA5B0
:108C000034D1CE9018F00388D009A53388D1CE9006
:108C10000CF00A88B1CEAA88B1CEB0D11860D0FDD0
:108C2000A9004EF402A8919AC8919AA59A186902CF
:108C3000859CA59B6900859D203AC7A900D02AA5DF
:108C4000A6A4A785A284A3A59CA49D859E849F8598
:108C5000A084A12052C9A288868568A868A2FE9A2D
:108C6000489848A90085AD852B6018A59A69FF85AD
:108C7000E9A59B69FF85EA600820E2CA20B3C628FF
:108C8000F01420E800F015C9CDD09220E200F006E3
:108C900020E2CAF00760A9FF85338534A001B1CE78
:108CA000F04D2062C9C920D00E4EDF02ADDF0210A8
:108CB000FB2062C94EDF02C8B1CEAAC8B1CEC5340E
:108CC000D004E433F002B02784B84820F0CB682009
:108CD000C5E0A920A4B8297F20D9CCC8F011B1CE15
:108CE000D01EA8B1CEAAC8B1CE86CE85CFD0AD2C2D
:108CF000F20210016020F0CB202FC868684CA8C495
:108D000010D638E97FAA84B8A000A9E98518A9C0BF
:108D10008519CAF00DE618D002E619B11810F64C04
:108D2000E2C7C8B11830AD20D9CC4CF2C72016C864
:108D30004EF20220E8004C48C72016C820E8002068
:108D4000ABCB202FC8602CF1023039A5308D5902F1
:108D5000AD58028530386EF102AD56024C44C82C35
:108D6000F1021020A5308D5802AD590285304EF128
:108D700002AD5702853138E908B0FB49FFE9061812
:108D80006531853260A980852B201CCB20C6C3D0DD
:108D9000058A690FAA9A6868A9092037C4204ECAB3
:108DA000189865E948A5EA690048A5A948A5A84812
:108DB000A9C32067D02006CF2003CFA5D5097F25E2
:108DC000D185D1A99EA0C8859184924CC0CFA9819C
:108DD000A0DC207BDE20E800C9CBD00620E200200A
:108DE00003CF2013DF20B1CFA5B948A5B848A98D7E
:108DF000482062C9A5E9A4EAF00685AC84ADA000CC
:108E0000B1E9D05B4E5202A002B1E918D0034C8AFE
:108E1000C9C8B1E985A8C8B1E985A99865E985E916
:108E20009002E6EA2CF402101348A95B20FBCCA5C3
:108E3000A9A6A820C5E0A95D20FBCC6820E20020FF
:108E400015C94CC1C8F049E9809011C942B0300A37
:108E5000A8B907C048B906C0484CE2004C1CCBC9B1
:108E60003AF0C1C9C8D00E2C5202101320B1CA4E1C
:108E700052024CC1C8C927D0062099CA4CC1C84C5F
:108E800070D038A59AE901A49BB0018885B084B15F
:108E90006060ADDF0210F9297FA208C903D0F2C9D2
:108EA00003B00118D043A5E9A4EAF00C85AC84AD69
:108EB000A5A8A4A985AA84AB6868A9BDA0C3A2007F
:108EC0008EF1028EDF02862E90034C9DC44CA8C406
:108ED000D017A2D7A4ADD0034C7EC4A5AC85E9843D
:108EE000EAA5AAA4AB85A884A9604C36D3D0034CCC
:108EF00008C7200FC74CDCC9A9032037C4A5EA481E
:108F0000A5E948A5A948A5A848A99B4820E80020AC
:108F1000E5C94CC1C82053E82051CAA5A9C534B041
:108F20000B983865E9A6EA9007E8B004A59AA69BD5
:108F300020BDC6901EA5CEE90185E9A5CFE9008533
:108F4000EA60D0FDA9FF85B920C6C39AC99BF00B82
:108F5000A2162CA25A4C7EC44C70D06868C00CF08B
:108F60001985A86885A96885E96885EA204ECA98A8
:108F70001865E985E99002E6EA6068686860A23AE7
:108F80002CA2008624A0008425A525A6248524865D
:108F900025B1E9F0E4C525F0E0C8C922D0F3F0E935
:108FA0002017CF20E800C997F005A9C92067D0A5F0
:108FB000D0D005209ECAF0B720E800B0034CE5C928
:108FC00008386E5202284C15C92051CAF0A1A000E1
:108FD000B1E9F00CC8C9C9F0F0C9C8D0F34C3FCA18
:108FE00060A0FFC8B1E9F004C93AD0F74C3FCA4CC1
:108FF00070D020C8D848C99BF004C997D0F1C6D416
:10900000D004684C17C920E20020E2CAC92CF0EE57
:109010006860A20086338634B0F7E92F8524A53432
:109020008591C919B0D4A5330A26910A26916533D2
:109030008533A5916534853406332634A5336524FC
:1090400085339002E63420E2004CE8CA2088D185BE
:10905000B884B9A9D42067D0A52948A528482017E5
:10906000CF682A2009CFD01868101220F4DE20A97A
:10907000D2A000A5D391B8C8A5D491B8604CA9DE00
:1090800068A002B1D3C5A39017D00788B1D3C5A2F9
:10909000900EA4D4C49D9008D00DA5D3C59CB00754
:1090A000A5D3A4D44C8DCBA000B1D320A3D5A5BF0C
:1090B000A4C085DE84DF20A4D7A9D0A00085BF840A
:1090C000C02005D8A000B1BF91B8C8B1BF91B8C841
:1090D000B1BF91B86020B3CC20E800F043F05CC988
:1090E000C2F07BC9C518F076C92CF050C93BF06BB3
:1090F000C9C6D0034C59CC2017CF242830D720D54F
:10910000E020B5D5A000B1D3186530C5319003205B
:10911000F0CB20B3CC20D4CCD0BEA0009435A23468
:10912000A53048A90D20D9CC682CF1023004C531F6
:10913000F009A9008530A90A20D9CC60A5302CF10E
:1091400002300438ED530238E908B0FC49FF6901E8
:10915000AA186530C531901F20F0CB4C4BCC0820AD
:10916000C5D8C929D02028900E8AC53190034C3625
:10917000D338E5309005AAE8CAD00620E2004CAD0D
:10918000CB20D4CCD0F24C70D02CF10230F8AE1FF2
:1091900002F0034CF7EA20C5D8E028B040860C2046
:1091A00065D020C8D8E8E01CB033AD6A024829FE7B
:1091B0008D6A02A9002001F8A50C8D69028A8D68CC
:1091C00002200CDAA51FA42085128413688D6A0280
:1091D000A9012001F8A93B2067D04CADCB4CC2D8E7
:1091E00020B5D520D0D7AAA000E8CAF010B19120B0
:1091F000D9CCC8C90DD0F3200BCC4CBACC60A90C8B
:109200002CA9112CA9202CA93F242E303348C92089
:10921000900BA530C531D00320F0CBE630682CF19F
:1092200002100848203E026829FF608627AA207C99
:10923000F7C9209004C97FD005AE69028630A62701
:1092400029FF606CF502A9802CA9008DF40260A5AD
:109250002CF0133004A0FFD004A5AEA4AF85A884E1
:10926000A9A2A84C7EC4A985A0CE20B0CCA5ACA450
:10927000AD85E984EA6020D2D4A236A0008436A964
:1092800040208FCD60462EC922D00B2025D0A93B8F
:109290002067D020B3CC20D2D4A92C8534A9008556
:1092A000172080CDA535D016A517F0F1184C80C930
:1092B00020D7CC20D4CC4C92C5A6B0A4B1A9988517
:1092C0002C86B284B32088D185B884B9A5E9A4EAF4
:1092D00085BA84BBA6B2A4B386E984EA20E800D0AC
:1092E0001D242C500D2078EB10FB8535A234A000F6
:1092F000F008307120D7CC2080CD86E984EA20E2C6
:109300000024281031242C5009E886E9A90085247E
:10931000F00C8524C922F007A93A8524A92C1885C8
:1093200025A5E9A4EA69009001C820BBD5200DD984
:109330002051CB4C0ECE20E7DFA5292039CB20E8E9
:1093400000F007C92CF0034C1FCDA5E9A4EA85B2B3
:1093500084B3A5BAA4BB85E984EA20E800F02C20F8
:1093600065D04C95CD204ECAC8AAD012A22AC8B149
:10937000E9F069C8B1E985AEC8B1E9C885AFB1E91E
:10938000AA203FCAE091D0DD4CCECDA5B2A4B3A6B1
:109390002C10034C5CC9A000B1B2F007A974A0CE98
:1093A0004CB0CC603F45585452412049474E4F5233
:1093B00045440D0A003F5245444F2046524F4D2030
:1093C00053544152540D0A00D004A000F0032088E9
:1093D000D185B884B920C6C3F004A200F0669A8A89
:1093E000186904486906859368A001207BDEBABD30
:1093F000090185D5A5B8A4B92022DB20A9DEA001EA
:10940000204EDFBA38FD0901F017BD0F0185A8BD58
:10941000100185A9BD120185E9BD110185EA4CC184
:10942000C88A6911AA9A20E800C92CD0F120E2006C
:10943000209ECE2017CF18243824283003B0036094
:10944000B0FDA2A84C7EC4A6E9D002C6EAC6E9A235
:109450000024488A48A9012037C42000D0A90085EB
:10946000BC20E80038E9D39017C903B013C9012A1A
:10947000490145BCC5BC906185BC20E2004C34CF9D
:10948000A6BCD02CB07F6907907B6528D0034C67C1
:10949000D769FF85910A6591A868D9CCC0B06B20C7
:1094A00006CF482099CF68A4BA1017AAF05AD06303
:1094B00046288A2AA6E9D002C6EAC6E9A01B85BCCE
:1094C000D0D7D9CCC0B04C90D9B9CEC048B9CDC056
:1094D0004820ACCFA5BC4C22CF4C70D0A5D5BECC7B
:1094E000C0A8688591688592E691D002E692984876
:1094F00020F4DEA5D448A5D348A5D248A5D148A5D7
:10950000D0486C9100A0FF68F023C964F0032006E6
:10951000CF84BA684A852D6885D86885D96885DA88
:109520006885DB6885DC6885DD45D585DEA5D0608E
:10953000A900852820E200B0034CE7DF2016D2B056
:109540006BC92EF0F4C923F0F0C9CDF058C9CCF0A6
:10955000E3C922D00FA5E9A4EA69009001C820B5AB
:10956000D54C0DD9C9CAD013A018D03B20A9D2A57B
:10957000D449FFA8A5D349FF4C99D4C9C4D0034C02
:1095800022D5C9D690034CA0D02062D02017CFA9F5
:10959000292CA9282CA92CA000D1E9D0034CE20049
:1095A000A2104C7EC4A01568684C73CF2088D1856A
:1095B000D384D4A628F005A20086DF60A629100D6A
:1095C000A000B1D3AAC8B1D3A88A4C99D44C7BDEF1
:1095D0000A48AA20E200E0DB9024E0E79023206222
:1095E000D02017CF2065D02008CF68AAA5D448A5E1
:1095F000D3488A4820C8D868A88A484CD3D0205974
:10960000D068A8B9DEBF85C4B9DFBF85C520C30057
:109610004C06CFA0FF2CA000842620A9D2A5D345BC
:10962000268524A5D44526852520D5DE20A9D2A5CA
:10963000D4452625254526A8A5D3452625244526F7
:109640004C99D42009CFB013A5DD097F25D985D940
:10965000A9D8A000204CDFAA4C5ED1A9008528C65D
:10966000BC20D0D785D086D184D2A5DBA4DC20D481
:10967000D786DB84DCAA38E5D0F008A9019004A6DF
:10968000D0A9FF85D5A0FFE8C8CAD007A6D5300F5E
:1096900018900CB1DBD1D1F0EFA2FFB002A201E82B
:1096A0008A2A252DF002A9FF4C24DF2065D0AA20AC
:1096B0008DD120E800D0F460A20020E80086278544
:1096C000B420E8002016D2B0034C70D0A200862847
:1096D000862920E20090052016D2900BAA20E200F5
:1096E00090FB2016D2B0F6C924D006A9FF8528D059
:1096F00010C925D013A52B30D0A980852905B485A4
:10970000B48A0980AA20E20086B538052BE928D062
:10971000034CBBD2242B70F9A900852BA59CA69DD8
:10972000A00086CF85CEE49FD004C59EF024A5B4CA
:10973000D1CED008A5B5C8D1CEF06C8818A5CE6919
:109740000790E1E8D0DCC9419007E95B38E9A5B0B2
:1097500000606848C97ED00DBABD0201C9D0D005ED
:10976000A907A0E260A59EA49F85CE84CFA5A0A452
:10977000A185C984CA1869079001C885C784C82013
:10978000F4C3A5C7A4C8C8859E849FA000A5B491B2
:10979000CEC8A5B591CEA900C891CEC891CEC8912A
:1097A000CEC891CEC891CEA5CE186902A4CF9001A3
:1097B000C885B684B760A5260A690565CEA4CF9092
:1097C00001C885C784C860908000000020E20020A6
:1097D00017CF2006CFA5D5300DA5D0C9909009A9E7
:1097E00097A0D2204CDFD07E4C8CDFA52BD047A594
:1097F00027052948A52848A0009848A5B548A5B43C
:1098000048209CD26885B46885B568A8BABD0201B5
:1098100048BD010148A5D39D0201A5D49D0101C801
:1098200020E800C92CF0D28426205FD06885286803
:109830008529297F8527A69EA59F86CE85CFC5A190
:10984000D004E4A0F03FA000B1CEC8C5B4D006A5B6
:10985000B5D1CEF016C8B1CE1865CEAAC8B1CE65C6
:10986000CF90D7A26B2CA2354C7EC4A278A527D06E
:10987000F7A52BF00238602086D2A526A004D1CE11
:10988000D0E14CEBD3A52BF008203DE9A22A4C7E79
:10989000C42086D22044C4A900A885E1A205A5B4AD
:1098A00091CE1001CAC8A5B591CE1002CACA86E0F1
:1098B000A526C8C8C891CEA20BA9002427500868C5
:1098C000186901AA686900C891CEC88A91CE204D56
:1098D000D486E085E1A491C626D0DC65C8B05D855C
:1098E000C8A88A65C79003C8F0522044C485A084E4
:1098F000A1A900E6E1A4E0F0058891C7D0FBC6C8A5
:10990000C6E1D0F5E6C838A5A0E5CEA00291CEA567
:10991000A1C8E5CF91CEA527D062C8B1CE8526A932
:109920000085E085E1C868AA85D36885D4D1CE904A
:109930000ED006C88AD1CE90074C33D34C7CC4C815
:10994000A5E105E018F00A204DD48A65D3AA98A4B1
:109950009165D486E0C626D0CA85E1A205A5B410DB
:1099600001CAA5B51002CACA8697A9002056D48A92
:1099700065C785B69865C885B7A8A5B6608491B156
:10998000CE859788B1CE8598A91085CCA200A0007D
:109990008A0AAA982AA8B0A406E026E1900B188AA1
:1099A0006597AA986598A8B093C6CCD0E360A5281F
:1099B000F00320D0D72050D638A5A2E5A0A8A5A3B3
:1099C000E5A1A20086284C40DFA200862885D1842C
:1099D000D2A2904C2CDF20CBD88AF008AC58022CB5
:1099E000F1021002A430A900F0DFC9D9D02120E291
:1099F00000A9D42067D02053E8A533A4348522845D
:109A00002360A6A9E8D0FAA2952CA2E54C7EC4203A
:109A10000DD520D2D42062D0A980852B2088D120DA
:109A200006CF205FD0A9D42067D048A5B748A5B6F7
:109A300048A5EA48A5E948203CCA4C7DD5A9C420E0
:109A400067D00980A280862B208FD185BD84BE4C33
:109A500006CF200DD5A5BE48A5BD482059D020066B
:109A6000CF6885BD6885BEA002B1BD85B6AAC8B164
:109A7000BDF09785B7C8B1B6488810FAA4B720AD35
:109A8000DEA5EA48A5E948B1BD85E9C8B1BD85EACA
:109A9000A5B748A5B6482003CF6885BD6885BE2018
:109AA000E800F0034C70D06885E96885EAA000689A
:109AB00091BD68C891BD68C891BD68C891BD68C8AE
:109AC00091BD602006CFA00020D7E06868A9FFA064
:109AD00000F012A6D3A4D486BF84C0201ED686D19F
:109AE00084D285D060A2228624862585DE84DF8507
:109AF000D184D2A0FFC8B1DEF00CC524F004C52586
:109B0000D0F3C922F0011884D09865DE85E0A6DF85
:109B10009001E886E1A5DFD00B9820A3D5A6DEA4AE
:109B2000DF20B2D7A685E091D005A2C44C7EC4A5A3
:109B3000D09500A5D19501A5D29502A00086D38429
:109B4000D484DF8884288686E8E8E8868560462A0B
:109B50004849FF3865A2A4A3B00188C4A19011D0E0
:109B600004C5A0900B85A284A385A484A5AA6860DF
:109B7000A24DA52A30B62050D6A980852A68D0D01B
:109B8000A6A6A5A786A285A3A00084BE84BDA5A085
:109B9000A6A185CE86CFA988A20085918692C5858B
:109BA000F00520F1D6F0F7A90785C2A59CA69D85F2
:109BB000918692E49FD004C59EF00520E7D6F0F38D
:109BC00085C786C8A90385C2A5C7A6C8E4A1D007D2
:109BD000C5A0D0034C30D785918692A000B191AA40
:109BE000C8B19108C8B19165C785C7C8B19165C8AA
:109BF00085C82810D38A30D0C8B191A0000A690561
:109C0000659185919002E692A692E4C8D004C5C7FA
:109C1000F0BA20F1D6F0F3B1913035C8B1911030DF
:109C2000C8B191F02BC8B191AAC8B191C5A3900653
:109C3000D01EE4A2B01AC5CF9016D004E4CE901086
:109C400086CE85CFA591A69285BD86BEA5C285C4C8
:109C5000A5C218659185919002E692A692A0006037
:109C6000A5BE05BDF0F5A5C429044AA885C4B1BDAB
:109C700065CE85C9A5CF690085CAA5A2A6A385C75B
:109C800086C820FBC3A4C4C8A5C791BDAAE6C8A5C1
:109C9000C8C891BD4C54D6A5D448A5D3482000D0FF
:109CA0002008CF6885DE6885DFA000B1DE1871D39B
:109CB0009005A2B54C7EC420A3D520A4D7A5BFA4EF
:109CC000C020D4D720B6D7A5DEA4DF20D4D720F477
:109CD000D54C31CFA000B1DE48C8B1DEAAC8B1DE94
:109CE000A86886918492A8F00A4888B19191A498B6
:109CF000D0F8681865A485A49002E6A5602008CF76
:109D0000A5D3A4D4859184922005D808A000B19150
:109D100048C8B191AAC8B191A86828D013C4A3D0EB
:109D20000FE4A2D00B481865A285A29002E6A368B2
:109D30008691849260C487D00CC586D0088585E959
:109D4000038586A0006020CBD88A48A90120ABD526
:109D500068A00091D168684CF4D5208BD8D1BF9809
:109D60009004B1BFAA98488A4820ABD5A5BFA4C02B
:109D700020D4D768A86818659185919002E69298DA
:109D800020B6D74CF4D5208BD818F1BF49FF4C3002
:109D9000D8A9FF85D420E800C929F0062065D02085
:109DA000C8D8208BD8F04BCA8A4818A200F1BFB09F
:109DB000B649FFC5D490B1A5D4B0AD205FD068A896
:109DC0006885C4686868AA6885BF6885C0A5C448F6
:109DD0009848A0008A6020ACD84CB6D420CDD7A239
:109DE000008628A86020ACD8F008A000B191A84C4B
:109DF000B6D44C36D320E2002003CF20A2D2A6D383
:109E0000D0F0A6D44CE80020ACD8D0034CB2DBA6EE
:109E1000E9A4EA86E084E1A69186E9186591859334
:109E2000A69286EA9001E88694A000B19348A90022
:109E3000919320E80020E7DF68A0009193A6E0A4BA
:109E4000E186E984EA602003CF2022D92065D04C46
:109E5000C8D8A5D5309CA5D0C991B096208CDFA5D7
:109E6000D3A4D48433853460A53448A53348202254
:109E7000D9A000B133A86885336885344CB6D420A6
:109E800016D98AA0009133602003CF2022D9A433B1
:109E9000A634A9024CC9EE2053E8A533A434851D8D
:109EA000841E2065D02053E8A001B93300911D889D
:109EB00010F8602022D9A001B1334888B133A868D6
:109EC0004C40DF484A4A4A4A209CD968290F093049
:109ED000C93A90026906C930D004A42FF006852F34
:109EE0009D0001E8602022D9A200862FA92385FFCA
:109EF000A5342093D9A5332093D98AD006A9309DC3
:109F00000001E8A9009D00014C9BD54C70D0202198
:109F1000EC20C8D88AF006CAD0F1A9092CA908A259
:109F2000108EF802A21B488A200CDAADF802A02796
:109F3000911F88D0FB68911FCAD0EB602031F78455
:109F40002018698048851FA9BB6520852068604C62
:109F5000C2D820F6DA20C8D8E028B0F38EF8022064
:109F600065D020C8D8E01BB0E6E88A200CDA602073
:109F700062D02022DA205FD0ACF802B11FA84CB624
:109F8000D42022DA2065D02017CF2428101D20D01D
:109F9000D7AA18ADF802651F9002E620851FA00021
:109FA000E8CAF010B191911FC8D0F620CBD88AAC86
:109FB000F802911F60D017A9032037C4A5EA48A56D
:109FC000E948A5A948A5A848A98B484CC1C84C7028
:109FD000D0A9FF85B920C6C39AC98BF005A2F54C5C
:109FE0007EC4C010D00584D098D00620E800201789
:109FF000CF68A5D0F00568686868606885A868853E
:10A00000A96885E96885EA4C8CDA2078EB08481065
:10A0100003A9012CA90020ABD568281004A0009149
:10A02000D168684CF4D5ADC0022901F005A2A34C5B
:10A030007EC46060A905A0E24C22DB2051DDA5D5DD
:10A0400049FF85D545DD85DEA5D04C25DB2054DCD8
:10A05000903C2051DDD0034CD5DEA6DF86C5A2D8CA
:10A06000A5D8A8F0CE38E5D0F024901284D0A4DD95
:10A0700084D549FF6900A00084C5A2D0D004A00007
:10A0800084DFC9F930C7A8A5DF5601206BDC24DEC8
:10A090001057A0D0E0D8F002A0D83849FF65C58598
:10A0A000DFB90400F50485D4B90300F50385D3B9FD
:10A0B0000200F50285D2B90100F50185D1B0032077
:10A0C00002DCA0009818A6D1D04AA6D286D1A6D389
:10A0D00086D2A6D486D3A6DF86D484DF6908C928B1
:10A0E000D0E4A90085D085D56065C585DFA5D46598
:10A0F000DC85D4A5D365DB85D3A5D265DA85D2A569
:10A10000D165D985D14CF1DB690106DF26D426D390
:10A1100026D226D110F238E5D0B0C749FF690185B3
:10A12000D0900EE6D0F04266D166D266D366D46691
:10A13000DF60A5D549FF85D5A5D149FF85D1A5D239
:10A1400049FF85D2A5D349FF85D3A5D449FF85D43E
:10A15000A5DF49FF85DFE6DFD00EE6D4D00AE6D3DF
:10A16000D006E6D2D002E6D160A2454C7EC4A294CD
:10A17000B40484DFB4039404B4029403B4019402DD
:10A18000A4D79401690830E8F0E6E908A8A5DFB093
:10A190001416019002F601760176017602760376B6
:10A1A000046AC8D0EC186082135D8DDE82490FDA34
:10A1B0009E8100000000037F5E56CB7980139B0BCD
:10A1C0006480763893168238AA3B20803504F334B5
:10A1D000813504F334808000000080317217F8204C
:10A1E00013DFF00210034C36D3A5D0E97F48A980D5
:10A1F00085D0A99BA0DC2022DBA9A0A0DC20E4DD87
:10A20000A981A0DC200BDBA986A0DC20FDE2A9A5AA
:10A21000A0DC2022DB682076E0A9AAA0DC2051DDAA
:10A22000D0034C50DD207CDDA9008595859685976F
:10A230008598A5DF201EDDA5D4201EDDA5D3201E18
:10A24000DDA5D2201EDDA5D12023DD4C64DED003A8
:10A250004C3EDC4A0980A8901918A59865DC8598C1
:10A26000A59765DB8597A59665DA8596A59565D949
:10A270008595669566966697669866DF984AD0D605
:10A280006085918492A004B19185DC88B19185DBD1
:10A2900088B19185DA88B19185DD45D585DEA5DD6A
:10A2A000098085D988B19185D8A5D060A5D8F01F3F
:10A2B0001865D09004301D182C1014698085D0D0FA
:10A2C000034CB6DBA5DE85D560A5D549FF30056812
:10A2D000684CB2DB4C39DC20E5DEAAF010186902CC
:10A2E000B0F2A20086DE2032DBE6D0F0E760842008
:10A2F00000000020E5DEA9BEA0DDA20086DE207BF6
:10A30000DE4CE7DD20AFDC20E5DEA977A0DC207B9A
:10A31000DE4CE7DD2051DDF07620F4DEA90038E5E3
:10A32000D085D0207CDDE6D0F0AAA2FCA901A4D97A
:10A33000C4D1D010A4DAC4D2D00AA4DBC4D3D004D0
:10A34000A4DCC4D4082A9009E89598F0321034A906
:10A350000128B00E06DC26DB26DA26D9B0E630CEA0
:10A3600010E2A8A5DCE5D485DCA5DBE5D385DBA57B
:10A37000DAE5D285DAA5D9E5D185D9984C24DEA9CC
:10A3800040D0CE0A0A0A0A0A0A85DF284C64DEA2F7
:10A39000854C7EC4A59585D1A59685D2A59785D3F4
:10A3A000A59885D44C92DBA97CA0DC85918492A0F1
:10A3B00004B19185D488B19185D388B19185D28833
:10A3C000B19185D5098085D188B19185D084DF6030
:10A3D000A2CB2CA2C6A000F004A6B8A4B920F4DE3B
:10A3E00086918492A004A5D4919188A5D391918857
:10A3F000A5D2919188A5D5097F25D1919188A5D025
:10A40000919184DF60A5DD85D5A205B5D795CFCA2A
:10A41000D0F986DF6020F4DEA206B5CF95D7CAD08A
:10A42000F986DF60A5D0F0FB06DF90F7202ADCD0AC
:10A43000F24CF3DB20A9D246D4B004A900F015A950
:10A44000FF3011A5D0F009A5D52AA9FFB002A901B6
:10A45000602013DF85D1A90085D2A288A5D149FF4C
:10A460002AA90085D485D386D085DF85D54C8DDBA0
:10A4700085D184D2A29038B0E846D5608593849483
:10A48000A000B193C8AAF0BBB19345D530B9E4D0D0
:10A49000D021B1930980C5D1D019C8B193C5D2D00C
:10A4A00012C8B193C5D3D00BC8A97FC5DFB193E55E
:10A4B000D4F028A5D5900249FF4C19DFA5D0F04A69
:10A4C00038E9A024D51009AAA9FF85D72008DC8A7D
:10A4D000A2D0C9F910062054DC84D760A8A5D529DC
:10A4E0008046D105D185D1206BDC84D760A5D0C949
:10A4F000A0B020208CDF84DFA5D584D549802AA98F
:10A50000A085D0A5D485244C8DDB85D185D285D37B
:10A5100085D4A8604C81E9A000A20A94CCCA10FBA3
:10A520009013C923F0EEC92DD00486D6F004C92BB0
:10A53000D00520E200905BC92EF02EC945D0302016
:10A54000E2009017C9CDF00EC92DF00AC9CCF00871
:10A55000C92BF004D00766CF20E200905C24CF1016
:10A560000EA90038E5CD4C41E066CE24CE50C3A5FF
:10A57000CD38E5CC85CDF012100920C3DDE6CDD075
:10A58000F9F00720A7DDC6CDD0F9A5D63001604C83
:10A5900071E24824CE1002E6CC20A7DD6838E9300D
:10A5A0002076E04C02E04820E5DE682024DFA5DDCF
:10A5B00045D585DEA6D04C25DBA5CDC90A9009A9D5
:10A5C0006424CF30114C39DC0A0A1865CD0A18A072
:10A5D0000071E938E93085CD4C28E09B3EBC1FFD79
:10A5E0009E6E6B27FD9E6E6B2800A9ADA0C320D286
:10A5F000E0A5A9A6A885D186D2A290382031DF2077
:10A60000D5E04CB0CCA001A92024D51002A92D99E9
:10A61000FF0085D584E0C8A930A6D0D0034CF8E16E
:10A62000A900E080F002B009A9B5A0E020EDDCA906
:10A63000F785CCA9B0A0E0204CDFF01E1012A9AB2A
:10A64000A0E0204CDFF002100E20A7DDC6CCD0EE3B
:10A6500020C3DDE6CCD0DC2004DB208CDFA201A50A
:10A66000CC18690A3009C90BB00669FFAAA90238DB
:10A67000E90285CD86CC8AF0021013A4E0A92EC889
:10A6800099FF008AF006A930C899FF0084E0A00075
:10A69000A280A5D418790DE285D4A5D3790CE285E2
:10A6A000D3A5D2790BE285D2A5D1790AE285D1E88A
:10A6B000B00410DE300230DA8A900449FF690A697A
:10A6C0002FC8C8C8C884B6A4E0C8AA297F99FF00CB
:10A6D000C6CCD006A92EC899FF0084E0A4B68A494A
:10A6E000FF2980AAC024D0AAA4E0B9FF0088C930FD
:10A6F000F0F8C92EF001C8A92BA6CDF02E1008A99C
:10A700000038E5CDAAA92D990101A9459900018A32
:10A71000A22F38E8E90AB0FB693A9903018A990245
:10A7200001A900990401F00899FF00A9009900010E
:10A73000A900A001608000000000FA0A1F00009834
:10A740009680FFF0BDC0000186A0FFFFD8F000009A
:10A7500003E8FFFFFF9C0000000AFFFFFFFF20E56A
:10A76000DEA905A0E2207BDEF070A5D8D0034CB4B2
:10A77000DBA2BDA00020ADDEA5DD100F20BDDFA94E
:10A78000BDA000204CDFD00398A42420D7DE984839
:10A7900020AFDCA9BDA00020EDDC20AAE2684A9031
:10A7A0000AA5D0F006A5D549FF85D5608138AA3B1A
:10A7B00029077134583E5674167EB31B772FEEE38B
:10A7C000857A1D841C2A7C6359580A7E75FDE7C66C
:10A7D00080317218108100000000A97CA0E220EDF9
:10A7E000DCA5DF6950900320FCDE85C520E8DEA5EE
:10A7F000D0C98890032099DD20BDDFA52418698188
:10A80000F0F338E90148A205B5D8B4D095D094D872
:10A81000CA10F5A5C585DF200EDB2071E2A981A055
:10A82000E22013E3A90085DE68207EDD6085E084F8
:10A83000E120A3DEA9C620EDDC2017E3A9C6A00015
:10A840004CEDDC85E084E120A0DEB1E085D6A4E01B
:10A85000C898D002E6E185E0A4E120EDDCA5E0A403
:10A86000E11869059001C885E084E12022DBA9CBCD
:10A87000A000C6D6D0E4609835447A6828B1462056
:10A8800013DFAA3018A9FAA000207BDE8AF0E7A91E
:10A8900047A0E320EDDCA94BA0E32022DBA6D4A552
:10A8A000D185D486D1A90085D5A5D085DFA980859D
:10A8B000D02092DBA2FAA0004CADDEA907A0E420D4
:10A8C00022DB20E5DEA90CA0E4A6DD20CCDD20E51E
:10A8D000DE20BDDFA90085DE200EDBA911A0E4206B
:10A8E0000BDBA5D548100D2004DBA5D53009A52D1F
:10A8F00049FF852D2071E2A911A0E42022DB681018
:10A90000032071E2A916A0E44CFDE220A3DEA90019
:10A91000852D2092E3A2BDA0002088E3A9C6A00057
:10A92000207BDEA90085D5A52D2003E4A9BDA000CC
:10A930004CE4DD484CC4E381490FDAA283490FDAC5
:10A94000A27F000000000584E61A2D1B862807FB65
:10A95000F88799688901872335DFE186A55DE728B7
:10A9600083490FDAA2A154468F138F524389CDA594
:10A97000D54810032071E2A5D048C9819007A9816C
:10A98000A0DC20E4DDA96FA0E420FDE268C981908D
:10A9900007A907A0E4200BDB6810034C71E2600BF1
:10A9A00076B383BDD3791EF4A6F57B83FCB0107C0F
:10A9B0000C1F67CA7CDE53CBC17D1464704C7DB71D
:10A9C000EA517A7D6330887E7E9244993A7E4CCCFF
:10A9D00091C77FAAAAAA1381000000002035E720B2
:10A9E000C9E6C924D0F98EB102A20920C9E69DA703
:10A9F00002CAD0F720C9E6F00AE010B0F79D930232
:10AA0000E8D0F19D93022094E52090E78AD0CD60B4
:10AA1000ADA902ACAA0285338434A00020C9E6AEF9
:10AA20005B02D00591334C05E5D133F008EE5C02B2
:10AA3000D003EE5D02206CE590E260100753656183
:10AA4000726368696E67202E2E0010074C6F616478
:10AA5000696E67202E2E000A0D4572726F72732088
:10AA6000666F756E640D0A001007466F756E642080
:10AA70002E2E001007566572696679696E67202E62
:10AA80002E0020566572696679206572726F727346
:10AA90002064657465637465640D0A00A533CDABED
:10AAA00002A534EDAC02E633D002E63460A90BA077
:10AAB000E520EAE560A945A0E620EAE5A97FA00235
:10AAC00020B6E560A938A0E54CABE5AD5B02D00748
:10AAD000A91AA0E54CABE5A943A0E520EAE5A993B6
:10AAE000A00220B6E5602065F8E8A0008C5F02AD0A
:10AAF000AE02F013C82CAE02300DC82CAF023007E6
:10AB0000C82CB0023001C8B9E5E58D5E02A95EA08F
:10AB1000022065F860424353495220F5E5A2002027
:10AB200065F8E8E86048AD1F02D00AA222A9109D8E
:10AB300080BBCA10FA6860205AE7A924205EE6A20A
:10AB400009BDA702205EE6CAD0F7BD7F02F006204D
:10AB50005EE6E8D0F5205EE6A200CAD0FD60ADA9B1
:10AB600002ACAA0285338434A000B133205EE62013
:10AB70006CE590F6601007536176696E67202E2EA3
:10AB800000ADB102F007A927A0E520B0CC60852F69
:10AB90008A48984820C0E618A009A900F006462F68
:10ABA00008690028208BE688D0F449014AA00420D7
:10ABB0008BE63888D0F968A868AA604808AD4D02CD
:10ABC000D00A3820B2E62820B2E6686020B2E6A2B9
:10ABD0000F28B002A20720ABE6686020C0E6CAD00A
:10ABE000FA60A9D0A200B0020AE88D06038E07031E
:10ABF000AD04032C0D0350FB6098488A48201CE7E5
:10AC0000201CE7B0FB20FFE6B016A900A00820FC3E
:10AC1000E608662F28690088D0F420FCE6E9004A9F
:10AC200090032EB10268AA68A8A52F60201CE748EF
:10AC3000AD4D02F015201CE7A2029002A206A90069
:10AC4000201CE76900CAD0F8C904686048AD000359
:10AC5000AD0D032910F0F9AD090348A9FF8D0903D3
:10AC600068C9FE686020FCE6662FA916C52FD0F5DE
:10AC7000AD4D02F008201CE7201CE7B0FBA203202A
:10AC8000C9E6C916D0DFCAD0F660A202A003A91691
:10AC9000205EE688D0F8CAD0F560201AEEA00678CB
:10ACA000BE82E7B989E79D00038810F4A9408D00B2
:10ACB000036005040B020C080E00D0C0FF10F47FE7
:10ACC000A000A200AD7F02F015B97F02D99302F077
:10ACD00001E8999302C8C011B0044868D0EB604CF9
:10ACE00070D0A9008D4D028DAD028DAE028D5B023C
:10ACF0008D5A028D5C028D5D028DB1022017CF242A
:10AD00002810DC20D0D7AAA000E8CAF00AB1919997
:10AD10007F02C8C010D0F3A900997F0220E800F09C
:10AD200061C92CD0BA20E200F058C92CF0F7C9C78D
:10AD3000D0058DAD02B0EEC953D0058D4D02B0E502
:10AD4000C956D0058D5B02B0DCC94AD0058D5A02C8
:10AD5000B0D3C941F004C945D047850E20E200A216
:10AD6000808EAE022053E8A533A434A60EE041D075
:10AD7000088DA9028CAA02B0A38DAB028CAC024C48
:10AD8000ECE7602003CF2022D918600820B2E7AD9D
:10AD9000AD020DAE02D00AAD5A02F008AD5B02F072
:10ADA000034C70D0206AE7207DE520ACE42CAE0295
:10ADB00070F8AD5A02F02CADAE02D0EEA59CA49D69
:10ADC00038E902B001888DA9028CAA0238E59AAA56
:10ADD00098E59BA8188A6DAB028DAB02986DAC020A
:10ADE0008DAC02209BE520E0E4203DE928AD5B022C
:10ADF000F011AE5C02AD5D0220C5E0A952A0E520D5
:10AE0000B0CC602051E6ADAE02F00EADAD02F00860
:10AE1000ADB102EAEA6CA90260AEAB02ADAC02864B
:10AE20009C859D205FC5ADAD02F008ADB102EAEA98
:10AE30004C08C72008C74CA8C4A59AA49B8DA9029A
:10AE40008CAA02A59CA49D8DAB028CAC020820B2FA
:10AE5000E7AD5A020D5B02F0034C70D0206AE72088
:10AE600085E52007E6202EE6203DE9286020F5E56F
:10AE700020AAF94CE0ED2053E86C3300A200860CC8
:10AE8000860DF013A2030A0A0A0A0A260C260D9060
:10AE9000034C39DCCA10F320E200C980B00E0980EF
:10AEA00049B0C90A90DE6988C9FAB0D8A50DA40CCA
:10AEB00060204CE94C40DF082057EAA9408DAE02E3
:10AEC000A5288DAF02A5298DB0022085E52007E6D3
:10AED000209EEA202EE624281022A000B10CF017B4
:10AEE000AAA002B10C99D00088D0F8E8CAF008B145
:10AEF000D1205EE6C8D0F52042EA90DE203DE92868
:10AF0000602050D6082057EA207DE520ACE42CAE26
:10AF10000250F8ADAF024528D0F1ADB0024529D0BE
:10AF2000EA209BE5A002B1CECDA902C8B1CEEDAA20
:10AF300002B006203DE94C7CC4209EEA20E0E424D7
:10AF4000281027A000B10CF01C20ABD5A000AAE867
:10AF5000CAF00820C9E691D1C8D0F5A002B9D00046
:10AF6000910C88D0F82042EA90D9203DE92051E6A2
:10AF7000286018A903650C850C9002E60DA8A50DA4
:10AF8000CCAB02EDAC0260A940852B2088D1A90092
:10AF9000852BA003B1CE8DAA0288B1CE8DA902D097
:10AFA00003CEAA02CEA9022065D0A52948A528482B
:10AFB00020B2E7688528688529AD5B020DAD020DDA
:10AFC000AE020D5A02F0034C70D0206AE76018A55B
:10AFD000CE6DA9028DAB02A5CF6DAA028DAC02A0E9
:10AFE00004B1CE2088D28DA9028CAA02850C840DD2
:10AFF000603FFB17FCCFFBC7F0FCF00FF17EF31CAA
:10B00000F167F22CF103F20FF203040403030302CD
:10B010000103030101000000000101000000000025
:10B02000ADC0022901D005A2A34C7EC4C04EB0031E
:10B030004C70D0C066B0F99838E94EA8B9C2EA4859
:10B04000B9C1EA48984AA8B9D9EA48B9E5EA8DC32E
:10B0500002A9008DF0022003CFADC302D00620224A
:10B06000D94C3BEBA5D0C990202AD9ACF002A5332E
:10B0700099E102A53499E202C8C88CF00268A88858
:10B08000F00898482065D04C26EBA9008DE00268B6
:10B09000AA68A8A9EB48A96D4898488A4860A90100
:10B0A0002CE002F0F84C36D3ADDF02100B08297FFC
:10B0B00048A9008DDF02682860C49DB0023860D0C6
:10B0C00006C59C90F9F0F720B5EB90F2AAADC0024E
:10B0D0002902088A28D0E6984838E91CA88A20B5B1
:10B0E000EB68A88A60CCC2029002F00160CDC10278
:10B0F00060ACC202ADC102D0018838E90160200312
:10B10000CF2022D9A533A4342089EB90034C7CC4F2
:10B1100085A684A74C0FC7AD6002D0F1ADC0024830
:10B120002901F005A2A34C7EC46829FD8DC0022030
:10B13000C1EB489818691CA8684CE0EB20C1EB20D3
:10B1400089EBB0C948ADC00209028DC002684CE06D
:10B15000EBADC002A82901F0099829FE8DC002209C
:10B1600067F960ADC002482902F0B96809018DC0D5
:10B17000022020F9602062D02017CFA53448A533E3
:10B18000482022D9A5338DE102A5348DE2026885DD
:10B19000336885342065D02017CFA53448A53348BF
:10B1A0002022D9A5348DE402A5338DE302688533CE
:10B1B00068853420C8F1ACE102ADE0022901D00974
:10B1C000ADE2022099D44C5FD04CC2D8E6E9D0025F
:10B1D000E6EAAD60EAC920F0F320B9EC602C60EA41
:10B1E0002C60EA60804FC75258C9C8F00EC927F0DA
:10B1F0000AC93AB00638E93038E9D060D8A2FF86EB
:10B20000A99AA9CCA0EC851B841CA94C851A85C3DE
:10B2100085218DFB02A936A0D3852284238DFC02D3
:10B220008CFD028DF5028CF602A21CBD9BEC95E113
:10B23000CAD0F8A90385C28A85D78587852F488516
:10B240002E8DF202A2888685A8A9028DC002A928A7
:10B250008D5702A9508D5602A90085308D58028D58
:10B260005902203EC820CECCA996A0ED20B0CC201B
:10B27000F0CBA200A005869A849BA00098919AE644
:10B280009AD002E69B20F0C6A59AA49B2044C42035
:10B29000F0CBA5A638E59AAAA5A7E59B20C5E0A90D
:10B2A00088A0ED20B0CCA9B0A0CC851B841CA9102F
:10B2B0008DF8024CA8C40000204259544553204642
:10B2C0005245450A0D004F52494320455854454EBA
:10B2D0004445442042415349432056312E310D0A02
:10B2E0006020313938332054414E474552494E454C
:10B2F0000D0A0000A200A000C410D004E411F00F59
:10B30000B10C910EC8D0F1E60DE60FE84CC8ED6027
:10B3100048208CEEA900A200A00320ABEEA901A05A
:10B320001920ABEEA9008D7102AD0B03297F0940F6
:10B330008D0B03A9C08D0E03A9108D06038D040388
:10B34000A9278D07038D0503686048A9408D0E036A
:10B35000686048AD0D032940F0068D0D032034EEE2
:10B36000684C4A02488A489848A000B9720238E9F5
:10B3700001997202C8B97202E900997202C8C00646
:10B38000D0E9A900209DEEC000D010A200A00320AB
:10B39000ABEE2095F48A10038EDF02A901209DEE0A
:10B3A000C000D012A200A01920ABEEAD710249017D
:10B3B0008D71022001F868A868AA6860489848A0C2
:10B3C00005A9009972028810FA68A86860480AA85E
:10B3D00078B97202BE730258A86860488A489848D3
:10B3E000BABD03010AA8684878997202BD020199A2
:10B3F00073025868A868AA686020ABEE209DEEC072
:10B4000000D0F9E000D0F560AD13028D14024E12A9
:10B41000026E12026E12026048984820DEEE204949
:10B42000F02024F068A86860D820D8EE2CE2021042
:10B430000AA9FF4DE102AAE88EE1022CE402100AFB
:10B44000A9FF4DE302AAE88EE302ADE102CDE302DB
:10B45000900FAEE102F009ADE3022040EF2084EF4F
:10B4600060AEE302F009ADE1022040EF205CEF6046
:10B47000850D8E0002A900850C8D010220C8EF20E9
:10B48000FAEFA900850E850F8D0002602CE40210F2
:10B49000062095F04C6AEF2089F020ACEFF00E2CDE
:10B4A000E202100620B2F04C7DEF20A1F02016F051
:10B4B000CAD0D9602CE202100620B2F04C92EF20E4
:10B4C000A1F020ACEFF00E2CE40210062095F04C19
:10B4D000A5EF2089F02016F0CAD0D960D818A50EA3
:10B4E000650C850EA50F650D850F240E10031869D8
:10B4F00001CD00028D000260488A489848A9008565
:10B500000E850FA210060C260D260E260FA50E384E
:10B51000ED0002A8A50FED01029006E60C840E8551
:10B520000FCAD0E168A868AA6860480E00022E0120
:10B5300002AD000238E50EAD0102E50FB006E60CE3
:10B54000D002E60D68602C14021810042024F03894
:10B550002E140260A000B1102940F01CAD15022C81
:10B560001202300E700749FF3110911060111091D6
:10B57000106070045110911060D84898482031F73D
:10B5800018690085109869A08511A900850D8D01A5
:10B5900002860CA9068D000220C8EF18A50C6510C4
:10B5A0008510A90065118511A920A40EF0044A8810
:10B5B00090FA8D150268A8686018A5106928851092
:10B5C0009002E6116038A510E9288510B002C61176
:10B5D000604E1502900BA9208D1502E610D002E6F0
:10B5E00011600E15022C1502500DA9018D1502A532
:10B5F00010D002C611C61060A904A2E520F8F2B06E
:10B6000028ADE5028D1202A9F0A2E120F8F2B019EE
:10B61000A9C8A2E320F8F2B010AEE1028E1902AC84
:10B62000E3028C1A0220E8EE60EEE00260200AF3EA
:10B63000B00AAE1902AC1A0220E8EE60EEE0026039
:10B64000200AF3B00420F8EE60EEE00260AEE20201
:10B65000D007AEE1028E130260EEE00260AEE202BD
:10B66000D03BAEE102E0209034E080B030A902A2ED
:10B67000E320F8F2B027A904A2E520F8F2B01EAD4D
:10B680001902C9EBB017AD1A02C9C1B0102071F18F
:10B69000209BF1AE1902AC1A022049F060EEE002E4
:10B6A00060D8ADE5028D120220DEEEADE102850C20
:10B6B000A900850DA203060C260DCAD0F9ADE30240
:10B6C0000A0A18699818650D850D60D8A000840FC6
:10B6D000B10C850E205DF3260E260EA206260E90D6
:10B6E000032024F020A1F0CAD0F3206EF32089F0CB
:10B6F000A40FC8C008D0D760A9F0A2E120F8F2B02A
:10B700002FA9C8A2E320F8F2B026AEE1028E1902FA
:10B71000ACE3028C1A022049F0A000B1102D1502F2
:10B72000F005A9FF4CF9F1A9008DE1028DE202605C
:10B73000EEE00260A910850CA900850D201CF260C6
:10B74000A900850CA901850D201CF260A908A2E1C1
:10B7500020F8F2B03F205DF3ADE102050C8D02024E
:10B76000AE1F02D012A60D9D6B02A9A818650DAAE6
:10B77000A0BBA91B4C51F2A90018650DAAA0A0A955
:10B78000C88D000286108411A9018D010220CDF21E
:10B79000206EF360EEE00260D8ADE3028D0102F0AE
:10B7A00058A000AD190238E9069004C84C76F2980A
:10B7B000186DE302A8ADE4026900D03DC029B0399C
:10B7C000ADE602D034ADE1028D0002F02C186D1A06
:10B7D00002A8ADE2026900D020C0C9B01CC0C8D028
:10B7E00002A0008C1A02ADE5028D020220CDF2AC5F
:10B7F0001A02AE19022049F060EEE00260D8AD02F4
:10B8000002A0009110C8CC0102D0F82089F0CE002F
:10B8100002D0EB608D0402BD0102D00ABD0002F02F
:10B8200005CD0402900138608D0402BD0102D008EC
:10B83000BD0002CD040290013860A904A2E520F801
:10B84000F2B04918ADE1026D19028D0002ADE202BD
:10B8500069008D0102A200A9F020F8F2B02E18AD07
:10B86000E3026D1A028D0202ADE40269008D03024B
:10B87000A202A9C820F8F2B013ADE5028D1202AD04
:10B8800000028D1902AD02028D1A021860A5108DFA
:10B890001602A5118D1702AD15028D180260AD16A6
:10B8A000028510AD17028511AD18028D150260D802
:10B8B000ADE202D03DADE102F038AD1902CDE102BA
:10B8C0009030186DE102C9F0B028AD1A02CDE10246
:10B8D0009020186DE102C9C8B018A2E3A90420F8AD
:10B8E000F2B00FADE3028D120220D8EE20C6F34C69
:10B8F000C5F3EEE00260205DF3AD1A0238EDE1021F
:10B90000A8AE19022049F0ADE102850F2085F4A907
:10B91000808D1B028D1D02A9008D1C02ADE1028DE0
:10B920001E02A900850F2014F42044F4A50FF00393
:10B930002016F0AD1C02D0EAAD1E02CDE102D0E22D
:10B94000206EF360AD1D02AE1E022074F4A50C182B
:10B950006D1B028D1B02AD1C02850C650D8D1C023A
:10B96000C50CF00FB00620A1F04C3FF420B2F0A9B6
:10B9700001850F60AD1B02AE1C022074F438AD1DB2
:10B9800002E50C8D1D02AD1E02850CE50D8D1E021B
:10B99000C50CF00FB0062089F04C6FF42095F0A98B
:10B9A00001850F60850C860DA60EA50D2A660D6615
:10B9B0000CCAD0F660E60FA900850EA9010AE60EB2
:10B9C000C50F90F96048089848D8AD0802101E29A4
:10B9D000878D1002AE0A022061F5CD1002D00ECE86
:10B9E0000E02D033AD4F028D0E024CC6F4AD4E02A6
:10B9F0008D0E022023F520EFF4AA101D48AD6A0237
:10BA00002908D00F6848C9A090062014FB4CE3F425
:10BA1000202AFB684CE9F4A900AA68A8286860AD50
:10BA20000902A8A900C0A4F004C0A7D00318694067
:10BA3000186D0802101C297FAABD78FF2D0C02107A
:10BA40000338E920297FC0A2D006C9403002291F4F
:10BA5000098060A9388D0D028D08028D0902A97F29
:10BA6000486848AAA9072061F50D0D021012A2002E
:10BA7000A020CC0D02D001E89D080268489D0A0272
:10BA800038686A4838AD0D02E9088D0D0210D26899
:10BA90006048A90E2090F5682907AA8D110209B8FF
:10BAA0008D0003A00488D0FDAD00032908D00DCA85
:10BAB0008A2907AACD1102D0E5A900608A09806011
:10BAC00008788D0F03A88AC007D002094048AD0C42
:10BAD0000309EE8D0C03291109CC8D0C03AA688D86
:10BAE0000F038A09EC8D0C03291109CC8D0C032856
:10BAF0006008788D0103AD000329EF8D0003AD00D0
:10BB00000309108D000328AD0D032902F0F9AD0DD6
:10BB10000360CFCFCFCFA3CFA6CC0027340F669939
:10BB200060CFA7B3CFA8BECFCFCFCFCFA5A5CFA48F
:10BB300084CF291FAABDE2F518692F8D6102A900E3
:10BB400069F68D6202AD6A024829FE8D6A02682993
:10BB5000018D5102A9002001F838A9006C6102CEC4
:10BB60006902300520D7F7D040A9278D6902AD685A
:10BB700002C901F034CE680238A512E9288512B056
:10BB800002C6134CFEF6EE6902A227EC69021019F8
:10BB9000200DF7AD6802CD7E02F011EE680218A507
:10BBA00012692885129002E6134CFEF6205DF3A27E
:10BBB00006BD7702950BCAD0F820C4ED206EF320A5
:10BBC0001AF74CFEF6AE7E02AD7A028512AD7B020C
:10BBD0008513201AF718A512692885129002E6131A
:10BBE000CAD0EF200DF7A9018D6802AD7A02851247
:10BBF000AD7B0285134CFEF6200DF78E53024CFEF2
:10BC0000F62A2A2A2A2A2A2A2A4D6A028D6A024CF0
:10BC1000FEF6AD510249018D51024CFEF6AD0C020B
:10BC200049808D0C02205AF74CFEF6209FFAAD6A2F
:10BC3000020D51028D6A02A9012001F860A20020C4
:10BC4000DEF7D002E8E88E690260A027A9209112F1
:10BC50008810FBA000AD6B029112AD6C02C891126E
:10BC600060A0008C63028D64020A2E63020A2E63B8
:10BC700002186D64029003EE63020A2E63020A2E1C
:10BC800063020A2E6302AC630260AD0C021007A9C6
:10BC900070A0F74C6AF7A976A0F7A2232065F86098
:10BCA00007434150530007202020200048089848AF
:10BCB0008A48D8E013F046E014F042E006F03EADCA
:10BCC0006A022902F03A8AC9209032AD6A0229102C
:10BCD000F0138A38E9403009291F20E4F7A91BD066
:10BCE0001CA92010F5E07FF008684820E4F74CD04C
:10BCF000F7A9082002F6A92020E4F7A9082002F6F7
:10BD000068AA68A8286860AD690229FED005AD6AF6
:10BD10000229206048AC690291122C6A02500BADD6
:10BD20006902186928A868489112A9092002F668D2
:10BD3000602D6A024A6A8D6502AC6902B112297FE0
:10BD40000D6502911260A900850CA9B9850DA900A5
:10BD5000202DF8A0BA840DA920202DF860A000485D
:10BD60002054F8910CC868482052F868482050F8D0
:10BD7000910CC8C000F007681869014C2FF8686082
:10BD80004A4A4A4A2903AABD61F8910CC8910CC8D5
:10BD9000600038073F850C840DAD1F02D00DA00058
:10BDA000B10CF0079D80BBE8C8D0F5604C7CF74C27
:10BDB00078EB4CC1F54C65F84C22EE4CB2F840A241
:10BDC000FF9A58D8A212BD7CF89D3802CA10F7A974
:10BDD000208D4E02A9048D4F022014FA20B8F84C91
:10BDE000CCEC20B8F84C71C420AAF9A907A24020D5
:10BDF00090F520E0ED200EF9A9FF8D0C0220C9F985
:10BE0000A2052082F92016F8205AF760488A48A92E
:10BE1000018D1F02A9BF8D7B028D7902A9688D7AE1
:10BE200002A9908D7802A9038D7E02A9008D7D0262
:10BE3000A9508D7C02A20C20380268AA686048A92B
:10BE4000038D6A02A9008D6C02A9178D6B026860D0
:10BE500048AD1F02D005A20B2082F9A9FE2D6A026F
:10BE60008D6A02A91E8DDFBFA9408D00A0A21720F8
:10BE700082F9A9008D19028D1A028510A9A08511D9
:10BE8000A9208D1502A9FF8D130220DCF8A9010D50
:10BE90006A028D6A02686048A9FE2D6A028D6A02F4
:10BEA000A2112082F920C9F9A9010D6A028D6A0246
:10BEB0006860A006BD92F9990B00CA88D0F620C42C
:10BEC000ED6078FC00B5000300B40098800700988E
:10BED00000B4800700A001A03F1FA9FF8D0303A9A4
:10BEE000F78D0203A9B78D0003A9DD8D0C03A97F8F
:10BEF0008D0E03A9008D0B0360A91A2007FAA92053
:10BF0000A028997FBB88D0FAA9008D1F02A9BB8DFC
:10BF10007B028D7902A9A88D7A02A9D08D7802A919
:10BF20001B8D7E02A9048D7D02A9108D7C02A20CBE
:10BF3000203802205AF7608DDFBFA902A200A003BB
:10BF400020C9EE60A0008C60028C20028C00058469
:10BF50000E88840C8C0045AD0005D004A9C0D00526
:10BF6000EE2002A940850FC8A903850DE60CD0027A
:10BF7000E60DA50CC50ED006A50DC50FF00FA9AA9C
:10BF8000910CD10CD0074A910CD10CF0DF38A50FE1
:10BF9000E928850FA50EC50CA50FE50D9009A50C88
:10BFA000A40DEE6002D004A50EA40F85A684A78D73
:10BFB000C1028CC20260087886148415A000B114F6
:10BFC000AA98482090F568A8C8C00ED0F12860A2B1
:10BFD000A7A0FA2086FA60180000000000003E10BA
:10BFE0000000000F00A2BDA0FA2086FA6000000049
:10BFF0000000000F07101010000800A2D3A0FA20C4
:10C0000086FA600000000000001F071010100018E2
:10C0100000A206A0FB2086FAA900AA8A48A900204F
:10C0200090F5A200CAD0FD68AAE8E070D0EDA9089A
:10C03000A2002090F560000000000000003E0F000C
:10C0400000000000A21CA0FB2086FA601F00000078
:10C050000000003E1000001F0000A232A0FB20865E
:10C06000FA602F0000000000003E1000001F0000DA
:10C07000ADE102C901D022A900AEE3022090F5A9EA
:10C0800001AEE4022090F5ADE502290FD004A21024
:10C09000D001AAA9082090F560C902D022A902AE59
:10C0A000E3022090F5A903AEE4022090F5ADE5028D
:10C0B000290FD004A210D001AAA9092090F560C9C7
:10C0C00003D022A904AEE3022090F5A905AEE40254
:10C0D0002090F5ADE502290FD004A210D001AAA945
:10C0E0000A2090F560A906AEE3022090F5ADE102CA
:10C0F000C904F093C905F0B5C906F0D7EEE00260B7
:10C10000ADE3020A0A0A0DE102493FAAA9072090FD
:10C11000F518ADE7020A8DE702ADE8022A8DE802C4
:10C12000A90BAEE7022090F5A90CAEE8022090F52D
:10C13000ADE5022907A8B910FCAAA90D2090F56069
:10C14000000004080A0B0C0DA2E1A90420E4F2B0DF
:10C1500039A2E3A90820F8F2B030A2E5A90D20E445
:10C16000F2B027ACE302AEE502BD5EFC8DE402BD99
:10C170006BFC8DE302ADE7028DE5028830094EE4E9
:10C18000026EE3024C4BFC4C40FBEEE00260000709
:10C19000070606050505040404040300770BA647FB
:10C1A000EC9747FBB37030F4000000000000000083
:10C1B0000808080808000800141414000000000013
:10C1C00014143E143E141400081E281C0A3C0800D7
:10C1D0003032040810260600102828102A241A00DD
:10C1E00008080800000000000810202020100800A7
:10C1F0000804020202040800082A1C081C2A08007D
:10C200000008083E080800000000000000080810B0
:10C210000000003E000000000000000000040000DC
:10C2200000020408102000001C22262A32221C00D2
:10C230000818080808081C001C22020408103E0008
:10C240003E02040C02221C00040C14243E040400D0
:10C250003E203C0202221C000C10203C22221C002A
:10C260003E020408101010001C22221C22221C0076
:10C270001C22221E02041800000008000008000012
:10C28000000008000008081004081020100804002E
:10C2900000003E003E0000001008040204081000E8
:10C2A0001C220408080008001C222A2E2C201E0034
:10C2B000081422223E2222003C22223C22223C0060
:10C2C0001C22202020221C003C22222222223C0070
:10C2D0003E20203C20203E003E20203C202020000C
:10C2E0001E20202026221E002222223E2222220060
:10C2F0001C08080808081C000202020202221C0096
:10C3000022242830282422002020202020203E0023
:10C3100022362A2A222222002222322A2622220001
:10C320001C22222222221C003C22223C202020000F
:10C330001C2222222A241A003C22223C28242200E9
:10C340001C22201C02221C003E08080808080800C5
:10C350002222222222221C0022222222221408002F
:10C360002222222A2A362200222214081422220003
:10C3700022221408080808003E02040810203E008B
:10C380001E10101010101E000020100804020000E3
:10C390003C04040404043C0008142A0808080800AB
:10C3A0000E1010103C103E000C122D29292D120CDD
:10C3B00000001C021E221E0020203C2222223C00E3
:10C3C00000001E2020201E0002021E2222221E002B
:10C3D00000001C223E201E000C12103C1010100009
:10C3E00000001C22221E021C20203C2222222200AD
:10C3F0000800180808081C0004000C040404241891
:10C4000020202224382422001808080808081C00CC
:10C410000000362A2A2A220000003C222222220082
:10C4200000001C2222221C0000003C22223C202072
:10C4300000001E22221E020200002E3020202000BA
:10C4400000001E201C023C0010103C1010120C00BA
:10C450000000222222261A000000222222140800B4
:10C46000000022222A2A360000002214081422008A
:10C4700000002222221E021C00003E0408103E0082
:10C480000E18183018180E000808080808080808C0
:10C49000380C0C060C0C38002A152A152A152A15FA
:10C4A0003F3F3F3F3F3F3F3F37EAEDEB20F5F93855
:10C4B000EEF436392CE9E8EC35F2E23B2EEFE730CA
:10C4C000F6E6342D0BF0E52F000000000000000020
:10C4D000311BFA00087FE10DF8F1325C0A5DF300D0
:10C4E00033E4E327095BF73D264A4D4B2055592A93
:10C4F0004E545E283C49484C2552423A3E4F47290B
:10C500005646245F0B50453F00000000000000002D
:10C51000211B5A00087F410D5851407C0A7D530071
:10C5200023444322097B572BD00147028FF8440252
:10C5300070B5254B25491D68254B2648595A1A5A6E
:10C540001F2931D980241100203292B22401A24245
:10C55000A4410831224059181A521C68EFF3108088
:10C5600072B62268002AFCD0BFF35F8F174C586068
:10C570001A5B203A1A531B68BFF35F8F00221A60C0
:10C5800080F31088A023DB059C46134BAD011A688D
:10C5900065442960930111496344D96301236146CD
:10C5A00093400F4A8B5070BD002A0AD10D4A9A1849
:10C5B000117A0D4A9C182000202201F085F82100F4
:10C5C000E0E7013AF3E7C046CC2902202C0800003E
:10C5D000CCDD01202A080000EC29022038EF0120E0
:10C5E0001C040000FF070000080800000000000015
:10C5F000000000000000000000000000000000003B
:10C60000000000000000000000000000000000002A
:10C61000000000000000000000000000000000001A
:10C62000000000000000000000000000000000000A
:10C6300000000000000000000000000000000000FA
:10C6400000000000000000000000000000000000EA
:10C6500000000000000000000000000000000000DA
:10C6600000000000000000000000000000000000CA
:10C6700000000000000000000000000000000000BA
:10C6800000000000000000000000000000000000AA
:10C69000000000000000000000000000000000009A
:10C6A000000000000000000000000000000000008A
:10C6B000000000000000000000000000000000007A
:10C6C000000000000000000000000000000000006A
:10C6D000000000000000000000000000000000005A
:10C6E000000000000000000000000000000000004A
:10C6F000000000000000000000000000000000003A
:10C700000000000000000000000000000000000029
:10C710000000000000000000000000000000000019
:10C720000000000000000000000000000000000009
:10C7300000000000000000000000000000000000F9
:10C7400000000000000000000000000000000000E9
:10C7500000000000000000000000000000000000D9
:10C7600000000000000000000000000000000000C9
:10C7700000000000000000000000000000000000B9
:10C7800000000000000000000000000000000000A9
:10C790000000000000000000000000000000000099
:10C7A0000000000000000000000000000000000089
:10C7B0000000000000000000000000000000000079
:10C7C0000000000000000000000000000000000069
:10C7D0000000000000000000000000000000000059
:10C7E0000000000000000000000000000000000049
:10C7F0000000000000000000000000000000000039
:10C800000000000000000000000000000000000028
:10C810000000000000000000000000000000000018
:10C820000000000000000000000000000000000008
:10C8300000000000000000000000000000000000F8
:10C8400000000000000000000000000000000000E8
:10C8500000000000000000000000000000000000D8
:10C8600000000000000000000000000000000000C8
:10C8700000000000000000000000000000000000B8
:10C8800000000000000000000000000000000000A8
:10C890000000000000000000000000000000000098
:10C8A0000000000000000000000000000000000088
:10C8B0000000000000000000000000000000000078
:10C8C0000000000000000000000000000000000068
:10C8D0000000000000000000000000000000000058
:10C8E0000000000000000000000000000000000048
:10C8F0000000000000000000000000000000000038
:10C900000000000000000000000000000000000027
:10C910000000000000000000000000000000000017
:10C920000000000000000000000000000000000007
:10C9300000000000000000000000000000000000F7
:10C9400000000000000000000000000000000000E7
:10C9500000000000000000000000000000000000D7
:10C9600000000000000000000000000000000000C7
:10C9700000000000000000000000000000000000B7
:10C9800000000000000000000000000000000000A7
:10C990000000000000000000000000000000000097
:10C9A0000000000000000000000000000000000087
:10C9B0000000000000000000000000000000000077
:10C9C0000000000000000000000000000000000067
:10C9D0000000000000000000000000000000000057
:10C9E0000000000000000000000000000000000047
:10C9F0000000000000000000000000000000000037
:10CA00000000000000000000000000000000000026
:10CA10000000000000000000000000000000000016
:10CA20000000000000000000000000000000000006
:10CA300000000000000000000000000000000000F6
:10CA400000000000000000000000000000000000E6
:10CA500000000000000000000000000000000000D6
:10CA600000000000000000000000000000000000C6
:10CA700000000000000000000000000000000000B6
:10CA800000000000000000000000000000000000A6
:10CA90000000000000000000000000000000000096
:10CAA0000000000000000000000000000000000086
:10CAB0000000000000000000000000000000000076
:10CAC0000000000000000000000000000000000066
:10CAD0000000000000000000000000000000000056
:10CAE0000000000000000000000000000000000046
:10CAF0000000000000000000000000000000000036
:10CB00000000000000000000000000000000000025
:10CB10000000000000000000000000000000000015
:10CB20000000000000000000000000000000000005
:10CB300000000000000000000000000000000000F5
:10CB400000000000000000000000000000000000E5
:10CB500000000000000000000000000000000000D5
:10CB600000000000000000000000000000000000C5
:10CB700000000000000000000000000000000000B5
:10CB800000000000000000000000000000000000A5
:10CB90000000000000000000000000000000000095
:10CBA0000000000000000000000000000000000085
:10CBB0000000000000000000000000000000000075
:10CBC0000000000000000000000000000000000065
:10CBD0000000000000000000000000000000000055
:10CBE0000000000000000000000000000000000045
:10CBF0000000000000000000000000000000000035
:10CC00000000000000000000000000000000000024
:10CC10000000000000000000000000000000000014
:10CC20000000000000000000000000000000000004
:10CC300000000000000000000000000000000000F4
:10CC400000000000000000000000000000000000E4
:10CC500000000000000000000000000000000000D4
:10CC600000000000000000000000000000000000C4
:10CC700000000000000000000000000000000000B4
:10CC800000000000000000000000000000000000A4
:10CC90000000000000000000000000000000000094
:10CCA0000000000000000000000000000000000084
:10CCB0000000000000000000000000000000000074
:10CCC0000000000000000000000000000000000064
:10CCD0000000000000000000000000000000000054
:10CCE0000000000000000000000000000000000044
:10CCF0000000000000000000000000000000000034
:10CD00000000000000000000000000000000000023
:10CD10000000000000000000000000000000000013
:10CD20000000000000000000000000000000000003
:10CD300000000000000000000000000000000000F3
:10CD400000000000000000000000000000000000E3
:10CD500000000000000000000000000000000000D3
:10CD600000000000000000000000000000000000C3
:10CD700000000000000000000000000000000000B3
:10CD800000000000000000000000000000000000A3
:10CD90000000000000000000000000000000000093
:10CDA0000000000000000000000000000000000083
:10CDB0000000000000000000000000000000000073
:10CDC0000000000000000000000000000000000063
:10CDD0000000000000000000000000000000000053
:10CDE0000000000000000000000000000000000043
:10CDF0000000000000000000000000000000000033
:10CE00000000000000000000000000000000000022
:10CE1000000000000000000000000000D02330B53A
:10CE200000251B0600245D5705E0BFF35F8F1C60E3
:10CE300081F3108820BF0268EFF3108172B6136887
:10CE4000002BFCD0BFF35F8F027903687F2AECD9F7
:10CE50000571BFF35F8F00221A6081F3108830BD27
:10CE6000F0B5C646150000B504001E000268EFF3D9
:10CE7000108172B61368002BFCD0BFF35F8F0423C0
:10CE8000E3562268002B2BDBBFF35F8F002010607E
:10CE900081F31088D02212061278002752B29046F1
:10CEA0009A420ED1002080BCB846F0BDBFF35F8F20
:10CEB000176081F310882800310000F025FC00285D
:10CEC000F0D12268EFF3108172B61368002BFCD00A
:10CED000BFF35F8F237922687F2BE7D9434602E0B7
:10CEE000D0231B061B682371BFF35F8F00231360E1
:10CEF00081F310880120D6E7F0B5C64600B50D00D5
:10CF0000040000F019FCFA2206000F00002328009C
:10CF10000021920000F018FC36184F41002F02DA71
:10CF20000126174F7642D0231B061B680025984622
:10CF30000AE0BFF35F8F156081F31088300039007D
:10CF400000F0E2FB002818D12268EFF3108172B6DE
:10CF50001368002BFCD0BFF35F8F237922687F2BEF
:10CF6000E7D943462371BFF35F8F0023136081F33A
:10CF70001088012080BCB846F0BD0020FAE7C0460A
:10CF8000FFFFFF7F0268EFF3108172B61368002B7A
:10CF9000FCD0BFF35F8FFF2303710368BFF35F8F84
:10CFA00000221A6081F3108840BF7047F0B5DE465A
:10CFB00057464E4645460100E0B5040083B0006880
:10CFC000343100F0A1FA9B239B00E358002B32D0B0
:10CFD000A1239B00E258EFF3108572B61368002B73
:10CFE000FCD0BFF35F8FA1239B00E1180B894A8916
:10CFF000C8899A1A00D541E1A126B600A659B046C3
:10D00000824200D1EDE19B229200A2589F009446FB
:10D0100066464A680133BE50002217009BB2984210
:10D020005741784203400B81BFF35F8F43461A603C
:10D0300085F3108840BF9A239B229B00E158920001
:10D04000A1500022E2502368A1681A69904B89011F
:10D050009C46520861440B689A42FCD18C4BA169F2
:10D060009C46890161440B689A42FCD1884BA16AB5
:10D070009C46890161440B689342FCD19D229C230C
:10D08000920093469B009946E358A344002B00D19D
:10D090007FE0A1239B000026E1181DE0824200D121
:10D0A00065E0019040464A689F00B8500133019AFC
:10D0B0009BB2934200D962E00B81BFF35F8F63465E
:10D0C0001E6085F3108840BF4B464A46E358013B3B
:10D0D000A350002B00D15CE09D239B00E258EFF3AE
:10D0E000108072B61368002BFCD0BFF35F8F5B46D5
:10D0F0005A465B891289D21A03D55D46ED890135FE
:10D100005219002A3DD05A4652689D00AA5835004F
:10D1100090465A460133D2899BB29A4275416A427F
:10D1200013405A4653819D239B00E358BFF35F8F02
:10D130001E6080F3108840BFA1239B00E258EFF3EC
:10D14000108572B61368002BFCD0BFF35F8FA12748
:10D15000BF000B894A89E759C889BC469A1A00D48E
:10D160009CE7471CBA465244824200D099E7BFF37D
:10D170005F8F63461E6085F3108820BFDCE70E8159
:10D180009BE79D239B00E358BFF35F8F1A6080F3FA
:10D1900010883823E35C032B00D17FE0012B3AD0C9
:10D1A000A026F605B44626006368A068D90280016F
:10D1B0009B0163446044E8361E60586004202700E9
:10D1C000344D354A29401143986019616369A66955
:10D1D000D9022940B6019B012937634411436644B3
:10D1E000FF371F605E6098601961636AD902294049
:10D1F0000A43A16A9B018901493463446144FF34B5
:10D200001C60596098601A6103B0F0BCBB46B2461E
:10D21000A946A046F0BDA026F605B44626006368E0
:10D22000A068D90280019B016344604468361E6097
:10D23000586004202700174D174A29401143986071
:10D2400019616369A669D9022940B6019B0163444B
:10D2500011436644A8371F605E6098601961636A75
:10D26000D90229400A43A16A9B01890163446144B0
:10D27000C8341C60596098601A61C5E7461C921951
:10D28000A126B600A659B046824200D0BBE6A8E06F
:10D2900004080050FDFF1FFF39851F009D239B00E0
:10D2A000E358EFF3108072B61A68002AFCD0BFF37F
:10D2B0005F8F9D239B009B46A3445B465A891B8935
:10D2C0009B1A00D5E2E09D2189006558002B00D112
:10D2D00090E05B465B689200D258BFF35F8F0023FB
:10D2E0002B6080F31088636BDB0700D4E0E000273D
:10D2F00058466258EFF3108C72B61368002BFCD0BE
:10D30000BFF35F8F458902896658521B00D5C2E082
:10D3100000D1C6E04268A900895800222B001700FE
:10D3200083460133C0899BB29842574178420340FB
:10D3300058464381BFF35F8F32608CF3108840BF43
:10D340009A239B00E1503823E35C012B00D162E774
:10D35000032B00D024E7002961D02600A0276936DE
:10D36000FF3632002068FF0500F0F0F8BC46636825
:10D37000A068D90280019B01634460441E6058602C
:10D38000042027004B4D4C4A2940114398601961F5
:10D390006369A669D9022940B6019B01A937634494
:10D3A00011436644FF371F605E6098601961636ACD
:10D3B000D902294025000A43A16A9B018901C93588
:10D3C00063446144FF351D60596098601A61636E63
:10D3D000002B00D118E7626BD20700D414E79847FE
:10D3E00012E7BFF35F8F0023336085F31088334863
:10D3F00000F092F9BFF35F8F2B6080F31088382321
:10D40000E25C636BDB0704D59C2189006358013320
:10D410006350012A00D1FEE6032A00D0C0E6A02610
:10D42000F605B44626006368A068D90280019B0116
:10D43000E93663446044FF361E60586004208A2742
:10D440001C4D1D4A29401143986019616369A66902
:10D45000D9022940B6019B01BF00634411436644D1
:10D46000E7191F605E6098601961636AD9022940FC
:10D4700092250A43A16A9B018901AD00634461447E
:10D4800065191D60596098601A61A0E75946C989FD
:10D4900001315B1817E7C38901339A18002A00D0BD
:10D4A00038E7BFF35F8F37608CF3108820BF20E729
:10D4B000110048E7FDFF1FFF39851F00ECDF10104A
:10D4C000064BA02158680123826810B59340044A96
:10D4D000C9058B50FFF76AFD10BDC046B02402207D
:10D4E0001C040000064BA02118680123826810B5B7
:10D4F0009340044AC9058B50FFF758FD10BDC04644
:10D50000B02402200C0400000B680A7901330B6080
:10D51000002A03D18069834205D07047012A09D1CE
:10D52000C0698342F9D10323013213400B710023F8
:10D530000B60F2E7022A03D1006A8342EDD1F2E7E1
:10D54000032AEAD1406A8342E7D1ECE7006911631C
:10D5500043089B008000CB180918136511677047BA
:10D5600000FD070000FD070001FA0B0054530D00F9
:10D57000ABAC020054510500ABAE0A000000000045
:10D5800018000000480000006000000020030000B8
:10D5900001000000030000000A0000000700000076
:10D5A000E001000020810400F8B557464E4645468C
:10D5B000DE46E0B51D00D0231B061B680C009C4610
:10D5C000304B070099460A9840261C612E4B1100EB
:10D5D0004A4698461C61431C9B021E43D66248265D
:10D5E00042463343D362842243011B185B0112017C
:10D5F0009E181D234A461B1A334313634246136386
:10D600006B089B009A460826102386408340A61983
:10D61000E418AB009B4663462A0038008A448B44DA
:10D62000002B19D021F0D2FA4B461E6143462A0046
:10D63000514638001E6121F0C9FA4B461C61434631
:10D640002A00594638001C6121F0C0FAF0BCBB46E4
:10D65000B246A946A046F8BD22F0E2F84B461E614C
:10D6600043462A00514638001E6122F0D9F84B4645
:10D670001C6143462A00594638001C6122F0D0F84C
:10D68000E4E7C046800000D0C00000D00C4B10B5CD
:10D690001C6801006269EFF3108072B61368002BFA
:10D6A000FCD0BFF35F8FA061200000F03DF86269FD
:10D6B000A369BFF35F8F0021116083F3108810BD51
:10D6C000882302207047C04601B40248844601BC4A
:10D6D000604700BF0D85101001B40248844601BCAC
:10D6E000604700BFD18D101001B40248844601BCD0
:10D6F000604700BF358D101001B40248844601BC5C
:10D70000604700BF4538101001B40248844601BC90
:10D71000604700BF114C101001B40248844601BCA0
:10D72000604700BF795C101001B40248844601BC18
:10D73000604700BF21D1101001B40248844601BCEB
:10D74000604700BFC54D101001B40248844601BCBB
:10D75000604700BFB9821010D429022010000000D9
:10D7600000000000000001000000000000000000B8
:10D7700000000200000000000000000000000300A4
:10D7800000000000000000000000FF00000000009A
:10D7900001B5486801318E46004770460938014995
:10D7A000884701BD21441010A0EF012000000000B7
:10D7B000F8F70120702402200000000000000000A3
:10D7C0008024022000000000000000001000000083
:10D7D000503300004C33000054330000523300003B
:10D7E0004D5300004D43000053340000433400000B
:10D7F000C1881010000000000D891010C58910109C
:10D800000000000000010000E8DF1010C8DF101069
:10D810008C23022010000C0000000000000000001B
:10D82000000000000000000000000000FF000000F9
:10D83000FFFFFFFF000002000000000000000000EA
:10D8400018F0012018F0012020F0012020F0012024
:10D8500028F0012028F0012030F0012030F00120D4
:10D8600038F0012038F0012040F0012040F0012084
:10D8700048F0012048F0012050F0012050F0012034
:10D8800058F0012058F0012060F0012060F00120E4
:10D8900068F0012068F0012070F0012070F0012094
:10D8A00078F0012078F0012080F0012080F0012044
:10D8B00088F0012088F0012090F0012090F00120F4
:10D8C00098F0012098F00120A0F00120A0F00120A4
:10D8D000A8F00120A8F00120B0F00120B0F0012054
:10D8E000B8F00120B8F00120C0F00120C0F0012004
:10D8F000C8F00120C8F00120D0F00120D0F00120B4
:10D90000D8F00120D8F00120E0F00120E0F0012063
:10D91000E8F00120E8F00120F0F00120F0F0012013
:10D92000F8F00120F8F0012000F1012000F10120C1
:10D9300008F1012008F1012010F1012010F101206F
:10D9400018F1012018F1012020F1012020F101201F
:10D9500028F1012028F1012030F1012030F10120CF
:10D9600038F1012038F1012040F1012040F101207F
:10D9700048F1012048F1012050F1012050F101202F
:10D9800058F1012058F1012060F1012060F10120DF
:10D9900068F1012068F1012070F1012070F101208F
:10D9A00078F1012078F1012080F1012080F101203F
:10D9B00088F1012088F1012090F1012090F10120EF
:10D9C00098F1012098F10120A0F10120A0F101209F
:10D9D000A8F10120A8F10120B0F10120B0F101204F
:10D9E000B8F10120B8F10120C0F10120C0F10120FF
:10D9F000C8F10120C8F10120D0F10120D0F10120AF
:10DA0000D8F10120D8F10120E0F10120E0F101205E
:10DA1000E8F10120E8F10120F0F10120F0F101200E
:10DA2000F8F10120F8F1012000F2012000F20120BC
:10DA300008F2012008F2012010F2012010F201206A
:10DA400018F2012018F2012020F2012020F201201A
:10DA500028F2012028F2012030F2012030F20120CA
:10DA600038F2012038F2012040F2012040F201207A
:10DA700048F2012048F2012050F2012050F201202A
:10DA800058F2012058F2012060F2012060F20120DA
:10DA900068F2012068F2012070F2012070F201208A
:10DAA00078F2012078F2012080F2012080F201203A
:10DAB00088F2012088F2012090F2012090F20120EA
:10DAC00098F2012098F20120A0F20120A0F201209A
:10DAD000A8F20120A8F20120B0F20120B0F201204A
:10DAE000B8F20120B8F20120C0F20120C0F20120FA
:10DAF000C8F20120C8F20120D0F20120D0F20120AA
:10DB0000D8F20120D8F20120E0F20120E0F2012059
:10DB1000E8F20120E8F20120F0F20120F0F2012009
:10DB2000F8F20120F8F2012000F3012000F30120B7
:10DB300008F3012008F3012010F3012010F3012065
:10DB400018F3012018F3012020F3012020F3012015
:10DB500028F3012028F3012030F3012030F30120C5
:10DB600038F3012038F3012040F3012040F3012075
:10DB700048F3012048F3012050F3012050F3012025
:10DB800058F3012058F3012060F3012060F30120D5
:10DB900068F3012068F3012070F3012070F3012085
:10DBA00078F3012078F3012080F3012080F3012035
:10DBB00088F3012088F3012090F3012090F30120E5
:10DBC00098F3012098F30120A0F30120A0F3012095
:10DBD000A8F30120A8F30120B0F30120B0F3012045
:10DBE000B8F30120B8F30120C0F30120C0F30120F5
:10DBF000C8F30120C8F30120D0F30120D0F30120A5
:10DC0000D8F30120D8F30120E0F30120E0F3012054
:10DC1000E8F30120E8F30120F0F30120F0F3012004
:10DC2000F8F30120F8F3012000F4012000F40120B2
:10DC300008F4012008F4012010F4012010F4012060
:10DC400028F4012000000000000000004CFB01202F
:10DC5000B4FB01201CFC01200000000000000000BB
:10DC600000000000000000000000000000000000B4
:10DC700000000000000000000000000000000000A4
:10DC80000000000000000000000000000000000094
:10DC90000000000000000000000000000000000084
:10DCA0000000000000000000000000000000000074
:10DCB0000000000000000000000000000000000064
:10DCC0000000000000000000000000000000000054
:10DCD0000000000000000000000000000000000044
:10DCE00001000000000000000E33CDAB34126DE6E1
:10DCF000ECDE05000B00000000000000000000004A
:10DD00000000000000000000000000000000000013
:10DD10000000000000000000000000000000000003
:10DD200000000000000000000000000000000000F3
:10DD300000000000000000000000000000000000E3
:10DD400000000000000000000000000000000000D3
:10DD500000000000000000000000000000000000C3
:10DD600000000000000000000000000000000000B3
:10DD700000000000000000000000000000000000A3
:10DD80000000000000000000000000000000000093
:10DD90000000000000000000FD841010A9751010A4
:10DDA000C17C1010F183101085DC101031031010AD
:10DDB000F8B55200134652001A440A4494461D4ACC
:10DDC00080C81760576057693C463F023C433F0498
:10DDD0003B4657693B433F023B433F023B43576946
:10DDE0003F023D463F023D433F023D4357693D43AD
:10DDF0003F043C433F023C4338C157693C463F0225
:10DE00003C433F043B4657693B433F023B433F0291
:10DE10003B4357693F023D463F023D433F023D437E
:10DE200057693D433F043C433F023C4338C1614591
:10DE3000C6D1F8BD800000D0FCB5FCC9FCC0FCC94F
:10DE4000FCC0FCC9FCC0FCC9FCC0FCC9FCC0FCC9CE
:10DE5000FCC0FCC9FCC0FCC9FCC0FCC9FCC0FCC9BE
:10DE6000FCC0FCC9FCC0FCC9FCC0FCC9FCC0FCC9AE
:10DE7000FCC0FCC9FCC0FCC9FCC0FCC9FCC0FCC99E
:10DE8000FCC0FCC9FCC0FCC9FCC0FCC9FCC0FCC98E
:10DE9000FCC0FCC9FCC0FCC9FCC0FCC9FCC0FCC97E
:10DEA000FCC0FCC9FCC0FCC9FCC0FCC9FCC0FCC96E
:10DEB000FCC0FCC9FCC0FCC9FCC0FCC9FCC0FCC95E
:10DEC000FCC0FCC9FCC0FCC9FCC0FCC9FCC0FCC94E
:10DED000FCC0FCC9FCC0FCC9FCC0FCC9FCC0FCC93E
:10DEE000FCC0FCC9FCC0FCC9FCC0FCC9FCC0FCC92E
:10DEF000FCC0FCC9FCC0FCC9FCC0FCC9FCC0FCC91E
:10DF0000FCC0FCC9FCC0FCC9FCC0FCC9FCC0FCC90D
:10DF1000FCC0FCC9FCC0FCC9FCC0FCC9FCC0FCC9FD
:10DF2000FCC0FCC9FCC0FCC9FCC0FCC9FCC0FCC9ED
:10DF3000FCC0FCC9FCC0FCC9FCC0FCC9FCC0FCC9DD
:10DF4000FCC0FCC9FCC0FCC9FCC0FCC9FCC0FCC9CD
:10DF5000FCC0FCC9FCC0FCC9FCC0FCC9FCC0FCC9BD
:10DF6000FCC0FCC9FCC0FCC9FCC0FCC9FCC0FCC9AD
:10DF7000FCC0FCC9FCC0FCC9FCC0FCC9FCC0FCC99D
:10DF8000FCC0FCC9FCC0FCC9FCC0FCC9FCC0FCC98D
:10DF9000FCC0FCC9FCC0FCC9FCC0FCC9FCC0FCC97D
:10DFA000FCC0FCC9FCC0FCC9FCC0FCC9FCC0FCC96D
:10DFB000FCC0FCC9FCC0FCC9FCC0FCC9FCC0FCC95D
:10DFC000FCC0FCC9FCC0FCC9FCC0FCC9FCC0FCC94D
:10DFD000FCC0FCC9FCC0FCC9FCC0FCC9FCC0FCC93D
:10DFE000FCC0FCC9FCC0FCC9FCC0FCC9FCC0FCC92D
:10DFF000FCC0FCC9FCC0FCC9FCC0FCC9FCC0FCC91D
:10E00000FCC0FCC9FCC0FCC9FCC0FCC9FCC0FCC90C
:10E01000FCC0FCC9FCC0FCC9FCC0FCC9FCC0FCC9FC
:10E02000FCC0FCC9FCC0FCC9FCC0FCC9FCC0FCC9EC
:10E03000FCC0FCC9FCC0FCC9FCC0FCC9FCC0FCC9DC
:10E04000FCC0FCC9FCC0FCC9FCC0FCC9FCC0FCC9CC
:10E05000FCC0FCC9FCC0FCC9FCC0FCC9FCC0FCC9BC
:10E06000FCC0FCC9FCC0FCC9FCC0FCC9FCC0FCC9AC
:10E07000FCC0FCC9FCC0FCC9FCC0FCC9FCC0FCC99C
:10E08000FCC0FCC9FCC0FCC9FCC0FCC9FCC0FCC98C
:10E09000FCC0FCC9FCC0FCC9FCC0FCC9FCC0FCC97C
:10E0A000FCC0FCC9FCC0FCC9FCC0FCC9FCC0FCC96C
:10E0B000FCC0FCC9FCC0FCC9FCC0FCC9FCC0FCC95C
:10E0C000FCC0FCC9FCC0FCC9FCC0FCC9FCC0FCC94C
:10E0D000FCC0FCC9FCC0FCC9FCC0FCC9FCC0FCC93C
:10E0E000FCC0FCC9FCC0FCC9FCC0FCC9FCC0FCC92C
:10E0F000FCC0FCC9FCC0FCC9FCC0FCC9FCC0FCC91C
:10E10000FCC0FCC9FCC0FCC9FCC0FCC9FCC0FCC90B
:10E11000FCC0FCC9FCC0FCC9FCC0FCC9FCC0FCC9FB
:10E12000FCC0FCC9FCC0FCC9FCC0FCC9FCC0FCC9EB
:10E13000FCC0FCC9FCC0FCC9FCC0FCC9FCC0FCC9DB
:10E14000FCC0FCC9FCC0FCC9FCC0FCC9FCC0FCC9CB
:10E15000FCC0FCC9FCC0FCC9FCC0FCBDF0B5444619
:10E1600010B452000A449446C54A00245460E44363
:10E17000546402A40134A0467CE1C04628C89C0B2C
:10E180009B00AE0BAD0013601364936A1B68976E1F
:10E190003F68BF023B4314601464946A2468976E1E
:10E1A0003F68BF023C4315601564956A2D68976E01
:10E1B0003F68BF023D4316601664966A3668976EE4
:10E1C0003F68BF023E4378C128C89C0B9B00AE0B42
:10E1D000AD0013601364936A1B68976E3F68BF02BB
:10E1E0003B4314601464946A2468976E3F68BF02CE
:10E1F0003C4315601564956A2D68976E3F68BF02B1
:10E200003D4316601664966A3668976E3F68BF0293
:10E210003E4378C128C89C0B9B00AE0BAD00136039
:10E220001364936A1B68976E3F68BF023B43146098
:10E230001464946A2468976E3F68BF023C4315607B
:10E240001564956A2D68976E3F68BF023D4316605E
:10E250001664966A3668976E3F68BF023E4378C17F
:10E2600028C89C0B9B00AE0BAD0013601364936A2F
:10E270001B68976E3F68BF023B4314601464946A46
:10E280002468976E3F68BF023C4315601564956A29
:10E290002D68976E3F68BF023D4316601664966A0C
:10E2A0003668976E3F68BF023E4378C128C89C0B12
:10E2B0009B00AE0BAD0013601364936A1B68976EEE
:10E2C0003F68BF023B4314601464946A2468976EED
:10E2D0003F68BF023C4315601564956A2D68976ED0
:10E2E0003F68BF023D4316601664966A3668976EB3
:10E2F0003F68BF023E4378C128C89C0B9B00AE0B11
:10E30000AD0013601364936A1B68976E3F68BF0289
:10E310003B4314601464946A2468976E3F68BF029C
:10E320003C4315601564956A2D68976E3F68BF027F
:10E330003D4316601664966A3668976E3F68BF0262
:10E340003E4378C128C89C0B9B00AE0BAD00136008
:10E350001364936A1B68976E3F68BF023B43146067
:10E360001464946A2468976E3F68BF023C4315604A
:10E370001564956A2D68976E3F68BF023D4316602D
:10E380001664966A3668976E3F68BF023E4378C14E
:10E3900028C89C0B9B00AE0BAD0013601364936AFE
:10E3A0001B68976E3F68BF023B4314601464946A15
:10E3B0002468976E3F68BF023C4315601564956AF8
:10E3C0002D68976E3F68BF023D4316601664966ADB
:10E3D0003668976E3F68BF023E4378C128C89C0BE1
:10E3E0009B00AE0BAD0013601364936A1B68976EBD
:10E3F0003F68BF023B4314601464946A2468976EBC
:10E400003F68BF023C4315601564956A2D68976E9E
:10E410003F68BF023D4316601664966A3668976E81
:10E420003F68BF023E4378C128C89C0B9B00AE0BDF
:10E43000AD0013601364936A1B68976E3F68BF0258
:10E440003B4314601464946A2468976E3F68BF026B
:10E450003C4315601564956A2D68976E3F68BF024E
:10E460003D4316601664966A3668976E3F68BF0231
:10E470003E4378C1614500D0404710BCA046F0BD86
:04E48000800000D048
:10E48400F0B5444610B452000A449446C54A0024E8
:10E494005460E443546402A40134A0467CE1C046C1
:10E4A40028C89C0B9B00AE0BAD0013601364936AE9
:10E4B4001B68976E3F68BF023B4314601464946A00
:10E4C4002468976E3F68BF023C4315601564956AE3
:10E4D4002D68976E3F68BF023D4316601664966AC6
:10E4E4003668976E3F68BF023E4378C128C89C0BCC
:10E4F4009B00AE0BAD0013601364936A1B68976EA8
:10E504003F68BF023B4314601464946A2468976EA6
:10E514003F68BF023C4315601564956A2D68976E89
:10E524003F68BF023D4316601664966A3668976E6C
:10E534003F68BF023E4378C128C89C0B9B00AE0BCA
:10E54400AD0013601364936A1B68976E3F68BF0243
:10E554003B4314601464946A2468976E3F68BF0256
:10E564003C4315601564956A2D68976E3F68BF0239
:10E574003D4316601664966A3668976E3F68BF021C
:10E584003E4378C128C89C0B9B00AE0BAD001360C2
:10E594001364936A1B68976E3F68BF023B43146021
:10E5A4001464946A2468976E3F68BF023C43156004
:10E5B4001564956A2D68976E3F68BF023D431660E7
:10E5C4001664966A3668976E3F68BF023E4378C108
:10E5D40028C89C0B9B00AE0BAD0013601364936AB8
:10E5E4001B68976E3F68BF023B4314601464946ACF
:10E5F4002468976E3F68BF023C4315601564956AB2
:10E604002D68976E3F68BF023D4316601664966A94
:10E614003668976E3F68BF023E4378C128C89C0B9A
:10E624009B00AE0BAD0013601364936A1B68976E76
:10E634003F68BF023B4314601464946A2468976E75
:10E644003F68BF023C4315601564956A2D68976E58
:10E654003F68BF023D4316601664966A3668976E3B
:10E664003F68BF023E4378C128C89C0B9B00AE0B99
:10E67400AD0013601364936A1B68976E3F68BF0212
:10E684003B4314601464946A2468976E3F68BF0225
:10E694003C4315601564956A2D68976E3F68BF0208
:10E6A4003D4316601664966A3668976E3F68BF02EB
:10E6B4003E4378C128C89C0B9B00AE0BAD00136091
:10E6C4001364936A1B68976E3F68BF023B431460F0
:10E6D4001464946A2468976E3F68BF023C431560D3
:10E6E4001564956A2D68976E3F68BF023D431660B6
:10E6F4001664966A3668976E3F68BF023E4378C1D7
:10E7040028C89C0B9B00AE0BAD0013601364936A86
:10E714001B68976E3F68BF023B4314601464946A9D
:10E724002468976E3F68BF023C4315601564956A80
:10E734002D68976E3F68BF023D4316601664966A63
:10E744003668976E3F68BF023E4378C128C89C0B69
:10E754009B00AE0BAD0013601364936A1B68976E45
:10E764003F68BF023B4314601464946A2468976E44
:10E774003F68BF023C4315601564956A2D68976E27
:10E784003F68BF023D4316601664966A3668976E0A
:10E794003F68BF023E4378C1614500D0404710BC8A
:08E7A400A046F0BD800000D08A
:04000005101001E9ED
:00000001FF
