:020000041008E2
:1080000000B50C4B00219960082159610A4919609B
:108010000A490B480160002159600121996001BCA7
:10802000002800D0004707480749086003C880F3CC
:10803000088808470000001800031F00180200030A
:10804000F40000180001001008ED00E0000000003E
:108050000000000000000000000000000000000020
:108060000000000000000000000000000000000010
:108070000000000000000000000000000000000000
:1080800000000000000000000000000000000000F0
:1080900000000000000000000000000000000000E0
:1080A00000000000000000000000000000000000D0
:1080B00000000000000000000000000000000000C0
:1080C00000000000000000000000000000000000B0
:1080D00000000000000000000000000000000000A0
:1080E0000000000000000000000000000000000090
:1080F000000000000000000000000000A071FAADC8
:1081000000200420F7810810C3810810C5810810E1
:10811000C1810810C1810810C1810810C1810810F7
:10812000C1810810C1810810C1810810C7810810E1
:10813000C1810810C1810810C9810810CB810810C5
:10814000CD810810CD810810CD810810CD81081097
:10815000CD810810CD810810CD810810CD81081087
:10816000CD810810CD810810CD810810CD81081077
:10817000CD810810CD810810CD810810CD81081067
:10818000CD810810CD810810CD810810CD81081057
:10819000CD810810CD810810CD810810CD81081047
:1081A000CD810810CD810810CD810810CD81081037
:1081B000CD810810CD810810CD810810CD81081027
:1081C00000BE00BE00BE00BE00BE00BEEFF30580D4
:1081D000103800BEF2EB8871FCC2091020C30910F0
:1081E0003482081090A31AE700201F49086006C8CF
:1081F00081F3088810471D48006800282FD10DA47E
:108200000ECC002902D000F012F8F9E71849194AFB
:10821000002000E001C19142FCD11749884717496D
:1082200088471749884700BEFDE701C901C29A4245
:10823000FBD3704720C30910C0000020B0BA022051
:10824000107D0C10000004204C0604205C830C10F0
:108250000010042028130420000000007047094883
:1082600007F0B2FB0047000008ED00E0000000D07E
:10827000B0BA02201C4303204DDF081081B3081060
:1082800075E008105756000006005250ABB360531B
:1082900008B4091006005250861C030220B40910CD
:1082A000060052505422A29D24B4091005005250D9
:1082B000DE65F46884860C10F8B5C0460448054BAA
:1082C00010B5834203D0044B002B00D0984710BD5B
:1082D000B0BA0220B0BA02200000000006480749E8
:1082E000091A8B10C90FC91810B5491003D0044BD7
:1082F000002B00D0984710BDB0BA0220B0BA0220BF
:108300000000000010B5074C2378002B09D1FFF7BF
:10831000D5FF054B002B02D0044800E000BF01232D
:10832000237010BD70C202200000000008B10910C7
:10833000054B10B5002B03D00449054800E000BFF1
:10834000FFF7CCFF10BDC0460000000074C2022041
:1083500008B10910574B70B5C3181A69002A01DD1E
:10836000013A1A61002A09D1534A81180A78D24386
:108370000A705A88002A00D18CE01A615A69002AD2
:1083800001DD013A5A61002A09D14C4A81180A7864
:10839000D2430A709A88002A00D178E05A619A691B
:1083A000002A01DD013A9A61002A08D1444A811865
:1083B0000A78D2430A70DA88002A65D09A61DA69AD
:1083C000002A01DD013ADA61002A22D101243D4A66
:1083D00081180A7862400A701989002A0FD0DA8C55
:1083E000550814404E0700D56A4080269203F601D6
:1083F00032402A43DA846242334C04192270032249
:108400000A40022A4CD0032A4DD0012A45D010221E
:10841000DA61802109018C469A6AD96A62449A62BB
:108420008A4230DB521A9A62234A8218117800225B
:10843000002902D0254A997A525C204941180978CE
:10844000002903D02149DC7A095D52181C494118E2
:108450000978002903D01D491C7B095D52181A496F
:1084600041180978002903D018495B7BCB5CD218EE
:10847000BE235B00C358002B05D0C021803A4900C1
:108480004158D0B2984770BD8022D20096E7802232
:10849000D20083E78022D2006FE72022DA61B8E7BA
:1084A0004022DA61B5E7DA88002AB1D18022D20011
:1084B000DA61AEE7148A0000348A0000358A0000D1
:1084C000368A0000388A0000378A000030B8091068
:1084D000F0B54E46DE4657464546E0B5B14CB24B88
:1084E000A544C4588146FF2C22D8B04BC55CB04B84
:1084F000C35CAB4225D8A02218AB00211800920023
:10850000039308F0D5F9AB4AA30094461B199B01CD
:1085100063444B4418000F24039A137851781B01CD
:1085200021400B4303700232B8AB01309A42F4D1C0
:10853000B9239B009D44F0BCBB46B246A946A04669
:10854000F0BD9D4BC35C002BD5D19C4BC35C059308
:10855000002BD0D09A4BC15C8B0737D41026994B97
:108560000E40C35C002B01D000F04AFC4A46734227
:108570005E41954BA700D35C3F199B468D4BBF01D5
:108580009C4667443B005A46B5004B440435019372
:10859000072A00D840E3A0225B1B9A468B4B52006F
:1085A0009C46002700269046059CE144330076193E
:1085B000464500DD69E353462A00494698190137CC
:1085C00008F07CF9BC42F1DC34005FE3A02218AB78
:1085D000002118009200039308F06AF94A467A4B8A
:1085E0000A21D05C400807F049FA4A46CBB20C9306
:1085F000774BD35A1A0002930023002D1DD0F82583
:10860000059E7F20911B89B201224F460139ED0161
:1086100002E00132292A0ED08B189B059B0D2B43BB
:10862000FB188533FF331B7803400D2B01D100F07D
:1086300096FC9642EDDCB94600230C9A9446510014
:1086400012916344013113911193022A00D98AE1F6
:10865000002398460E930F9310931693159360334F
:108660009C469F339B465B4B0725149343460993D7
:108670004B4600260022039917940893F820029B8A
:10868000C0019B189B059B0D0343089867468046D5
:108690007F2043448533FF331B7818408146604672
:1086A0001F40184246D14B461F2B3BD814989B00C5
:1086B000C3589F460023CA463700099333025846E1
:1086C0003840184300233E00002498460F704F7036
:1086D0008F70CF7088808F71CF7108818F720193F6
:1086E0003300CF72002C00D02B005F461C02019893
:1086F0003B4023438B813300002800D02B008B7339
:108700004346002B00D13500059B0132CD739342C7
:1087100000DC24E11031282A00D120E15546ADE7E4
:108720000023109337000F9B002B00D0F3E0AA46E4
:108730003B02C4E7099800284ED0202018424BD0B5
:10874000159BAA469846370016935C463B023C4070
:108750001C434E46099401244846344002260640F4
:108760004046002800D12FE30C98022800D0ABE04F
:10877000002C01D000F07AFC002080460190069089
:1087800004900790002E00D1F3E2099B3E000B807D
:108790008B804B460E9301238F70CF708F7109939E
:1087A0007BE0C0461CFDFFFFFC810000F081000063
:1087B000E2810000B09A0000F3810000DD8100003A
:1087C000028A000001820000F181000002820000A4
:1087D000F681000008B109104C46109B203C002B8C
:1087E00000D1A0E01198A30080461B19BF489B0050
:1087F00043448046089843445B001B5A8020C000D5
:1088000018400D9080208000184082468020400053
:1088100018400A90802018400B9040201840814654
:10882000202018400790102018400490082018407D
:1088300001270690022004241F401840B8461C401F
:108840002F0001901B0501D400F02DFC58463B027F
:1088500007400D981F432B00002801D100F026FC93
:108860008B7053460F80AA46002B00D163E32F0084
:108870000A983300CF70002800D02B0058461F0202
:1088800003400B983B438B80330000283CD18B7115
:108890004B46002B00D15EE22F00CF71079F3300C3
:1088A000002F00D02B0058461F02034004983B4382
:1088B0000B813300002800D02B008B72069B002B0D
:1088C00000D135E32F000BE7002C00D19FE3002EF1
:1088D00000D1EEE35846099B28400B802B02184339
:1088E0004B460E9300230793023301933E33994680
:1088F0003F3B984609930733069300233E00042428
:108900008F70CD70888004932B008B714B46002BA9
:10891000C2D120E23700099BAA46002B18D10133AF
:108920000F933B02CBE6A0000019704C129BA046AF
:10893000139F8000C3184344B8466C4F4044B84668
:10894000089C40445B0040001B5B005B034355E711
:10895000169B98460E9B994601230F93F5E6089BBC
:10896000179C9946CFE50023984609930B931093E3
:10897000069316931593FF339B465D4B072614937E
:108980004B4600254246039817940793F821029B13
:10899000C9019B189B059B0D0B43079960248C46CE
:1089A00063448533FF3319787F230B409946602356
:1089B0000B400C425CD149461F2951D8149C8900B8
:1089C00061588F46002306934B4604932B002D02DB
:1089D000594619402943818000211D0088468C4654
:1089E000002700248A46037043708370C37083712C
:1089F0000191C3712B00002C00D0330059461C029A
:108A00000B40234303812B00002F00D0330001993A
:108A100083722B00002900D033006146C3722B0003
:108A2000002900D033005C46190223400B43414625
:108A300083812B00002900D0330083735346002B21
:108A400000D12E00059B0132C673934200DCDFE0AB
:108A50001030282A00D1DBE0049E97E70023109312
:108A60002B000B99002900D0ADE004961D02AFE762
:108A7000069B002B3ED089063CD5159B04969C4650
:108A800016932B0059461D021940294306910C9953
:108A9000062900D872E1494610244F460C40402177
:108AA00039404F06FF0F08976746002F00D012E1AC
:108AB000002C00D157E2002900D043E200218A4671
:108AC00088468C46002700240191FF213502314061
:108AD0000D43058085801D004B4609930123867058
:108AE0000693C6703300867183E7C046D845000000
:108AF00088B109104C46109B203C002B6BD011997B
:108B0000A3008C461B19D1499B0063448C460799EE
:108B100063445B005B5A8021C90019400D9180219C
:108B2000890019400E91802149001940049180214B
:108B300019400A91402119400891082119400191DA
:108B4000042119408C460221194088460121202425
:108B5000102719408A46B1461C401F401B0500D40F
:108B600061E24B4619020F915B46494619400B00E2
:108B70000F99194301800D993300002900D1B2E209
:108B800083700E9B002B00D1E7E133000499C37082
:108B90002B00002900D033001902894659460B40AA
:108BA00049460B4383800A9B0496002B08D0330070
:108BB000089983712B00002900D11AE7330018E7C8
:108BC0002B00F5E72B0006990496002919D1012105
:108BD0001D020B91FCE6A10009199C4C129BA446B6
:108BE000139F8900CB186344BC46984F6144BC4630
:108BF000079C61445B0049001B5B095B0B438AE7F0
:108C00002B0016998C460999894601210B9139E769
:108C1000079B179C994676E4A0235B008C4F9846EF
:108C20008C4B00269A463B0000242F004D46994667
:108C300027E05346EA5A921993049B0CD20409D5B3
:108C40004946854AAA5C9206920F5200525A9A1AD5
:108C5000824B1340019ADB00D01B5A4613431BB2D0
:108C6000EB188533FF3319787D4BC9009C4661446E
:108C70003A000019691807F021FE059B01369E4253
:108C800004DA2300E4194445D3DD1C00A02252007D
:108C9000944200D14CE4019B0021121B181907F0EB
:108CA00007FE45E44B46103BDBB204930B9B002BC5
:108CB000A6D101212B0006912D0289E64B46103BDF
:108CC000DBB29A460F9B3700002B00D040E6013301
:108CD00009933302F3E40C9F092F5FD0002C00D1DD
:108CE00082E1002900D1A8E15C4606991D0083704D
:108CF0004B460180344031020C438480C670099396
:108D0000012306930133984602339C463C33089373
:108D1000383B0193073B002700249A4647E733007E
:108D20009FE62F00FFE4012337001593FBE40123A6
:108D300037001093F7E4002337001593F3E4012183
:108D40002B0010918DE601212B00159189E600235F
:108D500015932B0085E637009FE5002304960B93BF
:108D60002B002D0234E60023AA460F93370033026E
:108D7000A5E448460E9001200990A0E44946042449
:108D80004F460C40082139400F07FF0F08976746F0
:108D9000002F00D1D1E00C9F062F9FD1002C00D1D5
:108DA0002DE106998370018081804946C370099145
:108DB0000121069100211D0088468C4600270024D1
:108DC0008A4608910191F3E6002C00D1E9E0002EDB
:108DD00000D0FDE0002300249846019306930493FD
:108DE0000793FF262B022E401E434B460E93012372
:108DF0000E808E808D703E00CD708D7109934BE595
:108E00000A07920F002E00D1D8E0032A00D145E1D5
:108E1000022A00D13EE104229346023A9046012004
:108E20000840824604935346002218A9029308275B
:108E30000B000B4806944844019207966A461E00B0
:108E400000258246147903931AE0C046D8450000F5
:108E500040B80910F6810000C9810000FFEF000052
:108E600002820000072319400123640030001C43E4
:108E70005A46013507F01CFDE4B25E4445451AD060
:108E800004212309E2080A403B4013430239A208A7
:108E90000A401343A207D20F1343944A4B4494460B
:108EA000634419780F42DDD0029B002BDAD00723F0
:108EB0008B431900D8E75046039B049A19785C78D5
:108EC0000901214301709978DC780901214341703F
:108ED00019795C790901214381709979DC7909015B
:108EE0002143C170002A13D1197A5C7A0901214308
:108EF0000171997ADC7A090121434171197B5C7B0C
:108F0000090121438171997BDC7B09012143C171F6
:108F10008021019A08300132019249008A428DD1A4
:108F200000224946724B069C079ECA54FFF71EFB5F
:108F30003700FFF7D5FB37009AE4002C13D0002947
:108F400000D1BCE501218A460131884602318C46B8
:108F50000431102720240191B7E52B0016E6B9460D
:108F60000A23FFF76AFB0121102720248A460131DA
:108F7000884602318C46043101910899002904D1B8
:108F8000494609910121069122E506991D000180BB
:108F900081804946099101218370C37083710691D4
:108FA00027E5012080460130019006300690083008
:108FB0000490103004240790FFF7E4FB0023022AFA
:108FC00037D0012A31D008229346063A904626E748
:108FD0000123984601330193063306930833049323
:108FE000103304240793FCE601218A4601318846A8
:108FF00002318C460431002700240191BDE7002195
:1090000000278A4688468C4600240191B5E7012056
:109010008046013001900630069000200424049020
:109020000790FFF7AFFBA9469BE5033293469046B6
:10903000F5E6934606329046F1E65C4606991D0039
:1090400083704B460180344031020C438480C670EB
:10905000099301230693002398469C4640330893C6
:109060000023002700249A460193A0E5099B3E00B7
:109070000B804B460E930023984699460193069326
:10908000049307930B930A93013300248F70099381
:10909000FFF7EEFB934602329046C0E6023A934653
:1090A00007329046BBE63700FFF7D0FB3300FFF7EF
:1090B000D7FB5846099B28400B802B0218434B4690
:1090C0000E93002307930193403399463F3B099346
:1090D00000233E0098460693049300242B008F70D3
:1090E000CD70888011E42B004AE5C046038A000059
:1090F00001820000F8B5524F524BC55D0400C65CBA
:10910000002D61D0504A0135A35A50490133A35272
:109110004B4BEDB2E554615CA9422AD200214C4888
:10912000E15423580133235003233340033B5D4272
:109130006B41484E0133A55D002D1BD0464D635D4C
:109140000133DBB26355454D655D9D424ED8012725
:10915000434D635D7B406355424BE1520023A35571
:10916000414BE35A5BBA9B049D089B0C2B43A350D5
:109170002150F8BD3D483E4E215C5B18DBB22354C4
:109180003C49A65D615A9E4234D23B4B2554E35C78
:10919000C91889048B08890C1943A150314AA35C72
:1091A0000133DBB2A354354AA25C9A4239D0344A27
:1091B000A25C9A42DDD2294BE25C002A1CD08022BC
:1091C000254B5200E252D4E7FFF782F92D4AA35C07
:1091D000002B09D0013BDBB2A354002B04D10122A8
:1091E000294BE5540733E254E55D8BE7214BE35A05
:1091F000A352BEE7A152BCE701201949635C43407A
:109200006354184BE254134BE254174BE35A5BBAC6
:109210009B0499089B0C0B430B4963500C4BE25089
:10922000A7E7194AA25C002AC1D1184AA25C120918
:1092300000D11032134962540121134AA154B6E7F8
:10924000EF810000E4810000F4810000DC81000077
:10925000FC810000F3810000F2810000E181000048
:10926000FA810000F0810000E8810000F181000037
:10927000E5810000F6810000DD810000E38100004F
:10928000E0810000F8810000F9810000DF8100002A
:1092900010B502F0C7FC10BD002330B583B00193B8
:1092A0000F4B14001B78002B02D1002003B030BDFF
:1092B0000C4D0A000023280010F04AFD0028F4D1CC
:1092C00080222100280001AB520010F0CFF80028C6
:1092D000EBD101980138FF3843425841C0B2E5E76D
:1092E0001843032018C00220C268F8B50400002A01
:1092F0000EDB51008B18DB00C31818003530FF302F
:109300000068002829D0A3181B7DA5789D4201D0B4
:109310000020F8BDE678092EFAD88B18DB00E31898
:109320001A003D32FF32276912689742F0DA6A4329
:10933000D219910089181A00490089193932090295
:10934000FF324D1C1268FF359542E1D8E1620028DA
:1093500009D0401820630120DBE74533FF331B6849
:10936000002BD0D1D4E71A00250049324533FF3213
:109370003435FF3310681B682A0098470028C7D08F
:1093800001202563C5E7C046F8B5394E040033789F
:10939000002B06D1374B1B68A3420BDC364B1C60FD
:1093A000F8BD364810F0B8FA00233370314B1B6813
:1093B000A342F3DD65002D19314BAD002F4F2D1960
:1093C000ED180122290038000FF0CAFE002849D10B
:1093D0000123280033703E6911F08AF803283FD931
:1093E0002818031F1B78012219004139192921D996
:1093F0002E2B1FD1C31E1B781A00413A192A01D8FF
:109400002033DBB2642B2BD1831E1B781A00413A28
:10941000192A01D82033DBB2732B21D1013802780D
:109420001300413B192B01D82032D2B2643A534287
:109430005A4101320021134B1348195013481E5052
:1094400013481A500120134A9854134A13481A50CB
:10945000134A144899503200290007F0F1FB9DE7A8
:109460000122E7E72900104807F0EAFB98E7C04629
:10947000184303200843032050B4022018C00220E0
:10948000684103206C070020788B00007C8B000073
:10949000808B0000848B000099920810888B00005C
:1094A0008C8B000020B2091008B20910F0B5C64636
:1094B000847903794279A34322401343342201255E
:1094C00000B5845C4B4A2C40825C120729D54A4F78
:1094D0004A4ABC46865C904682196244127895429C
:1094E00092415242002904D001360E35354046469D
:1094F000855580251D43002C26D10571837A934222
:1095000007D03523C45C293B2340002A20D0042BFC
:1095100060D000238272037300294AD080BCB84611
:10952000F0BD354E0F22B4461A40821862441678B8
:109530005F067F0FB54292413E4152423542D8D13B
:109540007F251D40002CD8D0437A002BD6D0D4E7FD
:10955000002BDED10133037382720029DED1437AFE
:10956000002B04D031220221835C0B43835431222F
:109570000121835C0B438354837C002B0CD031226C
:109580001021835C0B4383543523C35C0E32934319
:10959000802B01D17F3B0375437D002BBED035234B
:1095A000C35C7F2BBAD831220821835C0B438354E0
:1095B000B4E7437A002BDFD031220221835C0B43D6
:1095C00083543523C25C293B1340082BD4D1073B7D
:1095D000C372D1E7033B0373837200299ED1437AA0
:1095E000002B04D031220221835C0B4383542407D7
:1095F000C2D4BCE7C9810000CB810000DB81000040
:10960000C17B437B827B8B430A4013433422F0B5FA
:10961000815C8256002A26DB3E4A825C9A4213D045
:10962000072401221C40A2403B4C045D1D0717D4B7
:10963000250095432A00384D42550125254201D089
:1096400015421AD0334A8354F02200241343BA3A05
:109650008454890702D5827C002A00D04373F0BD70
:109660002243D2B2E7E72022825C002A02D17F3275
:109670001340D1E780221343CEE7867902794479FB
:10968000B2433440224354B2002C19DB3F27234C11
:109690001740065D740835420BD1032C32D00F22DF
:1096A0001F4E64000419A55B15403A012A43A253DA
:1096B000C8E71A4A85180F222C19BA43A272C1E7CB
:1096C0000724164F16093440C4550F2764083A4042
:1096D000354206D0114D45192C190F256A40A2724A
:1096E000B0E70F4E6500B4464519AE5BBE4332434A
:1096F0006646AA53032CA5D18024084AE4018218A7
:10970000D4849FE78024054AE40182181781D48419
:1097100098E7C046CA810000C9810000148A000091
:10972000168A00000F23F0B5CE4647461940284B55
:1097300080B5C154274B9C46614489000A58002AD1
:1097400035D080235B01D51880239B01D418C0231A
:109750009B01D118AC461300270089469626760057
:1097600083511D4B04368351803E8351043E825108
:109770009A2266465200865004328350803A8350C3
:10978000043A85508832875004328350803A83509F
:10979000043A84504C468832845004328350803AD4
:1097A0008350C423C150C0BCB946B046F0BD80212F
:1097B00049018C468021094B89015F18C02189012C
:1097C00089469C4499441A0065463C004946C5E7D1
:1097D000C881000062200000340A032008CA022069
:1097E000F0B54746CE46002380B5394FDFB0684616
:1097F00038493B6010F020FD002861D13B6816AE6F
:109800001F2B56DC10239846334B9946310068468F
:1098100010F07CFD00284CD1B37E002B49D042468D
:10982000337B3D681A4242D172236B44180010F01A
:109830005FFE03283BD97930FF30684403000B3BBF
:10984000FF3B1B782E2B32D103000A3BFF3B1B78DA
:109850001A00413A192A01D82033DBB2732B34D1D4
:109860000300093BFF3B1B781A00413A192A01D833
:109870002033DBB2732B1AD10838FF3803781A0073
:10988000413A192A01D82033DBB2642B0FD172235D
:109890006C006419A40064196B444C4419000C2238
:1098A000200010F0F5FD0023013523733D601F2DCE
:1098B000ACDD684610F010FD3968084807F0C0F9C3
:1098C0005FB0C0BCB946B046F0BD642BC8D0EEE76F
:1098D0000843032040B209106841032044B2091034
:1098E00070B5FF2002F092FC082002F071FCD02439
:1098F000802324065B0063620920636102F068FC38
:1099000080239B0063620A20636102F061FC802374
:10991000DB0063620B20636102F05AFC80231B01B1
:10992000A362152002F054FC802380259B03ED04E4
:1099300063621A2002F04CFC6562192002F048FCB8
:1099400080239B0463621B20636102F041FC80233F
:10995000FA201B056362002163618000A56103F0AA
:1099600075FA656170BDC046D023FF201B061A6AD8
:109970000240DA62802252009A61C046C046C04668
:10998000C046C046C04659685A61084080218900D7
:109990009961C046C046C046C046C046C0465A68E7
:1099A00059611202104380B27047C04603002D2057
:1099B000F0B55C791A5C002C09D0022422431A54B9
:1099C00004301C5C25382040082800D197E0187A24
:1099D000002804D03120185C000700D469E0987B8F
:1099E00000280AD010203F2402431D301A540430AE
:1099F000185CA043802800D17EE0587C002807D066
:109A00003120185C7F2803D80820024325301A54DF
:109A1000DC8B9869E50701D5401A9861C50F5D7721
:109A200030255D5D00284CDBE00501D5988A986102
:109A3000586AAD0626D53221595C00293ED119005D
:109A4000C50F20314D72002827DBD98DC80703D5FB
:109A50008020024353381A542C269E5D5D8DD00918
:109A6000164201D0022211430227264E6A086408DA
:109A70003440324049083C433A433140DC835A8504
:109A8000D985F0BD5D8DED07D9D5401A1900C50FF8
:109A9000203158624D720028D7DA1B485862087A84
:109AA0000028D2D1203002430D301A542C380872CD
:109AB000CBE7012002432C301A5490E7013858625A
:109AC000BDE711481E7F986140206F060BD5012726
:109AD00002432D207E40D2B21E771A54D430FF307C
:109AE0000443DC83A0E7002E9ED102432D20D2B296
:109AF0001A542C38187797E77F3818747DE70738A1
:109B0000D87164E77F7F0000FFFF0000030070B59D
:109B10000F2900D9A5E0584A8900525897463022AB
:109B20009A5C0078D2075DD49A785B7890431340B2
:109B3000184357E03022825C407A91070DD4DC7ADA
:109B4000997AA043214052B20843002A05DA1A7FCD
:109B5000002A00D08DE07F32104031225F219A5CD4
:109B60002D248A43203A511E8A41072152428A43BA
:109B7000195DEF320A402C217F251A55595C11409E
:109B80000D422FD1FF2115401D55DA8D8A43DA850C
:109B900028E030229A5C0078D20764D531229C5CA0
:109BA000273A22402D25023A51424A41595DFC3262
:109BB0000A402C217F265A55595C11400E4205D18E
:109BC000FF2116405E55DA8D8A43DA850E22224047
:109BD0000A2A03D00C222240082A03D10022DA717B
:109BE00000E0C07A70BD2D215D5C40222C009443C2
:109BF000007E143A5C549A5C22405206F2D13F2215
:109C000016E0407EEEE78078ECE7007DEAE7808AA8
:109C1000000AE7E72D215D5C20222C009443406A76
:109C20000C325C549A5CC0B222405206DAD15F22F8
:109C30002A405A54DA8DD2318A43DA85D2E7406A13
:109C40000012C0B2CEE73022805CCBE73122805CCC
:109C5000C8E72D22805CC5E72C228023805C184356
:109C6000C0E70020BEE799785A7888430A4010433D
:109C700094E78022104370E7D8B5091070B50F291A
:109C800004D87C4B89005B589F46427070BDFF2111
:109C9000838A8B4313438382F8E7017D12020A43D0
:109CA0002D218282455C40232C009C434454143B6C
:109CB000C35C23405B0606D13F232B404354C38D36
:109CC000D2318B43C385002382610377DEE7037DB6
:109CD00012021A4382822D22845C40232100994380
:109CE0008154143BC35C0B405B06CFD13F23234020
:109CF0008354C38DD2329343C385C7E7FF252D21FB
:109D0000038C12022B401A430284465C2023340049
:109D10009C4344540C33C35C23405B0605D15F2352
:109D200033404354C38DAB43C38528230021C15422
:109D30004262ABE73023C2549206A7D40122438D7E
:109D400093434385A2E7FF21038C8B431343038492
:109D50009CE73123C254253B13400C2B78D03F2382
:109D600011009943C02900D090E79206D20F0274E7
:109D70008CE7141C7F2A64D82D212C22435CA3433A
:109D80007F244354825C1A40144200D07EE7FF22B5
:109D90001C404454C38D9343C38577E72C2154B2B0
:109DA000435C002C4FDB934343546FE731238272B3
:109DB000C35C5F221900914320294DD02D21455CC1
:109DC00018222C00944344541432825C22405206E0
:109DD00006D167222A404254C28DD2318A43C285BD
:109DE0003F229343802B00D050E7002303744DE7BC
:109DF00031234270C15C273B0B402D24023B5A4269
:109E00005341025DFC3313402C227F250355825CB5
:109E10001A40154205D1FF221D400555C38D9343BD
:109E2000C3850E230B400A2B04D00C230B40082BB8
:109E300000D02BE70023C37128E7C27226E78270A7
:109E400024E77F2498E77F242240134343541DE7EF
:109E50009307DB0FC37182E72D22845C102321005E
:109E6000994381541C33C35C0B405B0600D00DE763
:109E70006F233CE718B60910802270B5344D0400FA
:109E80002800FF21520106F013FD00238022A35079
:109E90000432A3500432A3500432A3500432A3501E
:109EA0000432A3500432A3500432A3500432A3500E
:109EB0000432A3500432A3500432A3500432A350FE
:109EC0000432A3500432A3500432A3500432A350EE
:109ED0000432A3500432A3500432A3500432A350DE
:109EE0000432A3500432A3500432A3500432A350CE
:109EF0000432A3500432A3500432A3500432A350BE
:109F00000432A3500432A3500432A350114B2560F5
:109F1000A5602561A5612562A5622563A563256409
:109F2000A5642565A5652566A56625676360E3606C
:109F30006361E3616362E3626363E3636364E364F5
:109F40006365E3656366E3666367E367A56770BDA2
:109F5000341A0320340A032070B504006C30FFF774
:109F60008BFF2300EC228533FF33A3500432A35030
:109F70002367E366424B0432E318A3500432A35034
:109F8000A36763673F4B0432E318A3500432A35026
:109F9000803AA350E3673C4B8432E318A350043269
:109FA000A350803AA350043AA350384B8832E318A8
:109FB000A3500432A350803AA350043AA350344B28
:109FC0008832E318A3500432A350803AA350043AD5
:109FD000A350304B8832E318A3500432A350803A88
:109FE000A350043AA3502C4B8832E318A3500432F8
:109FF000A350803AA350043AA350284B2000E15CC0
:10A00000FFF790FB264BE258002A32D1802149010C
:10A010000800244DA623A8265B00E250224B7600C0
:10A02000A351803EA351043EA551AA256D00615164
:10A03000AC2149006350803963500439605080215D
:10A04000AE2089015118400021500430235080383F
:10A05000235004382150C02189018C46B22162442A
:10A06000490062500431635080396350E423E25068
:10A0700070BD80235B01D01815000100CAE7C046FF
:10A08000841100008421000084310000844100001C
:10A09000845100008461000084710000C8810000C8
:10A0A00084810000341A0320340A032070B5027E34
:10A0B00004000B2A0AD8C8499300CB589F4643781E
:10A0C00003229343637080235B00E38000232376A5
:10A0D00070BD2A23C35C002B00D024E10B23237620
:10A0E000F6E7C369002B00D1E1E0013BC361EFE774
:10A0F00003234179B94A0B405B009A5AFA232500A1
:10A100009B005343E26808099BB21435002A01DB27
:10A110001432A518002800D1CCE0012800D118E1A4
:10A12000021F012A00D82AE1052800D835E10022C3
:10A13000A2752A78002A01D0013A2A70C90602D5F0
:10A14000A278013AA270E361A54B2383C0E7042201
:10A15000C168657943782A400420002900DAC5E007
:10A1600065182D7D002D01D10343DBB2002AA7D055
:10A170004A005218D200A21811003531FF31096887
:10A18000002900D10EE1A278AA4299D010221343EF
:10A1900096E700222B232A21C2544379DB06DB0FEA
:10A1A00043540262FFF7A0F8002876D08023E361D1
:10A1B0008C4B23838CE72B230122C2544379293211
:10A1C000DB06DB0F835400230362FFF78DF80028C2
:10A1D00063D0E26853009B18DB00E3184133FF3380
:10A1E0001B78002B00D08AE08023E3617E4B238321
:10A1F0006EE783794178002B02D004231943417024
:10A20000236A206BC05C013320710120A071022001
:10A21000014323626170FF2B56D84023E3613F3B2B
:10A220006276237654E70123022283714378134335
:10A23000437090239B00C3616C4B038348E7C26863
:10A2400053009B18DB00C31835338279FF331B683A
:10A25000002A43D10179E06A226A1B189954236AC3
:10A2600001332362FF2B53D94023E361604B2383E7
:10A270002EE7036A02215A1CC318026224331B789A
:10A2800003710123837143780B434370052A1DD862
:10A290004023C361574B03831AE7102263781343AB
:10A2A0006370FA23DB00E361534B238310E7437EA3
:10A2B00003760DE72A78002A47D0013A2A70E36135
:10A2C0004E4BA075238303E70A22A6E72423C35C31
:10A2D000C3704023C361484B0383F9E604214278ED
:10A2E0000A434270002200210271B4E7217D002957
:10A2F00001D10343DBB2002A00D1E1E646E7402268
:10A300006378134363706423E3613B4B2383DFE68D
:10A3100001230222A3716378134363704023E36136
:10A32000324B2383D4E6C3780133C3700023036226
:10A33000FEF7DAFF00281DD02B23E35C80220633D2
:10A3400063760123E2612376C2E60323A0702376BD
:10A35000BEE6A27821798A422BD20132A2702A78F5
:10A36000522A01D801322A700122E361234BA275DF
:10A370002383ADE61022637813436370AEE60122B7
:10A38000A2752A78522A01D801322A70C90600D44F
:10A39000D9E6A2780132A270D5E6A27D002A00D1CA
:10A3A000C7E6EEE74532FF321268002A00D0EAE63F
:10A3B000ECE68A420CD9013AA2702A78002A01D030
:10A3C000013A2A700022E3610C4BA27523837FE6D9
:10A3D000032323767CE6C04658B60910C8BB091093
:10A3E0000103000001060000010700000108000051
:10A3F000010A000001090000010B00000102000039
:10A400000323F0B5194001292FD002292BD00029B0
:10A410002DD1457814090D2C31D001231900294084
:10A420002B4221D1C180C17DC375803342714370FD
:10A43000002938D14B4E4C494C4D4D4F072C69D912
:10A44000042313400B2C00D878E0002B30D00C2CC8
:10A4500037D091234370FA23DB009C46454B61447F
:10A46000C161038300E0C270F0BD8270FCE700238D
:10A47000027102228371437893434370F4E70176BB
:10A480008171290099434170120713D5023BC371B2
:10A49000C368002BE8DBC3181B7D002BE4D1042329
:10A4A00019434170E0E70A250027334E3349C5E7D9
:10A4B0003900CCE701231A002A402B42E8D1C271AF
:10A4C000E6E70023C2680362002AC2DB53009B1840
:10A4D000DB00C3181C003534FF342468002C3AD04C
:10A4E00024238218127D0924C25402690133C25404
:10A4F00000221500C37840319C4255416C422340F4
:10A50000262403552723253CC4541D4B0285C161D5
:10A510000383A9E7A123C2684370002A0ADB530022
:10A520009B18DB00C3184133FF331B78002B01D08D
:10A53000E1234370134BC561038395E7002B00D1E2
:10A540002E000923A3429B415B420433437601233F
:10A55000C661037688E74533FF331B68002BBFD104
:10A5600077E7C0465AC3000050C300002A4E0000DF
:10A57000204E0000010B00003A750000307500000D
:10A58000010900000102000070B5FF2304000D0066
:10A59000FE209D430002854226D0480A7E2818D01E
:10A5A000080B0905090D002A00D16EE0C000201833
:10A5B000C26E1C00515CD0221206106A8443D46221
:10A5C000106941400B40D3618023DB0093615361EC
:10A5D00070BD002AFCD0D02218001206116A8843F0
:10A5E000D06211698B43EEE7E0200840802800D15B
:10A5F0009CE030D8402800D188E000D979E00028DC
:10A6000000D15CE0A448FE25814200D9B2E0002AD6
:10A610002BD1D0221206106A03408020C000D362E2
:10A620009061C046C046C046C046C046C04653685A
:10A630005061DBB2C90700D4BDE198491A098C46C4
:10A640000F210B400721A21862444B4013700122D6
:10A65000934BE254BCE7C02800D17EE0A0230B401E
:10A66000A02B27D0FF25002AB2D0FF22D023100034
:10A670001B06196A8843D862186968400240DA618B
:10A680008022D2009A615A61A2E7D0221206156A8E
:10A690002B40D3628023DB009361C046C046C04696
:10A6A000C046C046C046C000241855685361236F99
:10A6B0005D548DE7002A00D18AE7FE25D5E7794869
:10A6C000814200D99CE001200140002A00D1FDE038
:10A6D00000250029C9D0744BE35C112BC5D81A00A2
:10A6E0000C3A012AC1D9714AE318944663441D7893
:10A6F000BBE76028B6D10F200140002A00D186E0D8
:10A7000020003830FFF702FA0500AEE70F25684B4E
:10A710000D40EB40DB0745D40026002A00D19DE028
:10A720002900201DFFF7F2F905009EE7480700D435
:10A7300083E003200140002A00D1E6E05D4B9C4607
:10A740006444012900D158E1022900D153E10029D4
:10A7500000D048E16578E17187E703200140002AD5
:10A7600027D0002900D1F0E0012900D1E3E0524BCD
:10A77000E55C7AE7002A00D077E7D0221206116A5A
:10A780000B40D3628023DB009361C046C046C046C5
:10A79000C046C046C046516820005361C9B2FEF7AA
:10A7A000C1FF15E7002A58D000212000FEF77EFEE9
:10A7B000B6E7002900D00BE7D0221206116A0B4041
:10A7C0008021C900D3629161C046C046C046C046E0
:10A7D000C046C046536851610F2180221940524241
:10A7E0000A4336496254082213405A425341344ABC
:10A7F0005B421340334A9446334A6344A350E7E62E
:10A80000002A00D1E4E601258D436D002DE7D0201C
:10A810000006026A1340C3628023DB008361C046E6
:10A82000C046C046C046C046C0464268436120009C
:10A83000D2B23830FFF722FACAE6002A00D187E008
:10A840001C4B9C4603236444257A9D43E368013BEB
:10A850005A42534101331D4307E70126D023FF220B
:10A860001B06196A0A408021C900DA629961C04654
:10A87000C046C046C046C046C0465A68201D596101
:10A88000D2B22900FFF7FAF9002E00D1A0E600218C
:10A890002000FEF70BFE9BE62FFE0000038A00005F
:10A8A0000182000007FE0000EE810000DC81000054
:10A8B0000A800000448A0000AA8B0000A98B0000D7
:10A8C00090E8FFFF10270000AC8B0000002900D1AA
:10A8D00074E04B4BE35C112B00D979E6D022FF21C9
:10A8E0001206106A0140D1628021C9009161C04600
:10A8F000C046C046C046C046C04650685161414A45
:10A90000E31894466344187062E6D0200006026A99
:10A910001340C3628023DB008361C046C046C0464B
:10A92000C046C046C04642684361374BD2B2E018C9
:10A93000FFF766FD4CE68023344A5B42A15C0B4383
:10A94000A354334BE55A2D0A8FE6304BE55C8CE679
:10A95000D0221206116A0B408021C900D362916196
:10A96000C046C046C046C046C046C0465368516156
:10A97000D8B20021DA0707D402310A000240551E7E
:10A98000AA415242114001391F4A5B07A218D16007
:10A990002021DB0F13610B0010720340014200D035
:10A9A00016E680201B494000537060521A496350DC
:10A9B000D37513760CE6194AA35448E6D022120642
:10A9C000116A0B40D3628023DB009361C046C0460E
:10A9D000C046C046C046C046516853611F23084A5E
:10A9E0000B40A354F4E500230222A3716378257978
:10A9F0009343637039E6E57837E6A57835E6C046D7
:10AA0000EE810000DC810000448A0000A98B000078
:10AA1000AA8B0000468A0000488A0000028A0000D3
:10AA2000F0B5DE464E4645465746E0B5C84A0D00ED
:10AA30008DB00021040005F03BFFB62301225B002E
:10AA4000E25423002A007133FF3343CA43C303CACD
:10AA500003C3C04BEA69E2506B6A002B01D0BE4AC7
:10AA6000A350EB6A002B01D0BC4AA3506B6B002BA8
:10AA700001D0BB4AA350EB6B002B01D0B94AA350C5
:10AA80006B6C002B01D0B84AA350EB6C002B01D0AB
:10AA9000B64AA3506B6D002B01D0B54AA350EB6DA5
:10AAA000002B01D0B34AA3506B6E002B01D0B24AE9
:10AAB000A350EB6E002B01D0B04AA3506B6F002B5C
:10AAC00001D0AF4AA350EB6F002B01D0AD4AA35089
:10AAD0008423EB58002B01D0AB4AA3508C23EB58B6
:10AAE000002B01D0A94AA3509423EB58002B01D08E
:10AAF000A74AA3509C23EB58002B01D0A54AA35092
:10AB0000FEF7EEFE012733220021601D05F0D0FE86
:10AB10000126FF2320007F4233220021237163732B
:10AB20002672E672667426752783A784393005F08D
:10AB3000BFFE3823E754230038331E71DE714123F2
:10AB4000E754230041331E71DE714C23E7520C336E
:10AB5000E752914BB2229846A04452000021404651
:10AB600005F0A6FE8C4BE6544346DE706A69DF6052
:10AB7000002A00DCE9E000218848D31704F0A4FF94
:10AB80008025874BED01E050864B874AE552002334
:10AB9000A352864A0021A352FF22854BE254854BE3
:10ABA000EF3AE01805F084FE0122834BFF21E254C6
:10ABB000824BBF32E254824B824A8348E2522A00DF
:10ABC00005F076FE2000FFF7C7F9804A804B05921A
:10ABD000012291469246E3180A93059B0A9D5E1E48
:10ABE0000023B3469C462E006246059B00279B5CD3
:10ABF000052210004946D8460796E346032500245F
:10AC000000220600BC460093DB1019400191009918
:10AC1000681C4B460141194002235B1B042B00D8E2
:10AC2000DCE0019B06935B46002B51D0434648462F
:10AC30001B781F11074058460497082800D176E07A
:10AC4000002961D1414657468878DB1001110F4039
:10AC50005146C01003970B4008400699002911D0B7
:10AC600001215940049B1940039B002B01D000286F
:10AC70003FD0002906D08023DB00234161461943E1
:10AC80008BB29C46013E0234013D002EBFD1012310
:10AC90006746DC46C3469846C44463463000079E78
:10ACA000C344378072800436092B9DD10A9B494AE0
:10ACB00028330A93059B30800933708005939A42AC
:10ACC0008BD10DB0F0BCBB46B246A946A046F0BD44
:10ACD000002919D1019B002BD4D05046059B5B78ED
:10ACE0001B111842CED0434698785346C0101840E6
:10ACF000BFD1002915D08023DB0023419BB26146E0
:10AD000019438C461A43BDE7802180230901214164
:10AD1000DB002341604689B20B43184383B29C4653
:10AD20000A438023DB0023419BB21A43AAE7002990
:10AD3000EAD101990029A5D05146DB100B40012131
:10AD40004B4004990B40190093E7234818E7C0468D
:10AD5000B4DA010084810000888100008C81000049
:10AD60009081000094810000988100009C81000087
:10AD7000A0810000A4810000A8810000AC81000037
:10AD8000B0810000B4810000B8810000BC810000E7
:10AD9000C0810000C4810000448A00000080841E3D
:10ADA000408A00003A8A00001E8A0000208A0000C3
:10ADB000C9810000038A000001820000A98B000005
:10ADC000AA8B00000080FFFF08CA022048B80910C3
:10ADD000B08B0000A8BB0910B35A0000009B4F467F
:10ADE00033411F400B976B1C00D135E1009B4F4650
:10ADF0002B411F405B460697002B00D10BE14346D9
:10AE00001B781F00089307414B461F405B46049781
:10AE1000082B00D1F2E04746BF78089B0297074114
:10AE200038005746074018000397304157462B41DA
:10AE30000740504603400298099730415746074063
:10AE400002980897284157463840002900D05BE710
:10AE50000B99002900D100E70499002922D0099913
:10AE6000002957D00699002946D001214B4003996B
:10AE7000DBB2002900D188E00899002900D09AE0CF
:10AE8000002800D0AEE08021C900214189B2002B0A
:10AE900015D063460B439C4680231B0123411A4374
:10AEA00092B23EE7069B002B26D0039B002B00D1DD
:10AEB000E8E6089B002B00D083E0002824D1802303
:10AEC0001B0123411A438023DB00234192B29BB232
:10AED0001A43D7E64846059B5B78184043469B7863
:10AEE00003903341484618400890002900D00BE7F2
:10AEF0000B9B002B00D1C5E6039B002B00D1C1E6C4
:10AF0000089B002B00D0BDE680231B0123411A4380
:10AF100092B2B7E6069900291CD001214B40D9B264
:10AF2000039B002B29D0089B002B32D180231B01CF
:10AF300023419BB2002848D060461843844600292C
:10AF400000D1DFE68021C9002141084381B28C464F
:10AF50001A4397E680231B012341614601209BB2DF
:10AF600019438C4608994140C90700D48AE60399E1
:10AF7000002900D186E61A4384E680231B01234181
:10AF80006046184383B29C4673E6002B00D072E6FD
:10AF900078E680231B0123410028F1D16046184345
:10AFA00083B29C468023DB0023419BB2002900D062
:10AFB000A5E61A4366E60028E7D1002B00D09AE602
:10AFC000AFE6002800D05DE6ABE660461843844655
:10AFD000002911D08021C9002141084381B28C464B
:10AFE0001A439EE6002B8FD08023DB00234161466D
:10AFF00019438BB29C4687E71A4392E6089B4F465B
:10B00000180030412B410740484603400020099773
:10B010000890039019E7059B5F783B000341484681
:10B0200018403B000390334148461840434608907F
:10B0300098784B4628411840002900D064E60B9BC5
:10B04000002B00D02EE7069B002B00D11AE6039BB5
:10B05000002B00D116E60AE65B46002B00D139E74B
:10B0600043464F4658461B781F400497082810D087
:10B0700040464F4680783341074003974F46304162
:10B080001F404B460340089300230997180006937E
:10B09000DBE6334148461840002309900893180026
:10B0A00003930693D1E6C046F8B5FF23FF2580241D
:10B0B00043609C460121002321221F4E64000700AB
:10B0C0002D028660C560046181828354002224378A
:10B0D00043847A723627C38503638386C255056429
:10B0E000674648258763C6634464415301004C3179
:10B0F000CB824A724B814A756821436643520100F4
:10B100006A310A700D490E4D41184A7044530D4C76
:10B11000802503510C4BCA750A760C4AD024C252C2
:10B12000FEF71AFFFA20ED042406A5610021800035
:10B1300001F08CFE6561F8BD01000001448A000049
:10B14000468A0000488A0000C881000000FFFFFF17
:10B15000F0B5D3B029AC94220021200005F0A8FB63
:10B160009421334B334A2C93334B62502E93334B01
:10B17000982230938023DB01A350314A083162507A
:10B18000A0222100A35068460432319305F096FBBB
:10B190002C4C69462000FFF743FCFF2321229C46EC
:10B1A00063600023FF25A3542D2700222D020120D8
:10B1B000E560256448258021E2550937E255674658
:10B1C0006053A08254302254013023520B30225459
:10B1D0000130235206302352023022541A484900CB
:10B1E00022541A48216121526164194963846350D1
:10B1F000E3852363A3866366164B174EE254174B11
:10B200002000E254164B174AA660E252A763E66399
:10B210008025D024FEF7A0FEFA202406ED040021AC
:10B22000A561800001F012FE656153B0F0BDC0461B
:10B230009192081028E20120225600002862022084
:10B24000282202206C070020458A0000468A000060
:10B25000488A00005B8A0000010000015C8A00004F
:10B26000C881000000FFFFFF10B548283FD04428E8
:10B2700022D0031F192B0DD903001E3B082B2CD9FC
:10B280002738C0B2BF2804D81D4B4000C25E531CF3
:10B290002BD110BD1B4BC35C1A00FF2A21D00F20FD
:10B2A000012218405B065B0F9A40174913000A0001
:10B2B000415C0B438354ECE7144B1C68002CE8DD25
:10B2C000134B21001868013004F0B0FB081EE0DBCE
:10B2D000A142DEDAFEF758F8DBE70E4BC35C1A003A
:10B2E000DBE70D48FFF7E0FED3E7D3B2D5E7002058
:10B2F0000A4B0A220100D86002F0C6FDFEE7C046F4
:10B3000088B6091010B809103789002008430320B7
:10B3100050B40220EAB709106C07002000800540F5
:10B32000031F192B1ED903001E3B082B09D92738F0
:10B33000C0B2BF2804D80E4B4000C25E531C15D1CA
:10B3400070470C4BC35C1A00FF2AF9D00F21012073
:10B3500019405B06084A5B0F984013008A5C8243E1
:10B36000CA54EDE7054BC35C1A00EDE7D3B2EBE737
:10B3700088B60910EAB709103789002010B80910FB
:10B38000F0B5DE46574645464E46E0B50D208DB039
:10B3900002F064FD0A2001F0C7FDB64D0BABAC6AAC
:10B3A0000AAA200009A900F0B3FD8246002803D1B3
:10B3B0002100B14802F062FE0B9A0A99099800F048
:10B3C0006BFD05F049FC0AF015F9AC4805F050FB9F
:10B3D000AB4C0021200024224030256005F068FAA3
:10B3E0000222A84B1025E3630123A2640C32E2641D
:10B3F00004322265063AA2655032A354636465653F
:10B4000000F0CAFF060000F0C7FF31000200200074
:10B4100005F08EFD08229C499C4806F04BFAC82294
:10B42000002192009A4805F043FA9A4805F020FB63
:10B43000994B9A481D6005F04FFDFFF789FE0023E8
:10B4400099460393964B974C0193974B0593974BD3
:10B450000693974B0793974B9846974B9B464346CB
:10B46000C84699465B46D02580279B6A934E049335
:10B470002D06BF03AF61FEF777FA01226B682080CB
:10B48000DB0A1340A3706F61FEF76EFAA278010029
:10B490002000FFF779F88A4BE35CDB0604D4012235
:10B4A000884BE3581A420AD02000FDF723FE854B53
:10B4B000E358DA43920745D0DA43520737D0814A3E
:10B4C0000133013EA350002ED4D10120002140427F
:10B4D00008F0B2F8059A1378002B0ED1069B1B7862
:10B4E000002B0AD001231370FEF77AF9079B1B6823
:10B4F000002B02DD0020FDF747FF5B469D6A049BA1
:10B50000ED1A714BE550039B9C46AC446346039394
:10B5100001239C46E0444346FA2B00D19CE06B4853
:10B52000401B00289EDDC11701F090FC9AE7200027
:10B53000FCF710FF634A013EA3580133A350002ECD
:10B5400098D1C2E701212000FDF7B0FF2000FEF7EF
:10B5500057F85F4BE279E35C9A4273D03522A15CE5
:10B56000002B71D0343A0A40E3715A4B6272E358AF
:10B57000594AA25C002B4BD0022B00D20223554922
:10B58000023B6350002B43D1544B5549E1520F23EA
:10B59000134060221343504AA354237C002B59D0FC
:10B5A0003523E25C253B134001220021DB06DB0F43
:10B5B0005340DBB22174201D0221A374FEF7F6F97B
:10B5C00023003833029002211800FEF7EFF9029BA6
:10B5D000002B33D1002831D180239B046B6101986B
:10B5E000FEF764FD0198FEF761FD019A3D491300E5
:10B5F000D2888C461000411E88413B496344585410
:10B60000002A15D1802212056A612E4A9B5853E701
:10B61000217C50B20023D2098A42CBD03523E25C90
:10B62000253B13400028BFDADB065146DB0FC1E79C
:10B6300080221205AA61234A9B583DE780239B0480
:10B64000AB61CCE700228FE701220120114041408D
:10B650000A4089E70021ADE7FA21039804F00EFAC9
:10B66000164A0100484605F0EBFA0023984603937A
:10B6700055E7C04674B2022094B209105CB20910BA
:10B68000A430032000002050AC060020A8BB091005
:10B690008C03002084B2091000200340C100002068
:10B6A000B09100206C0700201943032016430320AB
:10B6B00008430320C8B2091000400540409C000028
:10B6C000028A0000B0DA0100B4DA0100204E000066
:10B6D000F9810000AC8B0000A98B0000AA8B000050
:10B6E0000080FFFFBC75FFFFA88B000010B509F0BC
:10B6F0000BF910BDF0B54F464646D646C0B5884654
:10B700000700140009F0EAF8012808D04146380083
:10B7100009F0FAF8E0BCBA46B146A846F0BD0123EC
:10B720009946B24B00259A46B14E23784A462B41A2
:10B730001A4207D033782B411A4203D15346585D41
:10B74000FFF792FD0135082DEFD1A078002800D039
:10B7500050E1E078002800D02CE12079002800D0CA
:10B760000DE16079002800D0EEE0A079002800D03B
:10B77000CFE0E079002800D0B0E0012399469B4B50
:10B7800000259A4633784A462B411A4207D023783F
:10B790002B411A4203D15346585DFFF7C1FD0135D5
:10B7A000082DEFD1B07800287DD1F078002865D140
:10B7B000307900284DD17079002835D1B079002832
:10B7C0001DD1F079002805D108222100300005F0B4
:10B7D00075F89BE7A3788342F6D0E3788342F3D0F1
:10B7E00023798342F0D063798342EDD0A3798342F9
:10B7F000EAD0E3798342E7D0FFF792FDE4E7A3784C
:10B800008342DED0E3788342DBD023798342D8D0F1
:10B8100063798342D5D0A3798342D2D0E37983423E
:10B82000CFD0FFF77DFDCCE7A3788342C6D0E37885
:10B830008342C3D023798342C0D063798342BDD091
:10B84000A3798342BAD0E3798342B7D0FFF768FD8A
:10B85000B4E7A3788342AED0E3788342ABD02379B8
:10B860008342A8D063798342A5D0A3798342A2D032
:10B87000E37983429FD0FFF753FD9CE7A37883428F
:10B8800096D0E378834293D02379834290D0637932
:10B8900083428DD0A37983428AD0E379834287D0D3
:10B8A000FFF73EFD84E7A378834200D17DE7E3788C
:10B8B000834200D179E72379834200D175E7637928
:10B8C000834200D171E7A379834200D16DE7E37928
:10B8D000834200D169E7FFF723FD66E7B37883422F
:10B8E00000D14AE7F378834200D146E733798342B7
:10B8F00000D142E77379834200D13EE7B3798342B6
:10B9000000D13AE7F379834200D136E7FFF7ACFC88
:10B9100033E7B378834200D12BE7F378834200D139
:10B9200027E73379834200D123E77379834200D13B
:10B930001FE7B379834200D11BE7F379834200D13B
:10B9400017E7FFF791FC14E7B378834200D10CE7C7
:10B95000F378834200D108E73379834200D104E7CA
:10B960007379834200D100E7B379834200D1FCE6CA
:10B97000F379834200D1F8E6FFF776FCF5E6B37879
:10B98000834200D1EDE6F378834200D1E9E63379D2
:10B99000834200D1E5E67379834200D1E1E6B379D1
:10B9A000834200D1DDE6F379834200D1D9E6FFF787
:10B9B0005BFCD6E6B378834200D1CEE6F3788342CF
:10B9C00000D1CAE63379834200D1C6E67379834257
:10B9D00000D1C2E6B379834200D1BEE6F379834257
:10B9E00000D1BAE6FFF740FCB7E6C046D0BB09106D
:10B9F00030410320B378834200D1AAE6F378834232
:10BA000000D1A6E63379834200D1A2E6737983425E
:10BA100000D19EE6B379834200D19AE6F37983425E
:10BA200000D196E6FFF720FC93E6C0467047C0467B
:10BA3000F0B5DE4657464E4645460400E0B50E00DA
:10BA400083B0042100F09AFB2207530F0920984687
:10BA500002F08EF904F070FE5D4904F066FE5D4967
:10BA600004F04FFE051C300004F066FE011C281C8B
:10BA700004F047FEFA21890504F057FE564904F008
:10BA80003AFE8321C90504F050FE04F07DFE4346D2
:10BA90009B0043449B0099460026FF2201254F4B03
:10BAA0002C404B441E609E60DE601A6158601D6031
:10BAB000012005F037FF4A4B6400186001209B46C7
:10BAC00005F030FF474F3860012005F02BFF464B53
:10BAD000424618609A465B4618321968D2030192B2
:10BAE000424ACB021340C00203434148019A03403B
:10BAF0000920134303439C46A0233E4A8901DB05EA
:10BB0000CB181A6090463C4A44449346D9444A466E
:10BB10005A6004229A6062461A613B68374A9C4622
:10BB2000DB021340019A13430343A0206246C00581
:10BB30008146920132484A44106032488146494465
:10BB4000516080219160136163462A009A402E4B18
:10BB50000C201A602D4900F063FC01210C2000F03C
:10BB600039FC53461B682A4AD9021140294A9B01D5
:10BB70000A43A021C9058C462749634419605C60CB
:10BB80000C00083C9D6020001A61894600F0DAFE36
:10BB9000802200214846120104F08AFE8020000124
:10BBA00020220021484404F083FE1C4BA022E650D2
:10BBB0001B4BD205E6523B689D408623DB00D550E7
:10BBC00003B0F0BCBB46B246A946A046F0BDC04695
:10BBD00000007A4400007F430AD7A33C00000540E0
:10BBE000384103205C4103203C410320FD871FFFB7
:10BBF000FF7FE0FF444103200C000540FD7F00FF74
:10BC000054B402203C0000501424005029A2022009
:10BC1000FDFF1FFF11801F00ECA20220280800007A
:10BC20002C080000802130B5124B134A09019A5AA2
:10BC30008A421ED2114D5C5B621C92B28A428941DB
:10BC40001C190A4020725A531868EFF3108172B61B
:10BC50000268002AFCD0BFF35F8F074859601A5A68
:10BC600001321A521B68BFF35F8F00221A6081F302
:10BC7000108830BDE4A202202C0800002808000033
:10BC80000022024B1A5401207047C046184103207D
:10BC9000F0B5C64600B54B6804001B7B0D0084B0B0
:10BCA000002B48D10B68597B09F0B2F92B680700CB
:10BCB000597B200009F0BAF90823010080205B427B
:10BCC0004003984603F0DAFE214E0100380003F0ED
:10BCD000D5FE33001F4D1033B0440100424628000A
:10BCE0000093330004F0ACFF1B4B03AD1A88932084
:10BCF0002A809B788000AB702300604330332B7028
:10BD0000164B29000122C0180DF0ECF9011E0DD1CF
:10BD1000022102A80DF09AFE002811D10122012073
:10BD20000F4B1A7004B080BCB846F0BD0D4804F04B
:10BD300087FF0020F6E70C4804F09AFE0020F1E7A8
:10BD400028000DF009FE09480DF024FEE6E7C04684
:10BD50000441032004B3091048B3091078350320C7
:10BD60001643032024B30910E8B2091040B20910A9
:10BD700010B5040082B0064804F07AFE00212000CD
:10BD8000044B054A009109F069F902B010BDC046A4
:10BD90004CB3091091BC0810F440032000B5074BC8
:10BDA00083B01A8801A90A809B783030087000227D
:10BDB0008B7000200DF096F903B000BD48B3091058
:10BDC00010B509F041F9012358404000C0B210BD40
:10BDD0000020704730B5040001200E4D85B0285575
:10BDE000002002900C489BB20190009320001300A9
:10BDF0000A00002109F0A4F92B5D002B07D00120D7
:10BE00000021404207F018FC2B5D002BF7D10020E9
:10BE100005B030BD1841032081BC081030B50400C6
:10BE200001200E4D85B02855002002900C489BB291
:10BE300001900093200013000A00002109F02CFA61
:10BE40002B5D002B07D001200021404207F0F4FBBE
:10BE50002B5D002BF7D1002005B030BD1841032029
:10BE600081BC081010B51400022910D009D800298F
:10BE700005D0002109F0CCF80004000C206000205F
:10BE800010BD04200329FBD101231360F7E7002133
:10BE900009F0CCF82080F2E7F0B583B005000E0081
:10BEA000140000F0E7F9002801D003B0F0BD154FF1
:10BEB00001223B0001210097053001F065FD3300B0
:10BEC0002A0000940121104801F076FF210028008B
:10BED000714303F0D3FD04000C4B002200930221B8
:10BEE000042001F051FD23000022012100940520CF
:10BEF00001F04AFD3B00022200210097062001F0DC
:10BF000043FDD2E7006CDC0200800240001BB7005A
:10BF1000F0B54E46DE4657464546E0B51600924A15
:10BF200085B09346A022520091465A4603969B46FE
:10BF3000060001920291019B8C4A93420DD9012384
:10BF40005B429C468A4AE1449446019B63440193C8
:10BF50004B460F2BEFD100208EE01F00854B0724AE
:10BF60009C4667442300634338001900984603F059
:10BF700085FDA246651E864250D06C4338002100E4
:10BF800003F07CFD864259D06B1E9846012D00D1EE
:10BF9000D3E05346E41A2100380003F06FFD8642D7
:10BFA00058D0AB1E9846022D00D1B9E05346E41A92
:10BFB0002100380003F062FD864264D0EB1E9846F3
:10BFC000032D66D05346E41A2100380003F056FDD5
:10BFD000864200D172E02B1F9846042D00D174E0F8
:10BFE0005346E41A2100380003F048FD864200D190
:10BFF0007DE0052D00D17FE053463800E11A03F0C3
:10C000003DFD06248642ADD10029ABD1C8465B4632
:10C01000D14601250298039E26E0A84641463800F5
:10C0200003F02CFD002900D197E0651EA2466C4369
:10C030003800210003F022FD8642A5D121003800FE
:10C0400003F01CFD00299FD1C8465B46D1460298EB
:10C05000039E09E00029A4D15246C2465B46C84669
:10C06000554691460298039E4246434951434A46EB
:10C070000160012032601D6005B0F0BCBB46B246D5
:10C08000A946A046F0BD0029E6D0EB1E9846032D38
:10C0900098D1092138000324092503F0EFFC8642DA
:10C0A000BBD00323062138009A460334073D03F032
:10C0B000E5FC8642C2D0012398466AE70029CBD02E
:10C0C0002B1F9846042D00D08AE704240C353B0929
:10C0D0009E42A2D004230C2138009A4608340D3D1C
:10C0E00003F0CCFC8642A9D00223984651E70029F0
:10C0F000B2D0052D00D07FE719213800192503F0B3
:10C10000BDFC864226D01421380003F0B7FC05237D
:10C1100014249A4686421BD0023B9846153D38E7C8
:10C12000042302249846BB089E4200D176E7A2462B
:10C13000013D7B089E4200D180E7B74200D0FEE679
:10C140000122C8465B46914601250298039E8BE773
:10C15000042573E7A846052460E7C8465B46A14668
:10C1600025000298039E7FE750262F0050F80C0010
:10C1700020D1FFFFB0710B00001BB700094A10B5BA
:10C1800094464024830063441A68C00062408034AF
:10C1900014408022520113431C60034B9C466044B0
:10C1A000416010BD04C0014000400140074BC00089
:10C1B0009C466044036809025940C0239B00194013
:10C1C00080235B01034319607047C046044001406F
:10C1D0000123D0228340120693629361094A4021D1
:10C1E0009446830063441A68C0004A40803111407D
:10C1F0008022520113431960034B9C46052360447F
:10C200004360704704C00140004001404021F0B548
:10C21000D6464F46464688468031D0258C46C0B526
:10C22000BB398027002301248A46104A2D067F014E
:10C23000044211D0210099404646A962A9611168C3
:10C240007140664631403E0016433160084ED900C9
:10C25000B146564649440E600133400804321E2B55
:10C26000E6D1E0BCBA46B146A846F0BD04C00140E4
:10C2700004400140024B18688007C00F7047C04659
:10C2800000C00640EFF3108072B6034A1368002B1B
:10C29000FCD0BFF35F8F70472C0100D0BFF35F8FDE
:10C2A0000022024B1A6080F3108870472C0100D0E6
:10C2B00070B5EFF3108C72B60D4D2B68002BFCD0CF
:10C2C000BFF35F8F0724CB08C618C05C01230C4066
:10C2D000A3401C000440034207D118433070BFF351
:10C2E0005F8F2C608CF3108870BD100001F0C6FECB
:10C2F0002C0100D0F8B54746CE46884680B5EFF30E
:10C30000108C72B61C4D2C68002CFCD0BFF35F8FD4
:10C310009A4222D807210126894602E0013293423F
:10C3200018D34D4637001540AF40D4080119045DBD
:10C330002742F3D110003C430C70BFF35F8F002203
:10C340000D4B1A608CF3108800280EDBC0BCB94678
:10C35000B046F8BD01204042EFE7BFF35F8F0023F6
:10C360002B608CF31088012040424346002BEDD017
:10C37000089801F083FEC0462C0100D00021044B38
:10C38000044ABFF35F8F02C39342FAD17047C0469D
:10C39000000100D0800100D0044A1078431CDBB2B9
:10C3A000172B00D9102313707047C04658B40220D1
:10C3B00010B5064B064C82B00100009318221F23D3
:10C3C0002000FFF797FF02B010BDC04664B309100C
:10C3D0005430032001238340002904D0034A136012
:10C3E000034A13607047034A1360FBE780E200E0F2
:10C3F00000E100E080E100E001228240034B1B6885
:10C4000013405A1E9341D8B27047C04600E100E085
:10C41000024B10309B688000C058704700ED00E070
:10C4200070B50D00EFF3108672B60F4A1368002B3B
:10C43000FCD0BFF35F8F0D4B10309B6884001B59FD
:10C440000B4A934203D09D4201D001F02FFE074BCF
:10C450009B681D51BFF35F8FBFF35F8F0022024BBC
:10C460001A6086F3108870BD240100D000ED00E052
:10C47000CD810810F0B557464E46DE464546E0B53C
:10C4800085B0060000911700EFF3108B72B66A4A70
:10C490001368002BFCD0BFF35F8F0025674B5D57FF
:10C4A0009A46002D00DAA9E06B00654C01935B19F8
:10C4B0009B009846A146C1444B4652469B79103694
:10C4C0001370604BB6009B6899590B1B2F2B33D907
:10C4D0005D4B994200D0ACE0019B42469C465B4BD1
:10C4E0006544AD0063535A4B0232A218043B9B1AB9
:10C4F0001B05584A5B0D651913436B80564B012190
:10C50000AB80FF23AB71009BEF71AB604B460B43DD
:10C5100019004C4B9B689951BFF35F8FBFF35F8F3E
:10C520000022454B1A608BF3108805B0F0BCBB4667
:10C53000B246A946A046F0BD01200A008243D37945
:10C540008C46BB4231D84546130044491B1B5B4116
:10C550005943090D3D4B63533D4B02356519043B6F
:10C560005B1B1B053B4D5B0D2B43AA464D466B8069
:10C570000425AC465546E044131F44441B1B1B05D1
:10C580005B0D1D434B46997100999D80996049460A
:10C59000DF71334B01431360BBE75800C0188000C4
:10C5A0002018C179B9422FD902000623D356002B97
:10C5B000F3DA02932B4B61460393131D9A4604232F
:10C5C0005B429C46E14450464B461B1A1B055B0DE3
:10C5D0009C46204B957198466346404603439380A2
:10C5E000019B5A199200039BA418A380029B1C4A2A
:10C5F000A371009B2260E771A3608AE701F056FDFA
:10C60000002553465D574FE7908802934005131D60
:10C610009A46031561469C464046D444634604301E
:10C620002018181AE0230005400D1B021843039040
:10C63000C5E701F03BFD4FE7240100D0154303207F
:10C640005CB4022000ED00E0CD81081000A1FFFFE6
:10C650008CB4022000E0FFFF01BDFFFFAAAA00008A
:10C660000148804701BD0000F8B5DE4657464E46FA
:10C6700045460C00E0B5EFF3108872B65B4A1368CC
:10C68000002BFCD0BFF35F8F594B5A499A680300C7
:10C6900010339F00D5599C468D4238D0A54248D0D2
:10C6A000554EAA1B2F2A32D80122130083409946E7
:10C6B0005248006803409A464B4651480360BFF316
:10C6C0005F8FEFF305839B46002B34D09C4501D050
:10C6D00001F0ECFC01232A009A439068844208D1BF
:10C6E00072E04B005B189B00F3189868A04232D0B0
:10C6F0001A00062151560029F3DA844250D05346DD
:10C70000002B24D04A463F4B1A603C4B1A60384BF2
:10C710009B68DD51BFF35F8FBFF35F8F0022334B08
:10C720001A6088F31088F0BCBB46B246A946A04602
:10C73000F8BD0D00EBE72B00934398681A00844284
:10C74000D7D106201856002809DA0D0030E04A46F5
:10C750002B4B1A60DBE706201856002821DB42002D
:10C760001118890074188B46A1689960E179D97114
:10C77000062161569971002924DBA488F11A640509
:10C7800024155C44091909051F4C490D2143998062
:10C7900013181E4A9B001178F31899711070AEE7B8
:10C7A00013005946002914D1FF3191711849918025
:10C7B00016490A789A71174A9B1B5B415A43120D1E
:10C7C0000A709CE71249E2E7062010561300002881
:10C7D000C5DA114A1149D21A083A5002400D0143F4
:10C7E00099800F4952080A43DA8088E7240100D073
:10C7F00000ED00E0CD8108105CB4022000E100E013
:10C8000080E100E080E200E000E0FFFF154303204C
:10C8100001BDFFFFAAAA000096B4022000F0FFFFAE
:10C8200000F8FFFF70B5EFF3058101240443EFF337
:10C83000108C72B6214A1368002BFCD0BFF35F8FB7
:10C840001F4B05001F4AED1A6D416A43120D1E4D24
:10C850008900AE6852B27658A6421CD006215956BD
:10C8600091421CD012215956914222D01E21595674
:10C87000914220D02A2159560324914210D0134BC3
:10C8800019781A708171BFF35F8F00220B4B1A6009
:10C890008CF3108870BDAB680D4C5C50EFE7002442
:10C8A0006100091989005B18FF2199710949998074
:10C8B000E5E70124F4E70224F2E7C046240100D0B2
:10C8C0005CB40220AAAA000000ED00E0154303209A
:10C8D000CD81081001BDFFFF054B064A1360064AD3
:10C8E000136053609360D360136153619361704729
:10C8F0008080808000E400E004E400E0024B9C467D
:10C9000061448900016070474000003410B50400A4
:10C91000FFF742FD01002000FFF7F0FFFF23237126
:10C92000BFF35F8F10BDC04610B50400FFF734FDA4
:10C9300001002000FFF7E2FFFF23A380BFF35F8F1A
:10C9400010BDC04610B504000120FFF731FD034BB8
:10C95000C3189B002360BFF35F8F10BD40000034FD
:10C9600083680B4810B58446614462441201090192
:10C9700059189B185C684A680120944201D802D07B
:10C980000020C0B210BD1A680B689A42F9D8F7E7C8
:10C99000FFFFFF0F0A4B1968EFF3108072B60A68A9
:10C9A000002AFCD0BFF35F8F1B68BFF35F8F0022AC
:10C9B0001A6080F3108840BF002000217047C046F5
:10C9C00048410320F8B557464E464546DE46E0B599
:10C9D00098460CAB1C780DAB1B78070091469A4625
:10C9E0000668002C57D1B47B002C3AD06500316822
:10C9F0002D19033D49194B78B373002B00D1F37304
:10CA000000238B704B700B702D4BE218BB6812012A
:10CA10009B184A461A6042465A600A9A9A600B9AD4
:10CA2000DA6000238B704B700B70737B9B46002B7E
:10CA300024D0220073685946B06898475B465B0073
:10CA400032685B44033B5519D21800280FD05B466F
:10CA5000AB701378002B24D15B46147073735C4564
:10CA60000DD0F0BCBB46B246A946A046F8BD9470B6
:10CA70002B78002B00D053705B462B7074734A46A2
:10CA80004346387D00F034FC051E11D10E9B002B6F
:10CA9000E7D01D70E5E7650031682D19033D4919A0
:10CAA000B2E76B705B46147073735C45D9D1E6E7EF
:10CAB0005346002BEAD12100386800F04FFEE5E72D
:10CAC000FFFFFF0F664B8200F0B5D4580023DE460F
:10CAD00057464E4645469B46E0B58DB0099000F05E
:10CAE00073FB626806000F00EFF3108872B61368DC
:10CAF000002BFCD0BFF35F8F23689C465B7B99467D
:10CB0000002B0DD16368BFF35F8F4A461A6088F32C
:10CB100010880DB0F0BCBB46B246A946A046F0BD99
:10CB2000504BA5684B441B01ED182868696802004A
:10CB30000B00921BBB41002B0EDD02000B0009987D
:10CB400000F0D6FB6368BFF35F8F5A461A6088F324
:10CB500010880028C3D1DCE7002B01D1002AECD1DA
:10CB60000021604600F066FDAB6802002868696835
:10CB70009A46EB680A900B9108934B465D1EE3685A
:10CB8000585D6368000202432261BFF35F8F5A461B
:10CB90001A6088F310885346002BBAD04B46089988
:10CBA0001843D047626806900791EFF3108872B679
:10CBB0001368002BFCD0BFF35F8F079B002B27DB94
:10CBC000069A079B1100194302D02369002B3BD121
:10CBD0002368D97B002906D01A68480041185218EA
:10CBE0004946033A51709A7B002A01D14A469A730A
:10CBF0004A46DA73E268535D013353555B4623615D
:10CC00006368BFF35F8F5A461A6088F3108866E73F
:10CC10002369002BDCD00A9A0B9B06980799121AFD
:10CC20008B41002B02DA01220F4B5242002104916A
:10CC30000131039149460291089920000191514622
:10CC40000091FFF7BFFED9E700F0BEFA069A079BF6
:10CC500012184B41002BE9DA0122034B5242E5E75F
:10CC600020410320FFFFFF0FFFFFFF7F10B5144C93
:10CC70006368002B04D00A211248FFF73FFE10BD65
:10CC80002300114A1021206800F0E0FB032000F08F
:10CC90008FFA032000F094FB03200C4900F0E2FA25
:10CCA000FFF77AFB0A4B9C4603232375D0231B0610
:10CCB0001B6860446375074B80006060DC60DAE7E6
:10CCC000A4B402204841032061C90810C5CA081055
:10CCD0004000003420410320F0B54E465746DE4662
:10CCE0004546E0B587B0019312AB1B78060005936B
:10CCF00000239A46994600927268EFF3108B72B641
:10CD00001368002BFCD0BFF35F8F3568AC7B002C21
:10CD100000D170E067002B683F19033FDB195A7898
:10CD2000AA73002A00D1EA73464AA118B268090121
:10CD300052180098019910605160109991601199F2
:10CD4000D1604A469A705A701A706B7B9846002BD5
:10CD500061D022006B684146A868984743465B0053
:10CD60002A684344033BD719D21800284CD04346C5
:10CD7000BB701378002B00D07B70434614706B732C
:10CD8000444549D0F3681B19013B18787368BFF319
:10CD90005F8F4A461A608BF310885346002B08D1E8
:10CDA0000002204307B0F0BCBB46B246A946A046ED
:10CDB000F0BD059B002B43D0109B00201199984794
:10CDC00003000B433CD002900391002931DA009B11
:10CDD000019C0299039A5B1A94418022009301946A
:10CDE0001206944204D30123174C5B420093019432
:10CDF000059B9A4680E77368BFF35F8F1C608BF3D7
:10CE0000108801204042CDE794703B78002B00D081
:10CE1000537043463B706C73307D009A019B00F069
:10CE200067FA82460028ADD02100306800F096FCF9
:10CE3000A8E700F0C9F9029B039C1B184C41CCE702
:10CE40000020AFE7FFFFFF0FFFFFFF7FF0B5C646F3
:10CE500000B584B004000D0000F0B6F924184D416F
:10CE6000002D02DA01242B4D644206267642F71784
:10CE700036196F41AF4214D811D000F0A5F9320035
:10CE80003B00121A8B41002B15DC002B3ED02000FA
:10CE9000290000F0D7F904B080BCB846F0BDA64226
:10CEA000EBD90026002700F08FF932003B00121A60
:10CEB0008B41002BE9DD002302930193164B3200D6
:10CEC000009316483B00FFF707FF0130DFD0002337
:10CED00039009846124A1348536A994204D8976A0F
:10CEE000BE42D4D99942D2D10768EFF3108C72B602
:10CEF0003B68002BFCD0BFF35F8F0368BFF35F8FED
:10CF000047461F608CF3108820BFE5E7002ABED09B
:10CF1000D1E7C046FFFFFF7F95C90810A4B40220E7
:10CF20000040054048410320F0B5C64600B584B036
:10CF3000040000F049F9FA2206000F002000002347
:10CF40000021920003F0BAFB8019794104000D1E04
:10CF500002DA01242A4D644206267642F717361972
:10CF60006F41AF4214D811D000F02EF932003B00CF
:10CF7000121A8B41002B15DC002B3ED0200029001B
:10CF800000F060F904B080BCB846F0BDA642EBD911
:10CF90000026002700F018F932003B00121A8B41DE
:10CFA000002BE9DD002302930193164B320000931E
:10CFB00015483B00FFF790FE0130DFD00023390019
:10CFC0009846124A1248536A994204D8976ABE4258
:10CFD000D4D99942D2D10768EFF3108C72B63B686E
:10CFE000002BFCD0BFF35F8F0368BFF35F8F474612
:10CFF0001F608CF3108820BFE5E7002ABED0D1E780
:10D00000FFFFFF7F95C90810A4B40220004005402F
:10D0100048410320F0B5EFF30583C64600B505008F
:10D020000C0084B0002B0FD02F4A0020536AA3427B
:10D0300006D3926A1B1B591E8B41AA4240411843DA
:10D0400004B080BCB846F0BD284E02930193284B33
:10D050000200009330000B00FFF73EFE00280CDCBE
:10D06000214A0020536AA342EAD3926A1B1BAA42B8
:10D0700040415A1E93411843E2E720BF7268EFF324
:10D08000108772B61368002BFCD0BFF35F8FC3B25A
:10D090009846FF22336802409C465B7B43450DD097
:10D0A000634651001B6889185B18033B9B78002B73
:10D0B00004D13269904209D1336107E0F168030A73
:10D0C0008A18013A1278DBB29A4207D07368BFF32C
:10D0D0005F8F00221A6087F31088A5E741466046FB
:10D0E00000F03CFBF2E7C04600400540A4B402203B
:10D0F00095C90810F0B5EFF30582D6464F4646466F
:10D100001000C0B51038EFF3108872B6214C2368B8
:10D11000002BFCD0BFF35F8F0123190081401E4D0F
:10D120001F006963AA461D4D29601D4D2E78AC462F
:10D130003500C5402F402B4215D053465F6A194B2E
:10D140008500EB589F4218D36246174B8E43EB582D
:10D150001670BFF35F8F0022226088F31088002BC7
:10D1600006D0984704E0BFF35F8F276088F31088EC
:10D17000E0BCBA46B146A846F0BD0C4B92009C46B6
:10D18000624413681360BFF35F8F0023236088F34A
:10D190001088EDE7280100D0004005403C700540B4
:10D1A000174303204C4103203C300320D03F05406F
:10D1B00010B5034B01001800024AFFF779F810BDC3
:10D1C0001243032080B30910034B596A0A00986A7E
:10D1D000596A8A42FAD170470040054070B5040090
:10D1E0000D00174A536A1900966A536A8B42FAD1A6
:10D1F0003000190024184D41AB4216D813D0104B03
:10D200002A005B6A9D4203D90D494B6A9342FCD3C5
:10D21000934207D10A4A02E0516A994202D1916AC7
:10D22000A142F9D370BDA642E9D9054B5B6A1C0047
:10D230005A1CEFD0012201246442E5175242E3E771
:10D2400000400540064A536A9942FCD807D1044B76
:10D2500002E05A6A914202D19A6A8242F9D3704737
:10D260000040054070B504000D00EFF3108672B663
:10D270001A4A1368002BFCD0BFF35F8F002D1BD020
:10D280002000FFF7C5F8164981420AD02000FFF7B9
:10D29000C7F801212000FFF79DF80123A340114AA0
:10D2A0001360114BA400E550BFF35F8F00220B4BBE
:10D2B0001A6086F3108870BD0121A1400A4BA200BC
:10D2C000D5500A4B20001A788A4305491A70FFF797
:10D2D000CBF900212000FFF77DF8E5E7280100D019
:10D2E000F5D00810386005403C3003201743032078
:10D2F000F0B54F46D6464646C0B507002B4C616A8E
:10D300000D00A66A616AA942FAD18B4208D805D0FD
:10D310000120E0BCBA46B146A846F0BDB242F7D9FA
:10D32000EFF3108A72B6224801680029FCD0BFF3DF
:10D330005F8F0125BD401F491C4C884609788946EE
:10D340002943C9B28C46414660460870391D8900A0
:10D3500065630A511849B8004350216A00202942E8
:10D3600019D0616A0800A66A616A8142FAD18B42CB
:10D3700019D801D1B24216D8CC450BD00B4B1F2285
:10D380001D625D6301233A4093400C4A136043469B
:10D390004A461A700120BFF35F8F0022044B1A60C7
:10D3A0008AF31088B5E70020F5E7C0460040054045
:10D3B000280100D0174303204C41032080E200E005
:10D3C000EFF3108C72B60A490B68002BFCD0BFF348
:10D3D0005F8F01238340074A0748136202789A430C
:10D3E0000270BFF35F8F00230B608CF310887047CF
:10D3F000280100D0004005401743032070B5060007
:10D400000D00140000291CD0002A12D07368806817
:10D41000984763006A0031681B195219033B033AAD
:10D42000CB188918002806D09D700A78002A0AD1E6
:10D430000C70280070BD8C701A78002A00D04A70D9
:10D440001D702000F6E75A700C70F2E710B583608B
:10D450000023CCB243730133426004738373C473FB
:10D460000068421C012C05D90133DBB21370033272
:10D470009C42F9D1FF230B405A00D318C018002357
:10D480000338437010BDC046F8B5CE464746050088
:10D490000C0080B5002907D04E0003687618033EC3
:10D4A0009A195778002F04D12000C0BCB946B04665
:10D4B000F8BD7900C919033988464344597889462B
:10D4C0000021597051706B683A00210080689847BC
:10D4D00043462A68D3189219002811D09C701178FD
:10D4E000002900D059701770270049462800FFF71F
:10D4F000CBFF390002002800FFF780FF0400D3E7CC
:10D5000097701978002900D051701C70EDE7C04663
:10D51000F8B557464E464546DE464C00E0B5641821
:10D5200017000268033C0500105D13190E009C46AD
:10D53000002854D0430098461B18033BD318597851
:10D540008A46002920D1002F13D0EC7B002C51D02B
:10D5500063001B19D318033B5E70AB7B002B3CD0E0
:10D56000EE73002807D04300984643461918033944
:10D57000531800229A70002362465370F0BCBB46D9
:10D58000B246A946A046F8BD490051440339521895
:10D5900051788846002151708946597052460100E1
:10D5A0002800FFF72BFF43468246002B07D05B0085
:10D5B00029684344033BCB185A78002A1FD14246BE
:10D5C00051462800FFF71AFFA4462A689444002F0A
:10D5D000C7D0EC7B002CC0D0BAE7AE73C0E7002FF9
:10D5E000C9D0EC7B002CB3D1AB7B002B20D1A9732D
:10D5F000E973C0E7AB7B002BEFD0EE73B5E75000CB
:10D60000801803380918487883464846487058708F
:10D6100041462800FFF7F2FE594680462800FFF7F2
:10D6200033FF414602002800FFF7E8FE8046C6E7C8
:10D63000E973A0E7F8B557464E464546DE46E0B5E5
:10D64000467B02687500AD19033D0F00515D53190B
:10D6500004009C46002956D04B0098465B18033BBB
:10D66000D31858788246002822D1002F13D0E57BAA
:10D67000002D53D06B005B19D318033B5E70A37B66
:10D68000002B3ED0E673002907D04B009846434656
:10D6900058180338131800229A700023624630008D
:10D6A00053706173F0BCBB46B246A946A046F8BDB4
:10D6B00040005044033812185078804600205070C3
:10D6C0008146587052462000FFF798FE4346824636
:10D6D000002B07D05B0021684344033BCB185A78EA
:10D6E000002A20D1424651462000FFF787FEAC4673
:10D6F000226801009444002FC5D0E57B002DBED0E8
:10D70000B8E7A673BEE7002FC7D0C57B002DB1D107
:10D71000837B002B20D18673C673BEE7A37B002BCF
:10D72000EFD0E673B3E75000801803380918487843
:10D73000834648464870587041462000FFF75EFE19
:10D74000594680462000FFF79FFE41460200200018
:10D75000FFF754FE8046C5E7C6739EE770B5040028
:10D7600000292CD0437B8B422ED0056848004018FE
:10D77000033828188278002A21D053009B18033BD5
:10D78000EA5CEE188A4202D11BE0002A08D053005E
:10D790009B18033BEB185A788A42F6D142785A70AC
:10D7A00000230122837043702000FFF7B1FE617BEC
:10D7B00002002000FFF722FE6073012000E000203D
:10D7C00070BD43783370EBE701221900FFF7A0FE2C
:10D7D000F2E7C04670B516000D0019000400FFF70F
:10D7E0008DF82900701C03F03BF80023E681A58129
:10D7F0006060A36070BDC046F8B5CE4647460400E1
:10D8000080B506200E0000F0ADFA051E75D0534B12
:10D8100080229C4200D192E0514BD2031A60514BBE
:10D8200051491A6010008B689843FBD14F4B504A06
:10D83000E31859424B4180215B0049000620995270
:10D8400000F090FA3100C00002F018F9C30926D0A8
:10D85000484A934200D876E000234749474A61622C
:10D86000A362256B9046EB0721D52200C0233032FE
:10D870009B011343424A06201A60666AA36AB601F6
:10D88000F61800F06FFA3F4902F0F8F8B60201000E
:10D89000300002F0F3F80021FFF7A0FC07E040227F
:10D8A000012190466162A362256BEB07DDD427005E
:10D8B0008026E36A00232C3776013E43336006203E
:10D8C000256300F04FFA4146800002F0D7F8236B41
:10D8D00005009846DB0715D46023E26A5A400E33F0
:10D8E0001340336043462363802310229B013B4354
:10D8F0001A60234B23630323A3642800C0BCB946EA
:10D90000B046F8BD2200C02330329B0113431C4AAD
:10D9100006201A60636AA26A9B019946914400F04E
:10D9200021FA4B4617499B02994602F0A7F80100DD
:10D93000484602F0A3F80021FFF750FCCCE7084B63
:10D9400012041A606BE77F22990188460240013277
:10D950005208190090441300A4E7C0460080034019
:10D9600000E0004000F0004000C000400080FCBF2C
:10D9700060410320FEFF0000FFFF0000C0FF3F00EA
:10D98000010300004E0E0000F0B545464E46DE464F
:10D990005746E0B583B016000C9A050088469A42B7
:10D9A00000D975E01A0E93461B02180001935946E0
:10D9B00000230C9A02F0A0F8364B6C009C466419C8
:10D9C000A400644463680700834200D260602B1F98
:10D9D000DBB29946012B36D9C02380229B01234319
:10D9E00012011A602C4BAD0059599A46002907D0F4
:10D9F000586902F043F8013043001B18033BFDD285
:10DA0000226873015340E0221A4080235B012343C4
:10DA10001A604A46012A2ED9802380229B01234383
:10DA200012011A60594600233A000198676002F01B
:10DA300063F853465851012003B0F0BCBB46B246D0
:10DA4000A946A046F0BD4346012BC5D1C023032201
:10DA50009B0123431A60023AA3681A42FCD0226851
:10DA600073015340E0221A4080235B0123431A6074
:10DA7000094AAD00924642462168514003220A40BD
:10DA80001A60012243469A40A3681A42FCD0C3E7B9
:10DA90000020D1E700800040F0BC022010B50C202F
:10DAA00082B000F0E9F9FEF7E5FB002810D08B4BBF
:10DAB0008B488B498B4A186059609860D96018610F
:10DAC00059619861D961186259625A6202B010BDF9
:10DAD000854CA06700F026FA0122844B1A60636C23
:10DAE000012BFCD10322824B1A607F4A936B012BDE
:10DAF000FCD1013301217F4A7F480093043300F0B9
:10DB00005BF905237D4A009301217D4800F054F91B
:10DB10007C4B5A68FF2A02D8802252005A60802229
:10DB2000734B6E4C12011A602169002907D060699D
:10DB300001F0A4FF013043001B18033BFDD2E0239A
:10DB4000704A714811680B40036002231168594004
:10DB500001330B400421036093681942FCD08021FB
:10DB60006A4B090119608021694B490051602361AA
:10DB7000684B5A68FF2A00D85960032201215B4B89
:10DB80001A60644A93681942FCD0E023106803408D
:10DB900061480360126803234A40022113405D4A32
:10DBA000036093681942FCD080215C4B0901196025
:10DBB00080215B4B4900516063615A4B5A68FF2AD0
:10DBC00000D859608022584B12011A60E16900297F
:10DBD00007D0606901F052FF013043001B18033B7E
:10DBE000FDD2E0234F4A11680B4050490B60802161
:10DBF0004F4B090119608021394B49005160E361A5
:10DC00004C4B5A68FF2A00D8596080224A4B1201B7
:10DC10001A60216A002907D0606901F02FFF0130E6
:10DC200043001B18033BFDD2E023424A11680B401E
:10DC300042490B608021424B0901196080235B003F
:10DC400053608022264BD20223623E4B5968914298
:10DC500000D25A6080223C4B12011A60616A00298E
:10DC600007D0606901F00AFF013043001B18033B35
:10DC7000FDD2E023334A11680B4034490B60802108
:10DC8000334B090119608023DB025360154B63623B
:10DC9000304B5A68FF2A02D8802252005A608022F4
:10DCA0002D4B12011A60A169002907D0606901F0AB
:10DCB000E5FE013043001B18033BFDD2E023254A5B
:10DCC00011680B4025490B608021254B0901196023
:10DCD00080235B005360124BA361F7E6F0BC022087
:10DCE000006CDC021BB70000008000403CB000402C
:10DCF00030B00040002F685900800240008C8647F9
:10DD000000C00240308000403090004030A0004011
:10DD1000001BB7003C8000403C9000403CA000400D
:10DD2000405973075480004054B000405490004064
:10DD300054A000406080004060B00040609000400F
:10DD400060A000406C8000406CB000406C900040CF
:10DD50006CA000404880004048B00040489000401F
:10DD600048A00040014B8000C0587047F0BC022022
:10DD7000802270B506000E4C5200A3691D001540AC
:10DD80001342FAD1FA210B4B8900186901F076FE93
:10DD90000A2310212060064A23610B3B6560A360C3
:10DDA000666193691942FCD0D069400970BDC046D4
:10DDB00080800040F0BC0220F8B5040022481E001C
:10DDC00017000D0001F05AFE0100380001F056FE68
:10DDD000069B36041B031E432368002B22DB1B4BD0
:10DDE0001B49E3185A1E93418022920194465B42DC
:10DDF0001B0B184A1B0363441360174A13601F0070
:10DE00008A689743FBD1C022231D92011A43212324
:10DE10002560A06013602368002BFCDA0823E6600D
:10DE20001360F8BD3F2322681340AB42D7D1A368EB
:10DE30001B051B0D8342D2D1EE22E368D2021340B0
:10DE4000B342CCD1EDE7C046001BB7000040FDBF98
:10DE500000C0004000E0004000F00040044B000122
:10DE60001B68044A5840F023034013607047C046C3
:10DE700000400640005006408023024A9B000343B6
:10DE8000D36270470080054010B580241C4BE40528
:10DE90001C6000281AD001231A4C18431A4BDC616D
:10DEA0001A4C44401C62596298628021144BC90587
:10DEB0001960174817490860E021C9041960002A51
:10DEC00007D18022144B12061A6010BD0E4BD86188
:10DED000EBE753019B1A9B009A18802312015B0405
:10DEE0009A4209D213000D490B60074B5A608022F9
:10DEF000094BD2051A60E8E7094B1A00F3E7C04660
:10DF000000B00540D3C007B0008005402D3FF84F5A
:10DF1000FCFF01000820014000A0054074350320EB
:10DF2000FFFFFF00AA23064A1B0113602F230549A8
:10DF3000D360054B19605368002BFCDA7047C0466C
:10DF40000040024000B0FA00006002402C4B2D4A15
:10DF500070B51A602C4A2D4B2D491A6014008B683D
:10DF60009C43FBD12B4D2C4EB54208D2013E761B73
:10DF7000B60808CD984723000134B342F9D1FFF722
:10DF80008DFD264A214B1A60214A9368DB43DB0151
:10DF9000DD09002BF9D14022214B224C224E9A67F9
:10DFA0005A671A67DA66B44208D223682000002B49
:10DFB00020D00834FEF7B8FCB442F6D31B4C1C4EFC
:10DFC000C022B168200002F079FCB460FEF7D6F9F7
:10DFD000FEF782FCFEF74AFE164C174EB44208D2FA
:10DFE000013E361BB60808CC98472B0001359E42EF
:10DFF000F9D170BD0834FEF789FCB442D5D3DDE712
:10E0000000E00040BFCDFBFEFE7F3C0000F0004082
:10E0100000C0004098BA0220A8BA0220FFFFFF010A
:10E0200000F0014088BA022098BA022000000020C7
:10E0300000ED00E0A8BA0220B0BA022000BEFDE761
:10E04000094A03001068002805D00849C3188B420C
:10E0500007D81360704706480449C31810608B4204
:10E06000F7D901204042F5E75C3503200000042089
:10E070001C43032010B5FFF7E1FFC0460FB400B505
:10E08000084883B002F0F4FC049B002B07D005A9DC
:10E090001800019101F072FC034802F0E9FC012034
:10E0A000FFF7CCFFA4B30910B4B3091010B50148B1
:10E0B000FFF7E4FFB8B309107047C046F8B55746FC
:10E0C000DE464E464546E0B599460A9B07009A460D
:10E0D0000D9B884693460B9C9B073BD10C9B9C4217
:10E0E0003DD21E1B0B9415000C005E442A004B46CB
:10E0F000013521002020B847B542F7D1A0460B9C3E
:10E10000002C20D0454636195346321B013C185D81
:10E1100029004B46B847002CF6D12B003500984615
:10E120000D9B9B070FD55B46EC1A0C9BA3420AD9AB
:10E13000464698462A004B46310020200134B84715
:10E1400001354445F6D32800F0BCBB46B246A9468B
:10E15000A046F8BD16001500002CD3D1E0E716004C
:10E160001500002CCED1EEE7F0B54546DE46574609
:10E170004E46E0B585B09C4610AB1B78149F934685
:10E1800098460F9C129E139DBB074CD4002D42D184
:10E19000B44248D201233B4099460E9B013B9A462C
:10E1A000302304E0524601341355A64201D9202CF5
:10E1B000F8D14B46002B00D183E00E9B013B9946E2
:10E1C0003023A54205D82EE04A4601341355AC420F
:10E1D00029D0202CF8D1FB060CD57B0554D4A642BF
:10E1E00063D0A54261D0119B102B50D0022B57D089
:10E1F000202C32D1202301930E9B5A460093039783
:10E2000063460295FFF75AFF05B0F0BCBB46B24625
:10E21000A946A046F0BD01233B40994601233B425D
:10E220002AD1B442B9D3FB061CD57B05DBD4002C24
:10E23000D5D1119B102B5BD0119B022B6BD03023BF
:10E2400001240E9A13704346002B10D17B073ED554
:10E250002B260E9A631C1655CDE723000134302679
:10E260000E9AD654202CC5D04346002BEED02D2636
:10E270000E9A631C1655BEE74346002B2FD0013D76
:10E28000B44200D289E798E7119B102BB2D1BB06AC
:10E2900037D5202CAED058230E9A13550134A7E75A
:10E2A000202CA7D02300013407E0631E012CC0D02E
:10E2B000119A102A31D0022AD1D162260E9AD65450
:10E2C00096E7FB06CED57B0500D488E78BE72300D5
:10E2D0003E0790D520260E9A013316558BE70C2366
:10E2E0003B405A1E9341ED1AB44200D255E764E711
:10E2F000BB060ED478230E9A022413703023537079
:10E30000A1E7202C00D175E778230E9A135501342C
:10E310006EE75823EFE76033EDE70E9AA61E9146AD
:10E320004E44BA0602D55822327098E778223270ED
:10E3300095E7C04610B5002800D110BD02F04EFB95
:10E34000FBE7C0460B0010B5002802D049681B68E7
:10E35000984710BDF0B55746DE464E464546E0B5F7
:10E3600095B083460F00924698461E9A1F9B100058
:10E370001900209E01F04BFE002800D0EAE11E9813
:10E380001F990122C54B524201F026FE002800D001
:10E3900014E11E981F990122C14B524201F032FE36
:10E3A000002800D0E9E01E981F990022BD4B01F023
:10E3B00029FE002800D0C8E01E981F990022BA4B01
:10E3C00001F00AFE002800D0BFE01E981F9900222D
:10E3D000002301F001FE002800D0E4E000230B93AD
:10E3E000229B5B0500D406260024302307E017217A
:10E3F00006AA013452181355013E202C01D0092ED3
:10E40000F5D81E981F9901F02DFEA84BF2009B181D
:10E410001A685B6805000892099301F00BFE020080
:10E420000B001E981F9901F064FD089A099B01F0EA
:10E4300090FD0690079101F039FE814601F0F6FD4E
:10E4400002000B000698079901F053FD0022984B3B
:10E450000690079101F0D6FD002800D10DE10123BF
:10E460009C46E144484601F0E1FD02000B0008989B
:10E47000099901F0B7FD002802D000239946013523
:10E48000002E00D1D9E006954D46B94614E006AA03
:10E49000944617230A216344280001341F1901F010
:10E4A000EDFA3031397028000A21013E01F0E6FA18
:10E4B000092D00D817E10500202CE8D14F46069D14
:10E4C00020240CAE06AA17239446634499465B4663
:10E4D000B34606930FE04B4628000A210134E618A4
:10E4E00001F0A4FA3031280031700A2101F09EFABF
:10E4F000051E00D1E4E0202CEDD1069B5E469B4634
:10E500000323229A1340012B18D1219B002B15D0F5
:10E510000B9B002B00D1FDE0219B013B2193202B85
:10E520000CD93023219A07E0172006A901340918D5
:10E530000B55944200D3CCE0202CF5D1229B0194C2
:10E540000393219B0096029322E0229B5246049360
:10E55000219B3900039358461E9B1F9C02960093F3
:10E560000194434600F04AF90400200015B0F0BCC5
:10E57000BB46B246A946A046F0BD229B5B070FD41E
:10E5800003224C4B2299019203912199009302910D
:10E590004346524639005846FFF790FD0400E4E731
:10E5A0000422454BEEE71E9A1F9B0020002101F03C
:10E5B000A0FC01231E901F910B9311E7229B544650
:10E5C0009B0711D1219B042B0ED9219B55469C46BC
:10E5D0005E46043C64442A0043460135390020204D
:10E5E000B047A542F7D1B346344D26002B1F9946BC
:10E5F0005B46A3461C003200E87843463900013DE3
:10E60000A04701364D45F6D123005C469B46229B30
:10E6100004349B07A9D55346219AE31A9A42A4D9F8
:10E620005E4615002200434639002020B04753467D
:10E630000134E31A9D42F5D897E7280001F0FAFC6F
:10E6400002000B001E981F9901F053FC0022184B8A
:10E650000690079101F0C0FC0CAE002800D031E715
:10E66000069807990022124B01F0CCFC002800D03C
:10E6700028E7012301359D4324E7002206980799E6
:10E680000B4B01F0A9FC002800D0F9E64B46002B0B
:10E690005CD101239C46E144F2E6C046FFFFEFFF58
:10E6A000FFFFEF7F65CDCD4165CDCDC178BD0910B0
:10E6B0000000E03FCCB30910C4B30910D4B3091073
:10E6C000069B5E469B460323229A1340012B00D1F2
:10E6D00081E0202C00D131E70B9B002B27D02D238C
:10E6E000335501342AE74F46069D202C00D1E7E63A
:10E6F0003022331907E0172006A9013409180A55FA
:10E70000202C00D1DCE6A342F5D12E220CAE013440
:10E71000F254D7E60C23229A134257D0219B013B97
:10E720002193A34200D9FCE6202C00D106E7229BCE
:10E730005B0703D52B2333550134FFE6229B1B07D0
:10E7400000D4FBE6202333550134F7E6DB0700D481
:10E7500096E69EE7229B55469B0711D1219B032BF2
:10E760000ED9219B54469C465E46033D65442200DB
:10E770004346013439002020B047AC42F7D1B346BC
:10E78000B9465F461C4EEC1C2A00B0784346494609
:10E790000135B847013EAC42F6D1229BBB464F46FD
:10E7A0009B0700D4E1E65346219AE31A9A4200D827
:10E7B000DBE65E4615002200434639002020B047C4
:10E7C00053460134E31AAB42F5D3CEE6219BA34274
:10E7D00000D9A6E6B2E6219B002B00D179E70B9B7E
:10E7E000002B97D0219B013B21939C4200D298E6BD
:10E7F000202C00D073E7A1E6D0B30910F0B5DE46B7
:10E8000057464E464546E0B599B081468B469246FE
:10E810009846229A239B1000190001F0F8FB00286B
:10E8200000D0CAE0229823990122824B524201F083
:10E83000E9FB002800D0C0E02298239901227E4BFA
:10E84000524201F0C9FB002800D0B6E0229823997B
:10E850000022002301F0C0FB002800D0C9E1229B68
:10E86000239C08930994089809998023269ADB0031
:10E870001A400D928022269C1201144022000B9413
:10E88000269C07000E001C4200D0ADE00B000343A5
:10E8900000D0D5E0002A00D00AE2220006332493FB
:10E8A000022313400C930223134200D002E2259B63
:10E8B000042B00D20FE2043B0B93002304250A93A0
:10E8C000002222982399002301F086FB002800D023
:10E8D00003E25A4B269A134004930B9B0393249B09
:10E8E0000293089B099C0093019459464346524663
:10E8F0004846FFF72FFD02002020269B1F270340DC
:10E9000059424B415B421840531C089359464346B9
:10E910004530C8470A9AD317D4185C40D30F0A93DE
:10E920006B1E0B9308AB9C460025674401E0202D2D
:10E930000FD020000A2101F0A1F801357E193031F5
:10E94000317020000A2101F099F826000400092EF8
:10E95000EDD8052306930B9B59460593002304939A
:10E960000A3303930A9B4846029310AB0093089A1C
:10E9700043460195FFF7F8FB0C9B002B2DD0534627
:10E98000C41A259BA34228D94D465F4681461E00E6
:10E99000534639001A19202043460134A847A6429D
:10E9A000F6D8534648462599C21A013200239142AF
:10E9B00000D386E1013018180FE0269B0493259BB5
:10E9C0000393249B0293229B239C00930194434630
:10E9D000524659464846FFF7BDFC19B0F0BCBB464D
:10E9E000B246A946A046F0BD01432BD10B9B2200A5
:10E9F000002B00D154E700230A93249B0A9A002499
:10EA0000934200DD85E1229823990022002301F042
:10EA1000E3FA002800D035E1269B084A02941A4008
:10EA20008023DB0013430493259B0393089B099CDD
:10EA3000CBE7C046FFFFEF7FFFFFEFFFFFF7FFFFD2
:10EA400006232493B44B70009C46400D604401F0B3
:10EA5000F1FAB24AB24B01F07CFAB24AB24B01F081
:10EA600051FA3603B14B360B334304000D00380026
:10EA700019000022AE4B01F03CFAAE4AAE4B01F059
:10EA800068FA02000B002000290001F03BFA01F0B7
:10EA9000E9FA0A9001F0CEFAA84AA94B04000D0049
:10EAA00001F057FA0022A74B01F02CFA01F0DAFA34
:10EAB000A54A0600A54B2000290001F04AFA0400EF
:10EAC00030000D000C9601F0B5FAA14AA14B01F0FF
:10EAD00040FA02000B002000290001F00AFA0200AF
:10EAE0000B0006000F0001F034FA320004000D00A4
:10EAF0003B003000390001F005FA00220E900F9122
:10EB0000954B2000290001F006FA0022934B01F0FA
:10EB1000F9F902000B002000290001F0FCF90022A5
:10EB20008F4B01F0EFF902000B002000290001F0EB
:10EB3000F2F90D008021040032003B000020C905DD
:10EB400001F0D7F902000B002000290001F0DAF9EA
:10EB500002000B000E980F9901F0DDF90022734BB3
:10EB600001F0D0F97F4B0C9C9C46644400222305A5
:10EB700001F0EFF906000F0002000B000898099958
:10EB800001F02AFA00280AD00A9B3000013B390024
:10EB90000A930022714B01F0BEF906000F000A9A99
:10EBA000330063323900C62A12D80222269804257F
:10EBB00010400B9A0C90002A25D1259B042B05D9D7
:10EBC000002800D0A1E0259B043B0B93042541E0E5
:10EBD0000222269810400B9A0C90002A12D1259BF5
:10EBE000052B76D9002872D1259B0525053B0B9373
:10EBF00034E0802212069446229B0893239B6344B0
:10EC0000099330E605250B4300D1F6E608980999EB
:10EC1000554A564B01F0EEF9002808D0089809999A
:10EC20000022534B01F0D8F9002800D0E5E6249BE0
:10EC3000002B1CD00D9B002B19D0249B013B24934F
:10EC4000259BAB4204D90C9B002B5AD002230C937A
:10EC500000230B930A9B002B00D131E608980999F9
:10EC600032003B0001F057F90890099128E6259BF6
:10EC7000AB42EDD90C9B002B43D000230B93023306
:10EC80000C93E7E78020269B3A4A00061A4080232F
:10EC900084460294089C099D2900DB0013430493D9
:10ECA000259B6144220003930B00009201938EE6A2
:10ECB0000524A8E600230B930A93023304250C9342
:10ECC000FEE553468C46013B63441B1A72E6022361
:10ECD0000C930525C2E70423EDE58020089E099FDB
:10ECE000000639008446269A224B6144134004935F
:10ECF0000B9B32000393249B02930B000092019321
:10ED0000F3E5259B5B1B0B93A4E7022304250C93DF
:10ED1000A0E79C1A013C76E601FCFFFFFB799F50BF
:10ED20001344D33FB3C8608B288AC63F0000F03F2E
:10ED30000000F83F61436F63A787D23F71A3790951
:10ED40004F930A400000E03F1655B5BBB16B02403F
:10ED5000EF39FAFE422EE63F00002C40000024402E
:10ED600000001840FF0300002D431CEBE2361A3F61
:10ED700080842E41FFF7FFFFF0B5DE4657464E4632
:10ED80004546E0B5A5B01E002E9B92460C93CD4A99
:10ED9000CD4B80468B461A60002900D1EAE1002362
:10EDA00030789946002800D1ECE1C84B4C460B93D3
:10EDB000C74B454657460E930AE0631C984622000F
:10EDC0003B005946A84744463078002800D187E0E8
:10EDD00001362528F1D108239A46043B9946023B87
:10EDE0009846013B00229C460D943078711C03002C
:10EDF000203BDBB2102B03D80B9C9B00E3589F46B3
:10EE00000300303B89460D9C092B3AD900239846D4
:10EE10002A2800D1C1E000239A462E284BD00300B7
:10EE2000683BDBB2122B1ED80E999B00CB589F4635
:10EE300063460E001A43D8E743460E001A43D4E750
:10EE40004B460E001A43D0E710230E001A43CCE7BE
:10EE500053460E001A43C8E780235B001A43FF3B6A
:10EE60009C467078E1444E4667284FD82428A4D9A0
:10EE70000300253BDBB2422B9FD896499B00CB5821
:10EE80009F46002394461E0000E00131B3009B1909
:10EE90005B001E180878303E0300303B092BF4D984
:10EEA0000123624689469C460023B0469A460E00DE
:10EEB000E1442E28B3D13021802049428C46C00045
:10EEC000024370784B4684446146092900D86CE1BE
:10EED0002A2800D17AE101239C464E46E1449EE770
:10EEE000A146A846BA46CA4503D801235B4253440B
:10EEF000994653464A4659460020C047200025B04F
:10EF0000F0BCBB46B246A946A046F0BD0300693B33
:10EF1000DBB20D930F2B00D94FE7012199408C46AE
:10EF20006D49894661464B4619400F9163464946F3
:10EF30000B4200D028E10D9B0A2B3AD0072B00D0C2
:10EF40003BE70C9B190008C98846002B00D14BE118
:10EF500021200243914614A98C461F220F216244AE
:10EF60008C4651460D950C91A24615000F9902E072
:10EF700020290CD0130064461C4020003730092C97
:10EF800000D80738013168541A090F2BF0D80C9BB0
:10EF900054460D9D9A460F9133E10C9B02CB884657
:10EFA000002947DB0C9301239C4670784E46E144D0
:10EFB00031E70C9B02CB14935346002B00D138E170
:10EFC0009C4608780B000C908C44002801D100F07E
:10EFD00098FC89466146944603E05A780133002A3A
:10EFE00001D08B42F9D1494662465B1A0C900F93CF
:10EFF000530500D520E10223180010400D90134264
:10F0000000D1CBE30D930B1BB1469A465E460C989C
:10F0100022003B003100A84753460134185D002808
:10F02000F6D1B3464E460D9B002B00D0C7E1149B92
:10F030000C93C9E60C9301239C46283849420243AD
:10F04000884670784E46E144E5E670786C2800D139
:10F050007FE180235B001A43FF3B9C46E14402E7CB
:10F0600080239B001A4301239C467078E144FAE612
:10F070007078682800D173E180231A437F3B9C4657
:10F08000E144F0E6672800D103E1472800D15AE1C6
:10F09000452800D15AE10492072142460C9B039275
:10F0A000073352468B43190002920CC92800009284
:10F0B00001930C9122003B005946FFF79FFB04008F
:10F0C00082E6C04679ED081070350320D8BB0910E0
:10F0D0001CBC091068BC091041900000462800D1F2
:10F0E000DBE00492072142460C9B03920733524611
:10F0F0008B43190002920CC92800009201930C91D5
:10F1000022003B005946FFF725F904005CE6631C2A
:10F11000984622003B0059462520A847444653E61E
:10F120000C9B04330D93631C9946920700D422E193
:10F130000C9B2200187859463B00A847434644449C
:10F14000012B00D885E23300B8462E005F4625002B
:10F150004C46994622004346013439002020B047EE
:10F16000AC42F7D12C00BB46350047464E460D9BBE
:10F170000C9329E6DB4B307898460023994600280B
:10F1800000D012E60024AEE66F2800D188E000D857
:10F190000BE31023782800D1CFE09A430A239C4642
:10F1A00000230F930A330D9380E05646B10089196E
:10F1B000490001330E181878303E01003039092912
:10F1C000F4D9B2461E000133994628E60C9B02365C
:10F1D00002CB8A46C9435046C917084082460C9361
:10F1E0003078731C99461AE61023100098431133A7
:10F1F0001843814680201300C0000340024200D122
:10F20000A9E64B460693082305935346049310231F
:10F210000393002302930F9B220001931CAB0093E6
:10F2200059463B002800FEF79FFF434604000C931D
:10F23000CAE501235B42C3E60F9B534501D9534600
:10F240000F930223180010400D90134200D1B7E134
:10F250000D93D1460B1B9A463300A1442E00220089
:10F260004D460C98B9465F469B4608E04B46390030
:10F27000541CB0475346185D002877D022009542B1
:10F28000F4D15B46BB464F46A94635004C461E00AE
:10F29000C9E680231B011A43FDE620231A4320E719
:10F2A00008239C4600230F9308330D9380231100FD
:10F2B000DB0019401A4200D116E10D239A431000D9
:10F2C000802302009B001A401492184200D0C2E131
:10F2D000802302005B001A4091460C9A04320F9280
:10F2E000184200D0B7E2430600D59FE1030600D4E0
:10F2F00019E30C9B1B880993002B00D0FCE1103311
:10F300009843002900D1F7E100239946434605932D
:10F31000534604930D9B069003930023D2E0582894
:10F3200008D0622867D102239C4600230F93023342
:10F330000D93BBE720231A43103B9C4600230F93F9
:10F3400010330D93B2E780231B011A4320231A4385
:10F35000A1E6C0239B001A43F31C9946B07882E5CE
:10F36000C0231A43F31C9946B0787CE535005E460D
:10F37000BB464F4657E64346012B00D863E1631E68
:10F3800043449A463300B9462E005F4655469B4695
:10F39000A24622004B46013439002020B047AC423F
:10F3A000F7D135005E46BB464F46A14654460C9BFE
:10F3B0004A46187859463B004444A847D7E6A14638
:10F3C0000F9B984500D832E64444E41A3300B8460F
:10F3D0002E005F4625004C469946220043460134E4
:10F3E00039002020B047AC42F7D12C00BB46350095
:10F3F00047464E461BE680231000DB0018401A42A9
:10F4000000D10FE1112118008A430D920D9A80233B
:10F4100011009B0019408C461A4269D180231100CB
:10F420005B00194089460C9904310F911A4200D0B3
:10F43000CAE113005B0600D5F0E013001B0600D400
:10F4400059E20C9B00229B5ED9175A184A4092B28F
:10F45000D90F0C91002B00D1F9E1100014AA9446A9
:10F4600042461F23149252466344A84616944D46C2
:10F470000400B946B2461F00159201E0202D0FD0BE
:10F4800020000A2100F0FAFA01357E19303131707E
:10F4900020000A2100F0F2FA26000400092EEDD81F
:10F4A000149B4F46A94645469846159B56469A4694
:10F4B000169C0D9B069343460593534604930A23DB
:10F4C00003930C9B02934B4601931CAB22000093C9
:10F4D00059463B002800FEF747FE0F9B04000C93A3
:10F4E00072E4C046B9E008100C239A431000E7E626
:10F4F00007220C9B07339343013294469C44624697
:10F500000C920CCBD90F0F911100194300D191E04F
:10F51000D91713911291514010911399594011919B
:10F5200010981199129A139B801A99411090119179
:10F5300014AA0023944642469946149252461F3319
:10F540006344A846B24616944E46109C119DB94697
:10F5500015921F0001E0202E10D0200029000A2261
:10F56000002300F0C9FA013630322B00BA550D00E5
:10F5700022000400002BEED1092AECD8149B109431
:10F58000119545469846159B4F46B14656469A46B4
:10F59000169C0D9B069343460593534604930A23FA
:10F5A00003930F9B02934B4601931CAB22000093E5
:10F5B00059463B002800FEF7D7FD0400FFF704FC86
:10F5C0000F9B984500D8C1E18023DB000D93434693
:10F5D0000F9A1B199B1A994633002E004D46B946C7
:10F5E0005F469B460C9122004B4601343900202097
:10F5F000B047AC42F7D143460C9901330F930B78D7
:10F6000035000C935E46BB464F46002B00D10EE5FD
:10F610000D9B002B00D1F6E4002319E60C9B1B7810
:10F620001A0015E710239A430D92EFE60C9B1B7806
:10F63000099361E6002399460028AAD100220023FD
:10F640001092119374E70C9B2200187859463B00E6
:10F65000A8474C468BE50C9AFA3BFF3B07329A438E
:10F660000133994691444B460C93136852681592A6
:10F670001A4306D11032904300220992002900D08B
:10F6800081E06122810600D54122D2B20A9214AAF9
:10F6900091460A9A00210A3A14924246179252461B
:10F6A00018925A460991B3461F311E000F9B4944D8
:10F6B000BA4619941A950024674698468946159DBE
:10F6C00016901B920AE03032D2B24B4601341A55E2
:10F6D000A8454AD0202C4AD006000D003A0000234D
:10F6E0003000290000F008FAD2B2092AEBD9149BA5
:10F6F0009C466244D2B2E8E76123820600D54123EA
:10F70000DBB20A3B0C93434614A91F228C46159387
:10F7100053466244A046B2464C461797A946170086
:10F72000099D0D9E1490169308E03033DBB201342E
:10F730003B55B5420ED3202C0CD0050031002800DB
:10F7400000F09CF9CBB20929EFD90C9A9446634496
:10F75000DBB2ECE7159B4D46A14644469846169B06
:10F76000564614989A46179FD0E5B742B2D9179BD0
:10F7700057469846189B5E469A461B9B09949B46A3
:10F780001698199C1A9D43460593534604930D9B66
:10F790000690039300230293099B05E70F9B98456E
:10F7A00000D914E701330F932DE41023110099437E
:10F7B0000D91692800D0BAE080231000DB001840CA
:10F7C0001A4200D122E61DE60C9B1B68DA0F1100DD
:10F7D000002B00D18CE0DA179818504014AA9146FB
:10F7E00042461F23149252464B44A046A946169700
:10F7F00004006546B2461F000C91159201E0202DD1
:10F800000FD020000A2100F039F901357E1930317E
:10F81000317020000A2100F031F926000400092E81
:10F82000EDD8149B444698460C9BAC461900159B9A
:10F8300056464D469A46169F0D9B029106934346A7
:10F840000593534604930A23039363463CE600283A
:10F8500000D02EE602E60C9B1B689946002B03D1D4
:10F8600010339843002938D16123820600D5412303
:10F87000DBB20A3B0C9343461693534614A91F224E
:10F880008C4617932B006244A0464D46B24618970B
:10F8900099461700149C0D9E159008E03033DBB29A
:10F8A00001343B55B5420ED3202C0CD0050031005D
:10F8B000280000F0E3F8CBB20929EFD90C9A94465E
:10F8C0006344DBB2ECE7169B149444469846179BBE
:10F8D00056464D469A461598189F434605935346FB
:10F8E00004930D9B0690039300230293149BEBE576
:10F8F0000028A1D172E70C9B1B68D9175A184A40FF
:10F90000A6E580231000DB0018409C460F901A42A9
:10F910000FD00220030013400F93104219D0002390
:10F92000A1460F934CE50C9B1B680993E4E40A0085
:10F9300034E40223180010400D90134200D03EE53D
:10F940004346002B00D042E6FFF771FB01330F93D3
:10F950007FE463460D93F3E710B50C0084B0039485
:10F96000012402A902900093034813006242FFF7AA
:10F9700003FA04B010BDC04645E3081010B5094AAB
:10F980000300146884B0002C08D0012200910648BE
:10F99000524203A9A047012004B010BD01F068F84D
:10F9A0000020F9E77035032035E3081001480421F1
:10F9B000014B1847D0B40220E9F90810014B9B68AD
:10F9C00018470000D0B40220002310B50100988A27
:10F9D0001B8B984710BDC046162310B50100188830
:10F9E00002331B88984710BDF8B54746CE4680B510
:10F9F0000F1E18D014239946043304000025012655
:10FA000098464B461888434621681B88984701C48E
:10FA1000431E984101350640AF42F2D13000C0BCD0
:10FA2000B946B046F8BD0126F8E7C046124A936FC2
:10FA30009B0815D29066D166002905D0FFE7FFE745
:10FA4000FFE7516F106F704704B580210906C21798
:10FA50005140002800D0C8430BF02EFB002104BD0C
:10FA6000F0B5146E556E576F166FFFF7E3FF14660F
:10FA7000556657671667F0BD000000D0114A936FB6
:10FA80009B0813D210665166002905D0FFE7FFE7F7
:10FA9000FFE7516F106F704704B5002801D00020B8
:10FAA000C0430BF009FB002104BDC046F0B5146E45
:10FAB000556E576F166FFFF7E5FF1466556657676B
:10FAC0001667F0BD000000D094464A4A926F920833
:10FAD000624601D228E0C046F0B5464E346E756EDF
:10FAE000776F366F00F020F89446424A14665566E8
:10FAF000576716676246F0BD94463E4A926F920879
:10FB0000624601D254E0C046F0B53A4E346E756E8E
:10FB1000776F366F00F04CF89446364A1466556697
:10FB2000576716676246F0BD002B24DB11D0002911
:10FB30003EDA00B5C943404200D1013100F038F847
:10FB4000C943404200D10131DB43524200D101336D
:10FB500000BD002AEBD1002801D1002905D00020EA
:10FB6000C90FC90701D1C043410800B50BF09CFA89
:10FB70000022002300BD00B500290ADBDB4352420E
:10FB800000D1013300F014F8C943404200D10131E3
:10FB900000BDC943404200D10131DB43524200D194
:10FBA000013300F005F8DB43524200D1013300BDC0
:10FBB000002923D1002B18D1002A0CD0BC460D4FB0
:10FBC00038667A6600210023FFE7FFE7FFE77A6FD8
:10FBD000386F67467047002801D00748010000B51C
:10FBE0000BF062FA0022002300BD02000B0000208F
:10FBF00000217047000000D0FFFFFFFF002B00D066
:10FC0000BFE0130C28D1002AE7D080B4114F396629
:10FC10007A66FFE7FFE730B4040C7B6F396F1B0493
:10FC200023433B667A66FFE7FFE7FFE7C04684B2FF
:10FC30007B6F3D6F1B0423433B667A66FFE7FFE75C
:10FC4000C04600232C042D0C7A6F386F00196941CF
:10FC5000B0BC7047000000D0F0B594460025140EEB
:10FC600001D112020835140F01D112010435940F8D
:10FC700001D192000235D40F01D152000135D40BCD
:10FC80000134254F7C66254C3C660E0C93B2FFE791
:10FC9000FFE7FFE73C6F6643360C7703BE467343CE
:10FCA000DF0B5B04C01AB941130C7343DB18C91A8C
:10FCB000CE086643360CB64493B273431F0F1B0144
:10FCC000C01AB941130C73431F0B1B05C01AB9416D
:10FCD000860D8F023E436643360C092D24DB520A03
:10FCE0007243801A7703460A6643360C16235B1B61
:10FCF000DE40DF40BF1964466643821B7046043510
:10FD000006330100D940A840C01900D30131A242F6
:10FD100006D20023F0BD0000000000D0FFFFFFFF6F
:10FD2000121B0130F3D3F1E709277F1BFE40644625
:10FD3000A2B27243801A00D20139220C7243130C12
:10FD40001204821A99410B007046043513370100E2
:10FD5000F940A840801900D30131002B02D1A24202
:10FD60000AD2F0BD013000D30131121BFAD2013B9F
:10FD7000F8D1A24200D2F0BD013000D30131121BF4
:10FD8000F7E7F0B51C0C00D080E00CB400251C0A8D
:10FD900004D11B02160E3343120208351C0B04D18A
:10FDA0001B01160F3343120104359C0B04D19B0039
:10FDB000960F334392000235DC0B02D192185B415F
:10FDC00001351C00971864410134464F7C66464C4F
:10FDD0003C660E0CFFE7FFE7FFE7C0463C6F66435B
:10FDE000360C7703BE4697B27743C01B00D2013969
:10FDF000C01B00D201399FB27743C91BC91B170C26
:10FE000077437E04FF0B801BB941CE086643360C56
:10FE10000C2D33DBB644120B1F053A431B0B97B274
:10FE20007743C01B00D201399FB27743C91B170C1F
:10FE300077433E043F0C801BB941860D8F023E4341
:10FE4000664329277F1BFE400C3D7746AF40BF1914
:10FE500030BCA2B2ABB272437343801A9941220CF8
:10FE60007243130C1204801A994102000B000137EF
:10FE7000001BA941F9D2781E0021F0BD0C277F1B81
:10FE8000FE4077467F0BAF40FF19E0E700245D1C82
:10FE900007D0144F7D663966FFE7FFE7FFE7FFE70E
:10FEA0003C6F95B29EB265436643401BB141150C51
:10FEB0001E0C6543664336042F0C3E432D04401B45
:10FEC000B141994204D202000B0020000021F0BD94
:10FED00001D19042F7D3801A994101349942F2D36B
:10FEE000F6E70000000000D0FFFFFFFF4840414060
:10FEF000484018B41B4B5B68FC46019308BD04DF07
:10FF00008F01091018B4174B1B68FC46019308BDFC
:10FF100000DF990109109446134A926F920809D2A2
:10FF2000624618B40F4BDB68FC46019308BD0CDF3A
:10FF3000510409100C4AF0B5146E556E576F166FC8
:10FF40006246FFF7EEFF084A146655665767166764
:10FF5000F0BD18B4034B9B68FC46019308BD08DF55
:10FF6000F502091018BE0220000000D0FFB5504075
:10FF70004240504059404B40594000E0FFB5154FBA
:10FF80004C00640D03D0BC4204D10C0314D80020F3
:10FF9000090D09055C00640D03D0BC4204D11C03AB
:10FFA0000AD800221B0D1B0501264B4009D44B40EB
:10FFB00003D58B4200D18242FFBD9942FCD19042D1
:10FFC000FFBD0B43DB1803431343F5D0C943491866
:10FFD000FFBD0000FF07000000B5FFF7CFFF804125
:10FFE00000BDC04600B5FFF7C9FF01D9002000BD24
:10FFF000012000BD00B5FFF7B9FF01D9002000BD09
:020000041009E1
:10000000012000BD00B5FFF7B1FF804100BD012018
:1000100040054A00121804D85A00121801D80020CE
:100020007047012070470020704700000021002821
:1000300005D17047C1174840401AFAD0C90713B517
:10004000064B1B6898470CBC441CA2401005120BC1
:100050000349091B09051943114310BD4041032001
:100060001F04000010B54C00620D8023D218DB0085
:10007000D21A5B057E2A10DD9E3A13DACC170903EB
:10008000490819435242D140640001341532202AF4
:1000900005DAD0400843604310BD002010BD08467B
:1000A000604310BDC80FC018013810BD18B4044B10
:1000B0005B6AFC46019308BD24DF010609100000BD
:1000C00018BE0220132370B51D78012D15D010DD48
:1000D0001D48FFF781FC1D4C01008022200000F02C
:1000E000EDFB022D2DD01A48FFF76EFC194B18605E
:1000F00070BD194B154CA364F5E7174B134C2360E7
:100100006360A360E36023616361A361E3612362D1
:100110006362A362E36223636363A363E3632364B1
:100120006364A364E36423656365A365E365236691
:100130006366A366E36623676367A367E367A364F5
:10014000D1E7054BA364CEE75344000018BE02205C
:100150004C330000404103205D01091007B56046A3
:1001600001880A0A0230DF2AFAD1C9B2820804D310
:10017000028840880004104300E00068014A5050A3
:10018000039007BD18BE02200FB403BC0CBCF0B531
:100190000124E407634000E0F0B50C0DCF0F661EAC
:1001A0003605891B640503D3C943404200D301319E
:1001B000640D03D0661CF60A07D0E41B00207F0004
:1001C000791C89078912803C24031D0DDF0F6E1EE8
:1001D00036059B1B6D0503D3DB43524200D301332D
:1001E0006D0D03D06E1CF60A07D0ED1B00227F00B8
:1001F0007B1C9B079B12803D2D032F1B661B58D435
:10020000A446202E46DA20371400BC401D00BD4015
:10021000F24033412A4380185941CB0F05D0C943DE
:10022000C043002264425041514162464D0D28D1E5
:100230000D0D07D100281FD0241940414941013A32
:100240000D0DF9D0640006D3013000D30131002C2C
:1002500001D140084000013A0BD4941CE40A04D1B7
:1002600012051144DB071944F0BDD907204B19438F
:1002700000E0D9070020F0BD0029DDD1002CDBD142
:10028000F0BD0132C6074008CD0728434908002EBB
:10029000E1D0D9E73C2E29DA203E40371400BC409B
:1002A00000D00124F24014431A00BB401C43D31772
:1002B000ACE7AC46202F08DA20360400B4400D002D
:1002C000B540F84039412843A5E73C2F0CDA203FE0
:1002D00040360400B44000D00124F8400443080034
:1002E000B1400C43C117EAE710001900002494E75D
:1002F0000000F07FF0B50C0D661E3605891BE60A7E
:100300006405640D02D0651CED0A04D000200121B3
:100310000905803C2403A4461C0D671E3F05DB1B1A
:10032000E70A6405640D02D0651CED0A04D00022C2
:1003300001231B05803C24037740644497B484B2B6
:1003400096B27443070C7E43150C6F4380B268432A
:10035000361802D3012000043F183004350C001970
:100360007D41844688B29AB250430C0C62431F0C04
:100370007C438EB27E43921902D301263604A4191F
:100380001604170C3618674101BC81B29AB251436A
:10039000040C62431B0C5C4380B25843121802D316
:1003A0000120000424181004130C401863412D1878
:1003B0005E410020474106BC88B293B258430C0C02
:1003C0006343120C544389B251435B1802D3012199
:1003D0000904641819041A0C091862416D18564171
:1003E0000020474118BCF902720D1143F0026A0D5A
:1003F0001043ED020A0D03D16D1940414941013B03
:10040000124E9B1B7600B3420ED26D0007D3013013
:10041000002671416646354301D1400840001B0566
:10042000C918E4072144F0BD0BDA013306D10130CD
:1004300004D101314F0D01D04908F2E7E107002056
:10044000F0BD013631050020EBE70000FF0300009E
:10045000F0B51C0D671E3F05DB1BE70A6405640D44
:1004600002D0661CF60A04D0002201231B05803C42
:100470002403D0252D060026F6432E661E096E663F
:10048000CE0FF619B44649004F0D02D07E1CF60A75
:1004900003D000200021403F3F033E1BB600B44480
:1004A000013F7F05C91B49082E6F013676089C0263
:1004B000950D25437543ED137543AD1301356D104F
:1004C000F603761B0CB4CC02450D2C43A2B2B3B29A
:1004D0005A43270C7B43350C6F43A4B26C431B1962
:1004E00002D3012424043F191C041D0CA4187D41CF
:1004F00024196D41009A91B2ACB26143170C7C4350
:100500002B0C5F4392B25A43A41802D30122120467
:10051000BF182204230C52187B41019C6C431B1909
:10052000520ED9010A434401A01A81B2B2B251431A
:1005300003145A43360C734387B27743D617D21944
:1005400000277E4136049B191704160C7F185E4164
:100550007316ED18F301002680337541A90F06D1FB
:100560006400690AE8055B0A184309D22FE00422F7
:10057000944480337541A90AA8059B0A184326D3E1
:10058000404149412404009A019B0D005543641BDE
:100590004343E41A95B286B27543170C7E43030CAD
:1005A0005F4392B25A43B61802D301221204BF1815
:1005B0003204330C52197B4152429C41002C02D42C
:1005C0000022013051414008CA071043490802B0D7
:1005D0006246D7079210084BD218084B9A4203D2B2
:1005E00012058918C919F0BD0020002A01DC390064
:1005F000F0BD01331905F5E7FD030000FE0700001B
:10060000002200B5203200F004F8080000BD000010
:1006100000220B150AD410B5944600F031F81414DA
:10062000013400DA0021CB17144C204700200021B0
:1006300070476244343A0CD40C2A07DA0400914023
:10064000904052422032D440214310BDD843D94378
:1006500010BD203207D40C46944052422032114142
:10066000D040204310BD0800C917203203D45242A5
:100670002032104110BD1800190010BD33060910BA
:100680000A0DCC0F531E1B05C91A520503D3C943CB
:10069000404200D30131520D03D0531CDB0A07D076
:1006A000121B00206400611C89078912803A120322
:1006B000014BD21A70470000FF030000514343432F
:1006C000C9188C46110C83B24B4310B4040C61431F
:1006D00092B280B2504362431C041B0C001910BC40
:1006E00059411304120CC018514161447047000075
:1006F0004840414048400E4B5B6818470C4B1B6814
:1007000018470C4A936F9B0802D2094BDB681847C5
:10071000F0B5146E556E576F166FFFF7F6FF054A6A
:100720001466556657671667F0BD014B9B681847FE
:1007300018BF0220000000D0491A002808D108463E
:1007400070470000C10FC90700D54042002817D0EC
:10075000F44603B40B4B1B68984706BC81409E3897
:100760004042803107D20B0607D04900490AC00534
:100770001043084360470130F8E7490A8902F5E76A
:100780007047000040410320014B5B6A184700009E
:1007900018BF0220132310B512481C78FFF71CF96C
:1007A0000100012C0AD003DD80220F4800F086F8FA
:1007B0000E48FFF709F90E4B186010BD0A4C542281
:1007C000200000F07BF80B4B6365A365E3652366AF
:1007D0006366A366E36623676367A367E3672362D1
:1007E000E361E5E75346000018BF02204C330000E8
:1007F00040410320F907091007B5604601880A0A3D
:100800000230DF2AFAD1C9B2820804D302884088B4
:100810000004104300E00068014A5050039007BDF7
:1008200018BF022070B504000A4E30000AF064FCC4
:1008300020000AF0A7FB050030000AF02DFC002D77
:1008400005D0054B2C199C4201D8280070BD0348E7
:10085000FDF714FC88BA022000000420DCB3091064
:1008600070B505000C000B4E30000AF045FC280066
:10087000210009F0E1FE050030000AF00DFC002D1A
:1008800005D0054B2C199C4201D8280070BD0348A7
:10089000FDF7F4FB88BA022000000420DCB3091045
:1008A00001480421014B1847E0B40220E9F908107F
:1008B000014B1B6818470000E0B40220014B5B6845
:1008C00018470000E0B40220F0B5C64600B5437DED
:1008D00007000C001600002B46D0002A17DD0B780D
:1008E0000A2B24D000239846012E13D0012529007D
:1008F000635C01350A2B26D0B542F8D1464509DCA8
:10090000A419013C23780D3B5A4253413B7580BCEE
:10091000B846F0BD4346E018A419F11A013C3B6803
:10092000984723780D3B5A4253413B75EFE7037DCF
:10093000002BD7D102210F483B689847012EDFD00A
:1009400001239846D2E7631E5B5C0D2BD4D088450B
:1009500004DA4346C91AE0183B6898470221054863
:100960003B68A8469847C7E70368110020009847EE
:10097000CDE7C046ECBD0910F0B5C6460B680600D1
:100980000C0000B5802B06D05A1C2260E41826719A
:1009900080BCB846F0BD0F4B1D68002D16D00B1D56
:1009A00098460D4F02E02D69002D0FD02B68002BCB
:1009B000F9D03B68002B01D0AB42F4D1280041466E
:1009C0002268FFF781FF2D69002DEFD1012200235E
:1009D000DBE7C046A030032058350320F0B5CE46F3
:1009E000474680B583B06B460600DD1D2870FCF7D6
:1009F000EBFB0023194A12184B41002B02DA0122AB
:100A0000174B52421749080088460AF065FB164BFF
:100A100081461C68002C14D0144F02E02469002C7D
:100A20000FD02368002BF9D03B68002B01D09C42EB
:100A3000F4D1200001222900FFF746FF2469002C91
:100A4000EFD14B46002B05D1300003B0C0BCB946F6
:100A5000B046F0BD40460AF01FFBF5E740420F00EC
:100A6000FFFFFF7F90BA0220A030032058350320FB
:100A7000F0B5DE464E4645465746E0B583B0060023
:100A800009F036FD0500FCF79FFB0023284A1218E9
:100A90004B41002B02DA0122264B52422649080024
:100AA0008B460AF019FB254B81461C689A46002CA0
:100AB00038D00A23224F984602E02469002C17D030
:100AC0002368002BF9D03B68002B01D09C42F4D165
:100AD00020002A003100FFF7F7FE6B464246200057
:100AE000DA71D91D0122FFF7EFFE2469002CE7D14E
:100AF0004B46002B18D153461C68002C06D0636867
:100B0000002B0BD098472469002CF8D1280003B0A3
:100B1000F0BCBB46B246A946A046F0BD2469002CF5
:100B2000EDD1F3E70028F1D058460AF0B5FAE2E734
:100B300040420F00FFFFFF7F90BA0220A030032049
:100B4000583503200A4A1368002B05D10CE01A001F
:100B50001B691032002B07D08342F8D1002902D143
:100B600018691060196170470029FCD01060FAE71D
:100B7000A0300320F0B5CE46474680B5A3B00400B0
:100B80000D00FCF721FB0023274A12184B41002BD4
:100B900002DA0122254B5242254E30000AF09CFA1F
:100BA00000232200019307002B00224801A9FEF731
:100BB000D3FE214B804699461C68019B002B1AD01E
:100BC000002C2FD01D4D02E02469002C0FD023688B
:100BD000002BF9D02B68002B01D0A342F4D12000C8
:100BE000019A02A9FFF770FE2469002CEFD14B4651
:100BF0001C6800230193002C06D06368002B0BD0E7
:100C000098472469002CF8D1002F07D1404623B023
:100C1000C0BCB946B046F0BD2469ECE730000AF02C
:100C20003BFAF3E70194EFE740420F00FFFFFF7F3D
:100C300090BA022079090910A0300320583503200A
:100C40000FB400B583B004A901C90191FFF792FF69
:100C500003B008BC04B0184710B500F0CBF8012071
:100C600010BDC046F0B5002915DD0E4B0D271A68E2
:100C70000D4B0E4CD3185D426B41451820215B0093
:100C80001E5F0478A64207D093691942FCD1013057
:100C90001460A842F5D1F0BD93691942FCD11760E8
:100CA000F2E7C046644103200080FCBF604103209E
:100CB000214B70B504000D1E1E682CDD0020102194
:100CC0001E4B013C1A689369194215D10130936992
:100CD0001942FCD1136823548542F4D1002E09D067
:100CE000502338219363536B3432194080235B01C6
:100CF00013431960280070BD002E09D050233821FD
:100D00009363536B3432194080235B011A431160A3
:100D10000028F0D10DE0002E0BD050223821074BD7
:100D20001B689A635A6B343311408022520113437B
:100D3000196003204042DEE74C3003206441032069
:100D4000064B10B51B68002B06D00021044A126820
:100D50009163044A1068984710BDC0464C30032088
:100D600064410320503003201D4BF0B51A68C6467D
:100D700098461C4B0E00D31859424B411A4F14335E
:100D80001C00050000B53B68002807D0002B11D0DF
:100D9000164B3D601E6080BCB846F0BD002BF7D0FE
:100DA000906300212000FBF715FB20001049FBF7A2
:100DB0005BFCEDE720000E49FBF732FB0121200030
:100DC000FBF708FB4346502238211B689A635A6B95
:100DD000343311408022520113431960D8E7C046D2
:100DE000644103200080FCBF4C30032050300320BE
:100DF000410D09100C4B10B51B780C4B0C4C1B789B
:100E00000C4B02211C202360FBF7B8F902211D20A6
:100E1000FBF7B4F9E12120684902FCF7EDFC012160
:100E20000548FFF78FFE10BD1CC3091018C3091039
:100E30006441032000400340F0B4022003BDC046DB
:100E400010B50400FBF748FDA04710BDF0B5C6463D
:100E500000B5040086B00F200E009046FBF7CCFAD8
:100E6000002105000F20FBF7B5FA002300220092B5
:100E700001930123029343460393D02304960594E0
:100E80006F4600240026012102201B06002C13D0EF
:100E90001A6D1042FCD05C6540BF1A6D114203D13F
:100EA00020BF1A6D1142FBD09A6DA24209D00026D4
:100EB000B200BC58EAE79A6D1A6D1142FBD140BFEF
:100EC000E6E70136062EF3D129000F20FBF782FA60
:100ED00006B080BCB846F0BD0D4B0E4A10B593422B
:100EE00010D30D4A99181A000B4C1051FF20C00066
:100EF00013500A4B0A4813500A4B0B489A68FFF7E5
:100F0000A5FF10BD01235B421A000849ECE7C0466B
:100F1000000804204C060420F4070000410E0910CC
:100F2000FC07000000ED00E03D0E0910F307000093
:100F30003423F0B5DE4657464E4645469A46E0B560
:100F400005008244504683B08946904600F07EFA00
:100F500028002E003C302F1D00F07AF93C0040366E
:100F6000012000F0DFFC2060012000F0DBFC60606D
:100F700004CEE86B131D9B00C318A360544BC31829
:100F8000591E8B41DB009B18E3601034A245E7D16A
:100F90009C2200239D209200AB50083AAB50800069
:100FA0000432AB5004214B4608222818FCF712FCEF
:100FB000A1239B00EC1808224B4604212000FCF7DB
:100FC00009FCA52080004346082204212818FCF7CC
:100FD00001FCA92080004346082204212818FCF7C0
:100FE000F9FB2B00012239002868683300F032FA3F
:100FF0002B00002239002868E83300F02BFA2B0080
:101000008022693339002868FF33920500F0B8FA6E
:101010002B00E933FF3300223900286800F0B0FAD2
:1010200003230193A1239B009B460023984616E0CF
:101030008A4235D04E469F00626801339BB2BE5053
:101040008B4235D82381BFF35F8F434603608CF317
:10105000108840BF019B013B0193002B2DD02B68D2
:101060001B695800C01840088000FFF7DBFB814671
:10107000002829D05B46EA58EFF3108C72B613684B
:10108000002BFCD0BFF35F8F584623896289E1892A
:1010900028589A1ACCD54E1CB24652448A42C9D11D
:1010A000BFF35F8F434603608CF3108820BFE1E7F6
:1010B00043462381BFF35F8FC8E703B0F0BCBB4654
:1010C000B246A946A046F0BD0248FCF7D7FFC0468D
:1010D0000000E0AF7CB40910012270B50C001100D3
:1010E000150083681600994043689D402B004569B0
:1010F0000B43AE40334316008569AE4033431600C0
:10110000456AAE40856A3343AA40A0251343114A7D
:10111000ED05A9500B2C10D00F4A126851400F4A10
:101120000B4013600E4B0F4958600C20FBF778F909
:1011300001212000FBF74EF970BD0B4A12684A40AE
:1011400013400A4A0A491360054B18600B20FBF74D
:1011500067F9EDE70C04000014040050141400506B
:1011600098300320B9B10220040400500414005048
:10117000DDB102204168F8B5334BCC029C461C40DF
:10118000A023DB05474606009846CE4685688B01BE
:10119000AD0143444544E83680B51E605D600425DA
:1011A0002A4A9D6014431C6194266346A9464569FA
:1011B0008769EC021C407600AB01BF014344474401
:1011C000B046804446461E604E4614435F609E60B3
:1011D0001C616446476AA426FB0223401A43A023ED
:1011E000DB059C46846A7600A401BB016344644429
:1011F000B446844466461E605C604C469C601A613E
:10120000012213001400AB40BC408A402343134327
:10121000A021862204000125C905D2008B50C16B94
:101220004034FC3E2A00236810339A404B681A422F
:10123000FCD00434B442F5D101213C3000F0D6F8A2
:10124000C0BCB946B046F8BDFDFF1FFF39851F0081
:10125000F0B5DE46454657464E46E0B5040087B039
:101260005B49006800F088FB03000133C2011B03E7
:101270001343584A83461340019310239C46A444C9
:101280006346009302AB9A46A0466062251D434622
:101290002968186800F058FB434603241F68EE686D
:1012A0002B68B440994602222300B24038004946D8
:1012B00000F0D8FB0122230052423800494600F0DA
:1012C00025FC454B3000FC18631E9C410634210070
:1012D000FAF754FF2100701CFAF750FF80235B02DD
:1012E00002935346019AB6025A6080235246DB05A8
:1012F0003343D360394B38009360494653465A46CE
:1013000000F058FC494601228A403B6880269343FE
:10131000334A3B602027434694467124E868D95DF0
:10132000830063441A687601224033431A60FAF757
:101330003DFF2B4A43469446E868D95D013083005F
:1013400063441A68334314401C60FAF72FFF009B74
:101350000435AB429BD14446E5692A07520F9300FE
:101360009B18204A9B009446002263441A609A60AE
:10137000DA6009321A6107325A600C3A1A601A4A66
:10138000AF00DA60164B9C462023984651339946AD
:1013900067446B1C14D028000421FAF7EFFE434683
:1013A0004A46E15C3B682800134032003A43136030
:1013B000FAF7FCFEE369013501330437AB42EAD2A8
:1013C00007B0F0BCBB46B246A946A046F0BDC04639
:1013D00004BE0910FFFFFF9F0000E0AF00000E6891
:1013E00004C001400000054005000500012230B5A1
:1013F0001400436815009C4023008468A5402B43DB
:101400001500C468A5402C000568C0691C4300078E
:10141000400F83001B180C489B00844680206344C7
:1014200040011843002907D08021890129430C601D
:101430001B689A43026030BDC021890129430C60BA
:101440001B681A400260F6E70000054000230360B5
:1014500003717047F0B557464E464546DE460124B7
:10146000E0B5067D0578B61A724256413F4A85B00E
:1014700094464268019502926C4052088D689A60C9
:101480004A68CF68A8465D60394DD2022A40FF0302
:10149000AA463A43374D0F682A40FF023A43364F77
:1014A000A9463D001543AB46DD608568760003958F
:1014B000019D3443354346465E615E46DE614646E5
:1014C000AD0065441D61039DA4006D089D61C56864
:1014D0005E626E089E62294E644432409926324311
:1014E00046461C601C62DA6202695E635E460398CF
:1014F000DE63804660465646186448691C63C00235
:101500003040CE69029CF60330434E464444641991
:101510008D6964085D649C6430400E695D658D6A08
:101520009C665446F60230433843D864D865486A0E
:101530006646C0022040CC6A096AE40320434C4658
:10154000C9022040014352080F439A631E659A6501
:101550001E665D66DF661E675D679A67DF6705B0BA
:10156000F0BCBB46B246A946A046F0BD64B202201C
:10157000FD7F00FFFF87FFFF99002000FFFFDFFFD7
:10158000F0B557464E464546DE46E0B50F0001240D
:1015900093466B4A896894468846426885B0067DC2
:1015A0000292520805789A607A6801975960FF683C
:1015B0006449D2020A40FF033A43019F66403F68F4
:1015C0008A46F6B2604976006C400A40FF02354315
:1015D00089465E493A43AD00114365440F00D96026
:1015E00081681D61454603915D614D084146E4B245
:1015F000344399269D61C56859625946A4006444E4
:101600001C601C626C089C62514C0069144034439D
:10161000DF61DC624008002952D0196341465963FA
:1016200051464C4C019F2243DA637A69FE69D2022B
:101630000A40F603494632433E69039F0A40B846D2
:101640000299F60241448846614616433F4A019F8B
:1016500032431964B969DA64820093444544596499
:101660008846594619654146596551462643DE6507
:101670007E6A6D08F6020E40F96A9863C9030E434C
:1016800049460E40396A9D64C9028846614619661A
:10169000B96A2E4F8C4641460E43986537435A44EB
:1016A000344361469D665966DF661A6759679867D5
:1016B000DC6705B0F0BCBB46B246A946A046F0BD0B
:1016C000414659635146DF63019F234A7C69FE69A5
:1016D000E4020C40F603494634433E69039F0C4044
:1016E000B8460299019F4144884661461964B96928
:1016F00045448846F6025964144934430C43414634
:1017000059655146161D1E657E6ADC64F6020E4060
:101710004946DC65FC6A6D08E40326430E406146D9
:101720003C6A1966B96AE4028C46084934430C43A2
:101730001A63270098639D6498650832B1E7C04634
:1017400064B20220FD7F00FFFF87FFFF99002000A9
:10175000FFFFDFFF1900200058B20220F0B50F256F
:10176000524C030905406557E3565B1901250540B6
:10177000002B5ADD43106B40DB4302265B001E400A
:101780002E43750883106B40DB4304259B001D40EE
:101790003543AE08C3107340DB430826DB001E4010
:1017A0002E43F50803116B40DB4310251B011D4040
:1017B00035432E0943117340DB4320265B011E4055
:1017C0002E43831175096B40DB4340259B011D406F
:1017D0003543AB09C0115840C043FF23C00103404B
:1017E0002B43180925560F20184020562D18002D80
:1017F00016D01F0AE05740190230860602204740E3
:10180000E0572B4C401B02301E43800663401843B8
:10181000002D02DD08601660F0BD0E601060FBE771
:101820002348434013600B60F6E7002B02D1002DE4
:10183000A0D00125022346106E40760033401D43A0
:101840006B0886105E400423B60033402B439D088E
:10185000C6106E400825F60035401D43EB08061102
:101860005E401023360133402B431D0946116E4064
:101870002025760135401D436B0986115E404023CB
:10188000B60133402B439D09C0116840C001184385
:1018900080230F265B0003431D0935400640655732
:1018A000A0572D18002DA4D1BCE7C04610BE0910CA
:1018B000FF020000F8B55746DE4645464E46E0B505
:1018C000D5004F19834692467D19002A24D09300F3
:1018D000994600230E00984643465A469B00D4582A
:1018E0004B4631009A19E0B2FFF738FF4B46200A09
:1018F000DA193900C0B2FFF731FF4B46200C5A19F4
:101900002900C0B2FFF72AFF01239C46E0440436B9
:1019100004370435D045DFD1F0BCBB46B246A946FA
:10192000A046F8BD10B5064B064C82B001000093EE
:1019300000220B232000FAF7DDFC02B010BDC046E8
:101940009CB409100E430320074B10B5984204D0F5
:10195000064A0748FAF7ACFC10BD064A04480431B1
:10196000FAF7A6FCF8E7C04600003050E0B40910D2
:1019700013430320BCB40910F0B5DE4657464E466B
:1019800045468846E0B583B006000524FAF77AFCA0
:1019900043461F791C57304B0125F3185A425341D7
:1019A0009B0099462D4ABD40130093464A469B58DA
:1019B00082469C462023013DDB1B002C3FDB9C42E2
:1019C0003ADC2B006246A3401A4235D1A54062465C
:1019D000614601952A400D422ED1002F1BD0414671
:1019E000434649781B780902194343469B78802572
:1019F0001B040B434146C878AD0100061843530051
:101A0000C15AA94200D20919131912339B0001329D
:101A10009951BA42F3D36546019B4A461D435B4642
:101A200050469D50FAF73AFC200003B0F0BCBB468C
:101A3000B246A946A046F0BD0948FCF71FFB002BA3
:101A400002DAF9E7013BF7D32A0061469A401C000D
:101A50001142F7D1BAE7C0460000D0AF34300320BE
:101A6000FCB40910F0B5DE4657464E464546E0B593
:101A70001600DC22924685B01C004B0002935B18D6
:101A8000DB00C518AA445246834628001268CC30B1
:101A900000920268C020CC3380015B440343802065
:101AA000800201921860002C1DD08023DB0499462F
:101AB0000123D83598462B00E02755469A463F0229
:101AC00003912000FDF77AFF4A46430113432B6040
:101AD00033004246C340134052463B431360631EEB
:101AE0001C40EED10399029B5B18DB005B441A009B
:101AF0000099DC321160019ACC331A6005B0F0BC59
:101B0000BB46B246A946A046F0BDC046F0B5DE468B
:101B100057464E464546E0B51600DC22924685B053
:101B20001C004B0002935B18DB00C518AA44524608
:101B3000834628001268CC3000920268C020CC3363
:101B400080015B4403438020800201921860002CD6
:101B50001CD08023DB0499460123D83598462B00FE
:101B600055469A46124F03912000FDF727FF4A463B
:101B7000430113432B6033004246C3401340524697
:101B80003B431360631E1C40EED10399029B5B181C
:101B9000DB005B441A000099DC321160019ACC33FF
:101BA0001A6005B0F0BCBB46B246A946A046F0BDDF
:101BB00080E00000F0B501258D400468AC4304606E
:101BC000002B2ED04D006C18E400041926001F686D
:101BD000C83637605F68DC3477609F68DB68B76061
:101BE00023606B18DB001D008024D035451964018B
:101BF0002C4380252D06256025600125124C2E00E2
:101C00008C4084600C1DA640802408318D401F212B
:101C1000A4010443C0180A40D83026602560026041
:101C2000F0BD4D006C18E400041926008027C8366A
:101C30007F023760F8277F027760C027DC343F03DC
:101C4000B7602360CDE7C04601010101F0B59823DC
:101C50005746DE464E464546C94AE0B5D758973BFB
:101C60001C008DB03C403B4200D1B3E0136D9B059E
:101C70009B0F00D0E1E0802209A8520001210280E0
:101C8000838009F031FAC022BE4B92001A654922C6
:101C90009246403A91464832934608320192403A81
:101CA0000092083A9046B84A41230792B74AB84E84
:101CB0000692B84AB84D0592B84A0492B84A0392BF
:101CC000B84A02927A0500D4A5E08022AD4BB6480E
:101CD00092051A65437F09AC9B468378B0469A46C5
:101CE000C38A994600F04CFF082200212000FEF72D
:101CF000DFFD5A460223A2705246637063714B4661
:101D00002271200001210B9309F0EEF9069A2C00B4
:101D10009246059A079B9146049A9346039A01922C
:101D2000029A0092FA0600D478E0954B9D6D01234B
:101D30002B4200D0EDE001239A46924B9B4E9946F0
:101D40005B460324C3460293B84637002E0003E0E7
:101D500002342037212C19D0002E00D1D4E0554672
:101D6000631E9D40354200D0A8E05546A54035424F
:101D7000EED04B4638009D6501F02EF8002800D0CB
:101D80007FE0AE4302342037212CE5D1029B474649
:101D9000D8469B46002E00D0EEE00825019A5B460F
:101DA0009246009A444691463D423AD17A0604D57D
:101DB00080211C00734A09051165BB0600D5D4E0DB
:101DC000BC4200D0CCE00DB0F0BCBB46B246A94648
:101DD000A046F0BD48229246403A9146483293468A
:101DE00008320192403A0092083A904688228226B0
:101DF0008025D200079208320692403A0592483276
:101E0000049208320392403A40230292F600ED0019
:101E10007A0500D559E7FA0600D586E708253D4240
:101E2000C4D080220226574BD2021A65544BDB6C79
:101E30001E420BD153464C46B8E700236A460121A7
:101E40009384138509A809F04FF91CE7564809AC9B
:101E5000437FC5829B468378984600F091FE082216
:101E600000212000FEF724FD5B46A3704346667008
:101E70002371200001210B954C4609F035F953469A
:101E800094E77B7FBA78F98A38000393049205912E
:101E900000F076FE0822002109A8FEF709FD0223C2
:101EA00008A843710599039B049A837102720B91F0
:101EB00009A8012109F018F9AE4363E74B46380041
:101EC0009D6500F089FF002801D1AE434DE77B7F7F
:101ED000BA78F98A380003930492059100F050FE15
:101EE0000822002109A8FEF7E3FC022308A8437199
:101EF0000599039B049A837102720B9109A8012131
:101F000009F0F2F8AE4330E7029B4746D8469B46BD
:101F100043E7254C6268200012681A4A936500F076
:101F20005BFF002802D101239D4304E7637FE68A1B
:101F30009946A378200009AC9A4600F021FE0822B9
:101F400000212000FEF7B4FC022363704B46A3700F
:101F500053460121237120000B9609F0C5F8E2E7F2
:101F6000210013487940FCF789F88022054B1206BE
:101F700010481A65FCF782F831000F48FCF77EF82C
:101F800000001150003011504104000049040000CD
:101F900011040000090400000104000051040000C5
:101FA000590400001904000058330320783303203B
:101FB0003CB5091028B5091010B5091070B500F02E
:101FC000B9FD0C230D4C0E4DA36729000520FAF72F
:101FD0004BFB2900FF220520FAF74CFA8022002152
:101FE00092000848FEF764FC03232364064B074A6B
:101FF000E36490230120E25070BDC0460000115000
:102000004D1C091058330320008600207B0400007B
:102010007047C0467047C046044B186DC0239B00F4
:102020001840431E9841C0B27047C046000011508E
:10203000064B10B5186D8005800F012802D00228CC
:1020400001D1002010BD0248FCF718F80000115023
:1020500050B5091070B50D1E50D03D23DB4CE35C2C
:102060008B4200D10EE25D23E35CAB4200D1EDE197
:102070007D23E35CAB4200D1CCE19D23E35CAB422A
:1020800000D1A9E1BD23E35CAB4200D17FE1DD23B8
:10209000E35CAB4200D15CE1FD23E35CAB4200D1E9
:1020A00039E11E23FF33E35CAB4200D112E13E2352
:1020B000FF33E35CAB4200D1EAE05E23FF33E35C35
:1020C000AB4200D1C2E07E23FF33E35CAB4200D1E0
:1020D0009AE09E23FF33E35CAB4200D172E0BE2363
:1020E000FF33E35CAB424CD0DE23FF33E35CAB4217
:1020F00026D0FE23FF33E35CAB4200D070BDF0235B
:102100005B00E25C002AF9D0FF2201215200A25CB0
:10211000501C8140AE4892004165AE4920008C467B
:10212000002162445160E1540433E358E130196006
:10213000F4235B00E358FF30196000F021FDDDE778
:10214000E0235B00E25C002AD3D0EF2201215200A1
:10215000A25C501C81409E48920041659D49200030
:102160008C46002162445160E1540433E358C1308D
:102170001960E4235B00E358FF30196000F000FDB4
:10218000B7E7D0235B00E25C002AADD0DF2201215B
:102190005200A25C501C81408D48920041658D49DF
:1021A00020008C46002162445160E1540433E3581E
:1021B000A1301960D4235B00E358FF30196000F0B0
:1021C000DFFC91E7C0235B00E25C002A00D186E7D8
:1021D000CF2201215200A25C501C81407C48920019
:1021E00041657C4920008C46002162445160E154E5
:1021F0000433E35881301960C4235B00E358FF3097
:10220000196000F0BDFC6AE7B0235B00E25C002AC5
:1022100000D15EE7BF2201215200A25C501C814028
:102220006B48920041656B4920008C460021624456
:102230005160E1540433E35861301960B4235B000A
:10224000E358FF30196000F09BFC42E7A0235B00DD
:10225000E25C002A00D136E7AF2201215200A25CE5
:10226000501C81405A48920041655A4920008C46D2
:10227000002162445160E1540433E3584130196055
:10228000A4235B00E358FF30196000F079FC1AE7E3
:1022900090235B00E25C002A00D10EE79F2201211F
:1022A0005200A25C501C8140494892004165494956
:1022B00020008C46002162445160E1540433E3580D
:1022C0002130196094235B00E358FF30196000F05F
:1022D00057FCF2E680235B00E25C002A00D1E6E6D0
:1022E0008F2201215200A25C501C8140384892008C
:1022F00041653849601C8C46002162445160E154BC
:102300000433E358FF30196084235B00E3581960FD
:1023100000F036FCCBE6E023E25C002A00D1C0E608
:10232000FE220121A25C501C814029489200416597
:10233000284920008C46002162445160E154043356
:10234000E358E0301960E823E358196000F018FC06
:10235000A7E6C023E25C002A00D19DE6DE2201212F
:10236000A25C501C81401A48920041651949200026
:102370008C46002162445160E1540433E358C0307C
:102380001960C823E358196000F0FAFB84E6A02323
:10239000E25C002A00D17AE6BE220121A25C501C38
:1023A00081400B48920041650A4920008C4600217B
:1023B00062445160E1540433E358A0301960A8230B
:1023C000E358196000F0DCFB61E6C0465833032097
:1023D00000301150000011508023E25C002A00D12F
:1023E00050E69E220121A25C501C8140334892009D
:1023F0004165334920008C46002162445160E1541C
:102400000433E358803019608823E358196000F0E2
:10241000B7FB37E66023E25C002A00D12DE67E227E
:102420000121A25C501C814024489200416524494E
:1024300020008C46002162445160E154636E60309C
:102440001960A36E196000F09BFB16E64023E25C66
:10245000002A00D10CE65E220121A25C501C8140C2
:10246000164892004165164920008C4600216244BE
:102470005160E154636C40301960A36C196000F046
:102480007FFBF5E52023E25C002A00D1EBE53E224C
:102490000121A25C501C8140084892004165084916
:1024A00020008C46002162445160E154636A203070
:1024B0001960A36A196000F063FBD4E50030115085
:1024C0000000115010B501210520F9F783FF10BD60
:1024D000F0B557464546DE464E46E0B5D37808008F
:1024E0009B07990F88460F0083B0002B69D02021ED
:1024F000794B595C002900D1C6E04021595C002984
:1025000000D1C8E06021595C002900D1C5E08021DC
:10251000595C002900D1C2E0A021595C002900D1FA
:10252000BFE0C021595C002900D1BCE0E021595C2A
:10253000002900D1B9E080214900595C002900D16F
:10254000B5E090214900595C002900D1B1E0A021FB
:102550004900595C002900D1ADE0B0214900595C27
:10256000002900D1A9E0C0214900595C002900D10F
:10257000A5E0D0214900595C002900D1A1E0E0216B
:102580004900595C002900D19DE0F0246400195DE8
:10259000002900D199E0FF214900595C4F4DCE0040
:1025A0001C197519A5604E4D8901AC464D4D664408
:1025B000AC464D4D61444D40AC46B3466660E1606B
:1025C0000BE0454B49494A4E99604A49B346D960A8
:1025D000C02149008C461C005E6015799178A9469F
:1025E000557992794E4692467F222D020A40354314
:1025F000A170CE0951425141E1704146E1766146F8
:102600006D05BF066D0D0F43A021258355460906B4
:10261000B146607766703943002D31D15D4629603F
:10262000012121709C4223D04B4615040543002B09
:1026300002D180239B041D432F4B1E6DB605B60FA0
:10264000012E02D0022E43D1002600F0D5FCB0426C
:1026500002D08023DB041D432749A37F8C469A00C8
:1026600062445560012201339A401300234A5365A6
:10267000012003B0F0BCBB46B246A946A046F0BD5F
:10268000013D2D042943C9E70124611E6401C9B23B
:102690001D19A97782E70224F7E70324F5E704244C
:1026A000F3E70524F1E70624EFE70724EDE7082424
:1026B000EBE70924E9E70A24E7E70B24E5E70C2424
:1026C000E3E70D24E1E70E24DFE7D23CFF3CDCE743
:1026D0000B48FBF7D3FCC04658330320880010504A
:1026E00008001050000210500000105080001050E0
:1026F00000011050800110500000115000201150B6
:1027000050B50910F0B54F46D6464646C0B582B022
:1027100098466B461B8D0D009A467F231F00D109FA
:102720008946C24C1740134200D19DE05F3BE35CF9
:10273000002B04D03D23E35CAB4200D107E14023F2
:10274000E35C002B04D05D23E35CAB4200D10AE1E3
:102750006023E35C002B04D07D23E35CAB4200D11B
:1027600008E18023E35C002B04D09D23E35CAB42B3
:1027700000D106E1A023E35C002B04D0BD23E35C81
:10278000AB4200D104E1C023E35C002B04D0DD2385
:10279000E35CAB4200D102E1E023E35C002B04D018
:1027A000FD23E35CAB4200D100E180235B00E35CEE
:1027B000002B05D01E23FF33E35CAB4200D1FCE0CD
:1027C00090235B00E35C002B05D03E23FF33E35CEA
:1027D000AB4200D1F9E0A0235B00E35C002B05D005
:1027E0005E23FF33E35CAB4200D1F6E0B0235B0035
:1027F000E35C002B05D07E23FF33E35CAB4200D1CA
:10280000F3E0C0235B00E35C002B05D09E23FF3385
:10281000E35CAB4200D1F0E0D0235B00E35C002B33
:1028200005D0BE23FF33E35CAB4200D1EDE0E023F3
:102830005B00E35C002B05D0DE23FF33E35CAB429F
:1028400000D1EAE0F0235B00E05C002806D0FE2324
:10285000FF33E35C0020AB4200D1F1E002B0E0BC0A
:10286000BA46B146A846F0BDA3782600934242D0AE
:102870004B46F17E73707B427B41B270F370F2681D
:102880006B4B89065340A0220B4312061343726818
:102890007577136001233370A6422CD04B463F045A
:1028A0002F43002B02D180239B041F43614B1C6DDF
:1028B000A405A40F012C03D0022C00D0C8E00024F2
:1028C000280000F099FBA04202D08023DB041F43C4
:1028D0005849B37F8C469A00624457600122013305
:1028E0009A401300544A536530005246414600F066
:1028F000DDF90120B2E752462000414600F0D6F94A
:102900004E464E4A032494464A4B3F042F431F60D1
:102910001B6D013EA6431B0A66441C40012C03D0DC
:10292000022C00D094E00024280000F065FB031B7B
:102930005A1E93419B0133430122190091433D4AA2
:10294000D1640C210339FDD20120D36486E7222310
:10295000E35C934200D0F2E601267601A619B37833
:102960009342C1D084E74223E35C934200D0EFE678
:102970000226F2E76223E35C934200D0F1E60326ED
:10298000EBE78223E35C934200D0F3E60426E4E71E
:10299000A223E35C934200D0F5E60526DDE7C223DF
:1029A000E35C934200D0F7E60626D6E7E223E35C39
:1029B000934200D0F9E60726CFE781235B00E35C72
:1029C000934200D0FCE60826C7E791235B00E35C56
:1029D000934200D0FFE60926BFE7A1235B00E35C3A
:1029E000934200D002E70A26B7E7B1235B00E35C1D
:1029F000934200D005E70B26AFE7C1235B00E35C01
:102A0000934200D008E70C26A7E7D1235B00E35CE4
:102A1000934200D00BE70D269FE7E1235B00E35CC8
:102A2000934200D00EE70E2697E7C04658330320A6
:102A300000001050000011500020115009860020A5
:102A4000F1235B00E35C0F26934200D006E784E7A6
:102A50000148FBF713FBC04650B5091010B5224BD7
:102A600008001178802419705178640059709178A9
:102A70009970D178D9701179197151795971917909
:102A80009971D2791949DA71194B1A4AD960002122
:102A90009A605970184AD97618495C805A605877FC
:102AA0001160012208211A7099829A76144B1860DD
:102AB0001C6DA405A40F012C02D0022C11D10024FE
:102AC00000F09AFAA04209D00E4A0F490C4BDA6482
:102AD0000C22033AFDD20120D96410BD0B4A0C49E7
:102AE000F4E70C48FBF7CAFA0000105080011050C0
:102AF000583303208000105000011050800100A0C6
:102B000000001150428600204386002002860020EB
:102B10000386002050B509107F21C209034B9200A3
:102B2000014010B5D2580248FBF7A8FA08B50220B8
:102B300060B5091080220D4B520410B51A600C4B81
:102B40000C491A6010008B689843FBD19C2200212D
:102B50000948FDF7ADFE8022002152010748FDF72C
:102B6000A7FE0923044A536710BDC04600E0004099
:102B700000F0004000C00040000011500000105064
:102B800000238376436103617047C046F0B5C646B3
:102B900000B54368028B1F68838A0400161C9A42A2
:102BA00000D91E1CE27880211500681E8541B6B24E
:102BB000C90031436D030D4301214A409B1BE27064
:102BC00062789BB2A382002A4AD0002B02D18022D5
:102BD000D2011543802252011543304A116CA2786C
:102BE000890713D5520613D02D4B1F4080239B0518
:102BF0001F4363681F60A3681A6852054BD4294AB3
:102C00002A401A601D6080BCB846F0BDD209EBD0E6
:102C1000002BE9D0228B111C9A4200D9191C8AB2D0
:102C20008021C90011439B1A9046E2789BB216009E
:102C3000701E864176030E4301214A40E27062789D
:102C4000A382002A19D0002B02D18023DB011E436E
:102C5000154B36043B40A027FF0535431F43C8E70B
:102C60003200E0682169FDF729FE23699B19236181
:102C700080231B021D43A38AA7E7E068424621691F
:102C80004030FDF71BFE23694344236180231B0270
:102C90001E43A38AD7E7A078FFF73EFF000011503C
:102CA000FFFFFFAFFFFBFFFFFFFFFFDFF0B5C646F3
:102CB000002300B5C38201338376436804001F6894
:102CC000038B01611E1C934200D9161C8020B6B2F2
:102CD000921B93B2E278C000304315008446681E10
:102CE000854160466D03054301204240E2706278F1
:102CF000A382002A4AD0002B02D18022D2011543A0
:102D0000802252011543304A116CA278890713D5ED
:102D1000520613D02D4B1F4080239B051F43636831
:102D20001F60A3681A6852054AD4294A2A401A60CB
:102D30001D6080BCB846F0BDD209EBD0002BE9D0B5
:102D4000228B111C9A4200D9191C8AB28021C90019
:102D500011439B1A9046E2789BB21600701E864182
:102D600076030E4301214A40E2706278A382002A72
:102D700018D0002B02D18023DB011E43154B3604F3
:102D80003B40A027FF0535431F43C8E73200E068FA
:102D9000FDF794FD23699B19236180231B021D43CA
:102DA000A38AA8E7E068424621694030FDF786FD26
:102DB00023694344236180231B021E43A38AD8E76F
:102DC000A078FFF7A9FEC04600001150FFFFFFAF3B
:102DD000FFFBFFFFFFFFFFDF70B5867E0400002EC4
:102DE0004AD083681A681D684378AD05AD0D002B85
:102DF00019D1C38AEB189BB2C382218B62688D42C2
:102E000004D20023A3821368300070BD1268520000
:102E100001D58D4214D0A38A002BF5D02000FFF7F6
:102E2000B5FE0026F0E72A000069E168FDF746FDDF
:102E3000E38A2269EB189BB25219E3822261DCE734
:102E4000A26815686278AD01AD0D002A06D15B1944
:102E5000E3828D42DFD20023A382D5E7E1682A0016
:102E600040312069FDF72AFDE38A218BEB18E382CC
:102E700023695B192361ECE781787F20CA09034B42
:102E800092000140D2580248FBF7F8F808B502203A
:102E900080B50910C27843691A707047F0B5C6460C
:102EA00000B504000138C3B20D008AB0052B00D96B
:102EB00096E0562141434C4BCF5C002D23D14B4E25
:102EC000737DD9B2022B48D0032960D0012916D1D5
:102ED000F388002B41D0464D0239286808F0F4F8F9
:102EE00002232868737508F0D7F880213278B36818
:102EF0000A40F188380000912100FFF703FC0AB076
:102F000080BCB846F0BD394F02AB3A00984603CAC0
:102F100003C311201E00022200216844FDF7C8FCF3
:102F20003470F570FB8A012173604346B360BB685F
:102F30002F4CF360FB68494233613B692068736141
:102F400008F0C2F8002320687B7508F0A5F8336903
:102F5000002BD4D030009847D1E70121244D92B204
:102F600049422868F28208F0AFF803232868737595
:102F700008F092F8012332782100D2095A40002348
:102F8000D2013800D2B20093FFF7BCFBB7E73200A2
:102F900002AB984603CA03C311201F00022200217E
:102FA0006844FDF785FC3C70FD70F38A01217B606D
:102FB0004346BB60B3680E4CFB60F36849423B611B
:102FC000336920687B6108F07FF82068757508F028
:102FD00063F83B69002B00D191E7380098478EE7F2
:102FE000044B1F7869E7C046602D0320080A0320C0
:102FF000642F0320200A03200138C3B2052B05D813
:1030000056224243034B9B18D8787047024BD8781E
:10301000FBE7C046602D0320200A0320F8B5474691
:10302000CE4680B53B4F05003B78FF2B04D00120F6
:10303000C0BCB946B046F8BD374C2000143CF9F787
:1030400081FC200002F046FC344B1C60344C200014
:10305000F9F75CFC334B344E1C60344B002B04D02E
:10306000300000E000BF324B1860052200213148DB
:10307000FDF71EFC8122304C002192002000FDF75C
:1030800017FC182200212D48FDF712FC81239B001C
:103090009846A044562200212000FDF709FC20009C
:1030A0000822FF210D30FDF703FC20002022FF2124
:1030B00015305634FDF7FCFBA045EBD12049002428
:1030C00089461B4900238846327810E04346A10018
:1030D0001B68091989005B18002B02D01B689847F0
:1030E00032780134E4B2911C2300A14207DBA242F2
:1030F000ECD89A1A93009B189B004B44EEE72800EB
:103100003D70FEF75BFF002892D02800FFF7DAF948
:103110008DE7C0462CB5022024B50220702F032075
:10312000682F0320642F03201143032000000000B8
:1031300004CA0220200A0320602D0320080A03206D
:1031400054BE0910F0B5CE46474680B5437804001A
:1031500083B0002B06D18368002B03D0394D6B7DE3
:10316000002B06D00026300003B0C0BCB946B046E4
:10317000F0BD0121344E037849423068984607F08B
:10318000A3FF6B7D3668DAB2002B24D101236B7567
:1031900043462B75A168EA8228000822FDF78EFBC2
:1031A000E3683000AB602369EB6063692B6107F073
:1031B00073FF4346591ECBB2052B3FD856224A43D4
:1031C000224BD05C2369002B09D02A004146FFF72F
:1031D00045FC0600C7E7300007F05EFFC2E76B461C
:1031E000DF1D04233B701A4B2A0041462F61EB6020
:1031F000FFF734FC061EB5D0164B9846164B994681
:103200003B78042B10D143461B78FF2BF8D04B465C
:10321000186802F0B7FA0028F2D143461B78FF2B5A
:10322000EED000F01DF8EBE76369002B01D03A788F
:103230001A703B78E370EB8A636094E7074B187869
:10324000C0E7C046080A0320642F0320602D032036
:10325000952E09102CB50220702F0320200A032080
:10326000F0B54E46DE4657464546B54BE0B59B4663
:1032700095B00BAB9946B34B5F469B46B24E3C684C
:103280006269EFF3108172B61368002BFCD0BFF3B4
:103290005F8FA1612000494602F07CFA6269A36950
:1032A000BFF35F8F0021116083F31088002800D1E5
:1032B00014E14B465B78022B6ED061D8002B7CD09A
:1032C0004B461B78002402934B461B795D460393C3
:1032D0004B465B79B2460493002398463B00474631
:1032E000984604E001375635062C00D18DE02B7846
:1032F000029A0134E4B29342F4D156237B435B44F7
:103300001B79DB07EED5039A002A02D06B78934233
:10331000E8D1049A002A02D0AB789342E2D1062C7D
:1033200000D15EE1894B002B02D0200000E000BFFD
:103330008748884905908848069707950023002606
:103340000D0007000A7811E0B1003B688919890077
:103350005B18002B03D020001B6998472A780136A0
:10336000F6B2911C33008E4200DDBEE09642EBD3F4
:103370009A1A93009B18059A9B0094466344EAE7C7
:10338000032B00D07BE74B465B68002B00D176E730
:103390004A469068984772E74B464A4619797F2318
:1033A00090780B4000283AD1002B00D096E04B4695
:1033B0009A685979FFF772FD61E73379002B6FD175
:1033C000012333714B4618781C795B793070747027
:1033D000B370002C57D1FEF71BFE3220F9F7A4FD85
:1033E0003078FEF717FEE1204000F9F79DFD3078B8
:1033F000FEF712FE002800D0B8E030717078002887
:1034000000D13CE701F0BEF839E74B461879474652
:103410005646002800D132E701F0B4F82FE7421EEB
:10342000D4B2052C5AD8562555435A46521912790A
:10343000D20753D55A0052195A449046CC09A04499
:1034400044460122303465799543657165790332CC
:1034500095436571002BAAD043463E4A5B7D1278A6
:10346000934200D2B3E0941C9C4237DB9B1A9C0031
:10347000E418374BA400E4184B464A469B6852793F
:10348000E468A047FBE6E12002244000F9F74CFD88
:10349000B1787078314B324A009401F003F8EEE6CF
:1034A000386802F06FF93C6805006269EFF310813B
:1034B00072B61368002BFCD0BFF35F8FA1612000B0
:1034C000494602F0B5F96269A369BFF35F8F002135
:1034D000116083F31088002D00D1D0E615B0F0BC48
:1034E000BB46B246A946A046F0BD079D2100029802
:1034F000069FFEF7AFFD562200212800FDF7D8F900
:1035000028000822FF210D30FDF7D2F928002022E3
:10351000FF211530FDF7CCF9124E337DA34200D0C8
:10352000E0E60121104B49421868059307F0CCFDF5
:1035300000237375059B186807F0AEFDD2E6C04600
:10354000702F0320602D0320200A032000000000BC
:1035500054BE09101143032004CA02204D3609103D
:10356000602C0320080A0320642F03203078FEF724
:103570005FFD2B4BF0701C7006AB9C462220052291
:1035800000216044FDF794F96A46264B0021138719
:103590000823307893870EAAFEF79AFF002800D1FF
:1035A0006DE6214B08220993802300211B030EA8FE
:1035B0000A93FDF77DF909AB10931C4B0EA81193EC
:1035C0001B4B129307231393FFF7BCFD57E6194AD1
:1035D0009C00E31814689B00E418002C00D04BE713
:1035E0007CE7029B0EA90B7001234B7043461E68BB
:1035F0008C807269EFF3108072B61368002BFCD0D8
:10360000BFF35F8FB061300002F012F97269B369E5
:10361000BFF35F8F0021116083F3108888E6C046F6
:10362000144303200705000080060001602C0320DE
:103630004D36091004CA022010B5034B1B78FF2B2E
:1036400001D0FFF70DFE10BD2CB50220F0B5DE460F
:1036500057464E464546E0B5C17804008FB0002974
:103660000AD1D44B19700378994643690C2B07D8BB
:10367000D14A9B00D3589F46CE4A1378022B0CD9CF
:103680000022CE4B58781A7100281CD10FB0F0BC24
:10369000BB46B246A946A046F0BD01336420137074
:1036A000F9F742FC2000FFF74DFDEFE70122100083
:1036B000C34B197808400A4200D0B5E1BF4B1871DE
:1036C00058780028E2D000F05DFFDFE704AB9C46AD
:1036D0001220052200216044FDF7EAF86A46B94B42
:1036E0000021138408239384B44B08AA1878FEF7AA
:1036F000EFFE0028CAD0B44B082206938023002195
:103700001B0308A80793FDF7D3F806AB0A93AC4B4D
:1037100008A80B93AD4B0C9307230D93FFF712FDF5
:10372000B4E706243220F9F7FFFBA448A74B8178C1
:10373000A34A4078009400F0B5FEA7E7A04B9B7821
:10374000DB06A3D59D4AA14B9178507807220092C1
:103750000D3200F083FE99E7994B1A79092A00D1BE
:1037600077E19B4A01201179C90716D55A21515C8E
:10377000C90700D44FE2B021515CC90700D43EE232
:1037800083214900515CC90700D43AE2AE214900C7
:10379000515C0520C90700D578E75621441E6143D6
:1037A0005218864906AD0C8814800124498851803E
:1037B000117921431171DB7908AC5371A023DB002F
:1037C0002B80002368801022002120000793FDF742
:1037D0006FF87E4B20000C9308230A950D93FFF79A
:1037E000B1FC53E783689F787B1EDAB2052A00D9C3
:1037F0004CE7562602225E43754D0021AC19237911
:10380000134323716D4B1878FEF724FC6379122063
:10381000984604AB9C46052200216044FDF748F819
:10382000684B08AC2380434622003900705DA380BA
:10383000FEF74EFE002800D128E7634B08220693CE
:10384000902300215B0320000793FDF731F806ABBE
:1038500027700A935A4B20000B935C4B0C9309235F
:103860000D93FFF76FFC11E74B46591ECBB2052BAA
:1038700000D90BE756224A43514D554B28899918D8
:10388000C880688908AC0881E889082248812B7CB7
:1038900020000B734F4B0021069390231B030793CB
:1038A000FDF706F84B46237006AB0A93474B200002
:1038B0000C930A230B950D93FFF744FCE6E6802258
:1038C0003F4D52006B88934200D9DFE6414A06AE75
:1038D0000692002208ACB280F3800021200008325A
:1038E000FCF7E6FF4B462370384B20000C930B236C
:1038F0000A960B950D93FFF725FCC7E64B46013B57
:10390000DAB2052A00D9ADE056275F43304BFF18E5
:103910002B4B5E881D78F618ED18AE4200D8ADE04E
:103920002D4BB8469A462D4B049603932C4B9B4641
:103930006B7801260B2B03D12B78EE78ED186B7882
:10394000042B00D0A2E6049B31005A1B280092B23F
:1039500001F0F2FE082800D898E6534647461A7848
:10396000A84600244D4600238146059618E05B4694
:10397000A1001B68091989005B18002B0AD05E683A
:1039800042464B4629003878B047002800D08BE0EB
:1039900053461A780134E4B2911C23008C4263DC54
:1039A0009442E4D39A1A93009B18039A9B0094467E
:1039B0006344E4E71443032020BE0910200A0320D7
:1039C000602C032007050000800600014D36091019
:1039D000602D0320800600021143032054BE09100D
:1039E00004CA02204B465C1EE3B2052B00D94DE60B
:1039F0005623042563438B4A8B4ED31818795F7B7B
:103A000028431871894836680078851C87426BD333
:103A1000AF426FDC3F1ABB00854ADB199B009B1845
:103A200048469B68984731E658780221440701D4FC
:103A3000410811407F4A9B78D170DB0600D425E60F
:103A40009178507803227C4B0092113200F006FDF1
:103A50001CE6D921734A4900515C0620C90700D5EC
:103A600014E69AE6002753E74B46A9464546B84672
:103A70001F00049BED19AB4200D959E76F4B08AC0E
:103A8000069300231022002120000793FCF710FF6B
:103A90004B46237006AB0A93674B20000C930C2314
:103AA0000D93FFF74FFBF1E54B46059EA9464546B2
:103AB000B8461F00002E0FD0AB784046F618F6B27D
:103AC00004E00133DBB25473B34204D0C218517B1B
:103AD000FF29F6D0DAE58046404623003A00290067
:103AE000153001F00FFEC4E7BB00DB199B00F31893
:103AF000002B95D156236343D3189F7B874253D322
:103B00000121AF4286DD56236343D318DF7BB842E1
:103B100052D80221BD4200DB7CE756236343D31811
:103B20001F7CB84250D80321BD4200DB72E7562308
:103B30006343D3185F7CB84251D80421BD4200DBF7
:103B400068E756236343D3189F7CB8424FD80521BA
:103B5000BD4200DB5EE756236343D318DF7CB842E7
:103B600051D80621BD4200DB54E756236343D218E7
:103B7000177D874251D214237B43F3180721002B72
:103B800000D04DE700222B4B58781A71002823D122
:103B90004B46062B00D179E5294B002B00D175E56A
:103BA000484600E000BF71E5BB00DB199B00F3183D
:103BB000002BA8D0012133E7BB00DB199B00F318D1
:103BC000002BAAD002212BE7BB00DB199B00F318C6
:103BD000002BACD0032123E700F0D4FCD8E7BB00D6
:103BE000DB199B00F318002BABD0042118E7BB00B6
:103BF000DB199B00F318002BADD0052110E7032043
:103C0000CBE50420C9E5BB00DB199B00F318002BB2
:103C1000ABD0062104E70220BFE5BD42B2DB07219D
:103C2000F8E6C046602D032004CA02201143032099
:103C300054BE0910200A03204D3609100009010066
:103C4000000000000138C3B2052B04D856224243BD
:103C5000024BD05C7047024B1878FBE7602D0320C5
:103C6000200A032000487047602C03200138C2B2AC
:103C700070B5052A17D8562242430C4CA3181B795D
:103C8000DB07D80F002B00D170BD7F20084B084008
:103C90001D68CB0935334000C01880182900001971
:103CA00001F0AEFCF0E70020EEE7C046602D0320F7
:103CB000642F03200138C2B270B5052A17D85622E6
:103CC00042430C4CA3181B79DB07D80F002B00D103
:103CD00070BD7F20084B08401D68CB09353340007C
:103CE000C01880182900001901F0B2FCF0E700208C
:103CF000EEE7C046602D0320642F0320F0B5C646D2
:103D000000B505000138C4B2984682B0052C0DD824
:103D100056237F2458430C40134F64002418CE09C7
:103D20003C19A41930346679F60704D5002002B096
:103D300080BCB846F0BD01239C46634666791E43AD
:103D400043466671C05D009313000A002900FEF728
:103D5000D9FC0028EBD10122637993436371637925
:103D6000033293436371E1E7602D0320F8B5431EEE
:103D7000DAB204000D00052A11D856265E430C4F16
:103D80002800BB19D97801F07FFC002805D0F05D30
:103D90002A002100FEF79CFBF8BD0020FCE7054E41
:103DA0002800F17801F070FC0028F6D03078EFE7B9
:103DB000602D0320200A0320F0B557464E464546A5
:103DC000DE46E0B583B00CAC1E0008CC07009A4676
:103DD0002388394C8846657D91469B46002D08D046
:103DE0000025280003B0F0BCBB46B246A946A04659
:103DF000F0BD0121314D4942286807F065F9637D26
:103E00002868DAB2002B26D1012363752C4BE2829D
:103E100023804B461A024346A3805B46E380534609
:103E2000A3600E9B3243E3600F9B27752361628082
:103E300007F032F9791ECBB2052B3AD856224A4305
:103E4000204BD05C0E9B002B08D022003900FEF7DF
:103E500005FE0500C5E707F01FF9C1E76B46DE1D4B
:103E600004233370184B220039002661E360FEF70B
:103E7000F5FD051EB4D0154B154F98463378042B2D
:103E80000ED13B78FF2BF9D04346186801F07AFC3D
:103E90000028F3D13B78FF2BF0D0FFF7E1F9EDE7F5
:103EA0000F9B002B02D01A00337813703378E38A0B
:103EB00097E7084B1878C5E7080A0320642F03200A
:103EC00081060000602D0320952E0910702F03201D
:103ED0002CB50220200A0320F0B50400C646631E5C
:103EE000DAB2080000B5052A00D98EE056225A43FE
:103EF0005C4BD218411CC9B2072900D9A2E05A4B29
:103F00001D78AB1C9846594B1F6853185B7B9D422C
:103F10005DD99E00B44663449B00FB18002B5ED124
:103F2000811CC9B2082943D053185B7B9D425CD8E1
:103F300098454EDAC11CC9B2082939D053185B7BA9
:103F40009D425AD8984544DA011DC9B208292FD09C
:103F500053185B7B9D425DD898453ADA411DC9B242
:103F6000082925D053185B7B9D425BD8984530DAF1
:103F7000811DC9B208291BD053185B7B9D4259D8BB
:103F8000984526DAC11DC9B2082911D053185B7BA8
:103F90009D425AD898451CDAFF2809D1127DAA42C1
:103FA0005BD293009B189B00FB180721002B16D1B6
:103FB00000222F4B58781A71002828D1052C11D8CF
:103FC0002C4B002B0ED0200000E000BF0AE09845EB
:103FD000A6DB5D1BAB00284A5B199B009B182000E9
:103FE0009B68984780BCB846F0BD9E00B4466344C9
:103FF0009B00FB18002B9DD0F1E79E00B446634464
:104000009B00FB18002B9FD0E9E7002272E700F02D
:10401000B9FAD3E79E00B44663449B00FB18002B1B
:104020009CD0DCE79E00B44663449B00FB18002B49
:104030009ED0D4E79E00B44663449B00FB18002B3F
:10404000A0D0CCE70829CDD1B2E79E00B4466344A6
:104050009B00FB18002B9FD0C1E713009045A7DB06
:104060000721B6E7602D03201143032004CA022074
:10407000200A03200000000054BE091070B5C37868
:1040800084B0002B12D101AC0578836800210C228A
:1040900020001E79FCF70CFC2800FFF7D3FD00215F
:1040A000207020002571667107F01EF804B070BD05
:1040B00010B5C37882B0002B0CD100780649841F5C
:1040C0002401221D521809194978019300930133E4
:1040D000FFF714FE02B010BD6035032070B5C5783F
:1040E00088B0002D1AD106780D4BB21F12019B1813
:1040F0000C4A02AC927800219A700B4B102200936C
:10410000012320000193FCF7D3FB6B460493074B7C
:104110002000267006930795FFF714F808B070BDCD
:1041200060350320280A03202303080031410910C9
:10413000F0B5C4788BB0002C28D1836805781A7943
:104140001B4F5B79AE1F36011B02B91913438A78E6
:104150009A421DD00133DBB21A00511E8A4103215D
:1041600052421140134A04AE0A4302AF02920021A8
:1041700010223000BB80FC80FCF79AFB0E4B300015
:104180003570069708930994FEF7DCFF0BB0F0BD7D
:10419000321D497801232800D21901940094FFF7B9
:1041A000ADFD0028F2D02800F15DFFF795FEEDE7A8
:1041B000603503202003080031410910F0B5C578AF
:1041C00089B0002D28D10127836806781C79597998
:1041D000B21F1B4B12019B181B7A090221431F427D
:1041E0001CD0631E9C41032364422340154C6F4640
:1041F0001C43FF23009402AC0B401022002120003E
:10420000BB80FD80FCF754FB0F4B26702000049709
:1042100006930795FEF796FF09B0F0BD02AD0C229C
:1042200000212800FCF744FB3000FFF70BFD0021C4
:1042300028706F7028002E716C7106F055FFEBE747
:1042400060350320200304007D40091070B5C37859
:1042500088B0002B10D183681C79002C0CD1057814
:104260001A4AAB1F1B019B18012216009B791E40A6
:104270001A4216D19B0701D408B070BD02AC144B92
:1042800010220021200000930196FCF711FB6B46E1
:10429000257004930F4B200006930796FEF752FFFC
:1042A000EAE7902302AE5B00002130000F3200935A
:1042B0000194FCF7FDFA6B4635700493054B300012
:1042C00006930794FEF73EFFD6E7C0466835032005
:1042D00020010100B1400910F0B5CE46474680B537
:1042E000C5788BB0002D30D10122836804785879CD
:1042F000197900028C4608431100504FA61F360161
:10430000BB199B7A194088461A4223D10222150014
:104310001D401A425ED104221100194088461A42FB
:1043200035D1082215001D401A4200D075E0DB0689
:1043300000D57AE00023321DBE1971782000019368
:104340000093BA180133FFF7D9FC0BB0C0BCB946D3
:10435000B046F0BD61464B1E99414A420321FF23FE
:104360001140374A02AF034004AE0A4302920021D3
:10437000BB8010223000FD80FCF79AFA314B34707C
:104380003000069708930995FEF7DCFEDDE76146ED
:104390004B1E9941013A49422B4B0A401343029369
:1043A00002AB9946FF234A460340938004AB9846EC
:1043B000D580002110221800FCF77AFA43464A46BD
:1043C0009A6042461C70214B404613615561FEF7CE
:1043D000B9FEAFE761464B1E9941013249421C4B81
:1043E0000A401343029302AB9946FF234A46034017
:1043F00093804B46424604ADDA800021102228000B
:10440000FCF756FA4B462C700693104B2800089385
:1044100043460993FEF796FE8CE761464B1E994191
:10442000053A49420B4B0A40DBE761464B1E994176
:1044300003234A421A40084BB0E7C04660350320C8
:1044400020011000BD41091020011200B1400910E7
:10445000200111002001130020011400F0B51E00FE
:104460000B000700581E834103205B421840902335
:1044700089B06D465B0003432B80002302AC6A8049
:10448000A980102200212000EB80FCF711FA0E9B7E
:1044900020002770049506960793FEF753FE09B097
:1044A000F0BDC046F0B51D000B0016005A1E93412A
:1044B0000324C6465B421C40A02300B588B01C43C1
:1044C0006B466A4699800423009402AC07000021E1
:1044D000D38020000822FCF7EBF96B4604930E9B77
:1044E00020002770059606950793FEF72BFE08B06F
:1044F00080BCB846F0BDC04610B51022002102486D
:10450000FCF7D6F910BDC0466035032070B5140025
:1045100052790D00092A10D1A279002A0DD1E27931
:10452000012A0AD80F2B08D92678A6197378052BEB
:1045300003D1F378DB439B0701D0002070BD31002D
:104540002800FFF713FC0028F7D0A278034B063DA4
:104550002901CA54B2785B185A70EFE7603503201E
:1045600010B5052806D9064A063800011018437808
:10457000002B00D110BD10220021FCF799F9F9E7BA
:1045800060350320811F084B09010A1DD2185B18F2
:104590005978002300B583B0019300930133FFF7EE
:1045A000ADFB03B000BDC0466035032070B5821F6F
:1045B0000F4B1201D35C040088B000208B4201D065
:1045C00008B070BD6A460B4B6E4603CB03C21500A4
:1045D000002118222800FCF76BF9074B2800EB603C
:1045E000064B2C70AE602B61FEF7ACFDE8E7C046D1
:1045F0006035032090BE0910280A0320DD40091011
:10460000F0B54746CE4680B5060017008BB0002AAD
:1046100000D06EE03D4B841F24019846A146C14462
:104620004B461D79002D66D0EB0737D44B469A7860
:1046300001200123002A04D155E00133DBB293426B
:1046400051D82900D9400842F7D019004A1E91419B
:10465000032249420A40A0210A43029202AA9380FF
:104660000423914604ADD380002108222800FCF7E2
:104670001FF94B462E7027000693254B08370893E9
:1046800000234744280007970993FEF75BFD0028A5
:1046900029D1221D4444617842441EE0A0230293A4
:1046A000802304ADDB020822002128000393FCF7DD
:1046B000FFF802AB2E70069323000C33434407939C
:1046C000144B280008930997FEF73CFD00280AD1F7
:1046D0004B46043422005978424401900090012353
:1046E0003000FFF70BFB01200BB0C0BCB946B04651
:1046F000F0BD0020F8E70434220059784244012339
:1047000001950095FFF7FAFAEEE7C0466035032001
:10471000D94209104D420910F0B5D6464F464646DB
:10472000C0B58268040053788CB00A3B012B02D9D3
:10473000C378002B16D1644D5379177926782A78DF
:104740001B023B43B2421CD09022AA5CB24242D030
:1047500090225200AA5CB24245D0D8225200AA5CF4
:10476000B24205D00CB0E0BCBA46B146A846F0BD96
:10477000B222FF32AA5CBA42F4D10322914690469B
:1047800005E06A78BA42DFD1002291469046002EB9
:10479000E8D06269022A70D02ED8002A4ED0434653
:1047A000DB0043441B01EB185B78484A04AD0492DC
:1047B000AB80002306ACEB80102200212000FCF728
:1047C00077F8434B26700A930223200008950B9339
:1047D000FEF7B8FCC6E79122AA5CBA42B8D1012222
:1047E00091469046D3E72222FF32AA5CBA42B4D166
:1047F000022291469046CAE7032AB3D1FFF732FA64
:104800004346DB009A4643441B01EB5CB342A9D10B
:10481000304B002B09D0A36849469A79DB791B02FB
:10482000134302003000F6F761FF534643441B0177
:10483000EB1830005978FFF74FFB93E74146C9006A
:104840004144090169180D7904AF69424D4122497B
:1048500006AC0491FF210B40BB80FA80002110229E
:104860002000FCF725F81A4B267001352000089728
:104870000A930B95FEF766FC74E74346DB001C00C9
:104880009A468023444424012C1922895B009A42D1
:1048900009D9104B002BC8D0002300224946300014
:1048A000F6F724FFC1E7A579FFF7DCF903230393AB
:1048B000074B2A00029323893900019300900023BB
:1048C0003000FFF779FA4DE7B0BA0220210B000063
:1048D00019470910EDB60810210A0000030010B5B1
:1048E00000280CD003290AD8CA005218054C12011E
:1048F000115D0020994201D1A418207910BD00203B
:10490000FCE7C046B0BA0220F0B583B000280FD053
:1049100003290DD8CC00104E64182401A55D8542F2
:1049200006D137192800B978FFF7A0F9002802D17D
:10493000002003B0F0BD002010347B89B978A219A3
:10494000019000902800FFF7D9F90028F1D1280044
:10495000B978FFF7AFF9EBE7B0BA0220902210B5B3
:10496000002102489200FBF7A3FF10BDB0BA02205D
:1049700070B5314C0A002178050081420FD090219A
:10498000615CA94226D090214900615CA9422CD0EB
:10499000D8214900615C0020A94233D070BDA178C4
:1049A000914202D0E1789142E9D100200021002D0E
:1049B00040D0D209012A32D0204A002A08D0C200B1
:1049C00012181201503228009BB2A21800E000BF5A
:1049D0000120E3E79221615C914203D09321615C65
:1049E0009142D0D101200121E1E791214900615C90
:1049F000914204D02421FF31615C9142C8D1022050
:104A00000221D4E7D9214900615C914204D0B4214C
:104A1000FF31615C9142C1D103200321C7E7C2008D
:104A200012181201103228009BB2A218F6F762FE8B
:104A30000120B3E70020B1E7B0BA02200000000077
:104A400070B5254D04002B7883420ED09023EB5C8B
:104A5000A34216D090235B00EB5CA34220D0D82366
:104A60005B00EB5CA3422BD070BD1C4B002B02D033
:104A70000021F6F7DBFF00232B709023EB5CA342B1
:104A8000E8D1164B002B03D001212000F6F7CEFF12
:104A900090230022EA5490235B00EB5CA342DED11A
:104AA0000E4B002B03D002212000F6F7BFFF90230E
:104AB00000225B00EA54D8235B00EB5CA342D3D115
:104AC000064B002B03D003212000F6F7AFFFD823BD
:104AD00000225B00EA54C7E7B0BA02202DBA0810E2
:104AE000F0B54546DE4657464E46E0B514005279CD
:104AF0000D0083B0032A1FD12179CA00521A123245
:104B000092B29A4218D82778E7197B78212B13D1D3
:104B1000384B98461B78002B62D090234246D35CDA
:104B2000002B60D090235B00D35C002B5ED0D82399
:104B30005B00D35C002B07D0002003B0F0BCBB4669
:104B4000B246A946A046F0BD03339B465B464246AB
:104B5000DB0001935B441B01D55400223E784344A3
:104B600091469A46BE1900290BD121E05146CA70E0
:104B70008B813378F61801239C462379E1444B4519
:104B800016DD7378052BD7D131002800FFF7EEF83A
:104B90000028D1D0737931791B020B43B2785B05C1
:104BA0005B0DD1090129E1D151468A704B81E0E7C3
:104BB000019BA2785B441B0143445A70BA799A71F5
:104BC0003A7AF97912020A431A8100225A71A279BB
:104BD000012A01D00120B0E7E27901201A71ACE787
:104BE00000239B46B2E701239B46AFE702239B4687
:104BF000ACE7C046B0BA0220F0B5274B04001A78E3
:104C000089B0824210D090229A5CA2422FD090228A
:104C100052009A5CA24230D0D82252009A5CA24242
:104C200032D0012009B0F0BD5A788A42EBD1002081
:104C3000002CF6D0C200121812019B181E796F4684
:104C400073425E41154B02AD00930023B9801022E0
:104C500000212800FB80FBF72BFE114B01362800BA
:104C60002C70049706930796FEF76CFAD9E7912209
:104C70009A5C8A42CBD10120DAE72222FF329A5C89
:104C80008A42C9D10220D3E7B222FF329A5C8A421B
:104C9000C7D10320CCE7C046B0BA0220210A0000E9
:104CA00019470910F8B54B6804001B7B002B2AD16B
:104CB000651E08686B005B19427B144F9B005B19F3
:104CC0009A183968124E013209BAD200B21801316D
:104CD0005160417B7A685B18013312BADB00F250F5
:104CE000682301226B43F3185A710A4B002B02D040
:104CF0002000F7F73DF868236B432000F15CFFF7D5
:104D0000EBF80120F8BD0020FCE7C046342A032060
:104D1000582A032071BD0810F0B5C64600B50578C5
:104D2000C27801238AB0691E002A03D1204B1B7868
:104D30000133DBB268244C431E4FA0463E19F3708A
:104D40003379002B03D10AB080BCB846F0BD1722DE
:104D5000002104A8FBF7ACFD3379002BF3D0164AF1
:104D6000164B3100029203936A460623383193753D
:104D70000A0002AB13CB13C213CB13C2196844460B
:104D800011609988383491809B79280093713300A1
:104D9000012228331A700023094AF36232637363D5
:104DA000B178E219019300931F33FEF7A7FFCAE71A
:104DB000342A0320582A0320555342434253555462
:104DC000854E0910F0B54F46D6464646C0B54B68ED
:104DD00004001F7B8AB0002F0AD16825431E5D4363
:104DE000244AA8469146C84443461B79002B06D165
:104DF00000200AB0E0BCBA46B146A846F0BD0B6838
:104E000017225B7B002104A89A46FBF751FD43461D
:104E10001B7902AE002BEBD0174A184B38350292A3
:104E200003935346737306234246B3735346383293
:104E30003374130007CE07C307CE07C332682000C0
:104E40001A60B2889A80B2799A710122283B1A704E
:104E500043464246DF620A4B5763136343462A00C8
:104E600099784A441F2301970097FEF747FF0028CF
:104E7000BFD1BDE7582A03205553424342535554EE
:104E8000854E0910F0B546464F46D646C0B50B686C
:104E900004005B7B002598464B688CB01E7B471E48
:104EA000002E4ED168357D43524BAA461F00574411
:104EB00099463B79002B06D101200CB0E0BCBA46E4
:104EC000B146A846F0BD00230F22002108A8059393
:104ED00006930796FBF7ECFC3B79002BECD0464B96
:104EE0006A460493454B39000593082306937833AB
:104EF00013776B4642465A776A46414B3831D38323
:104F00000A0004AB23CB23C223CB23C21968554626
:104F100011609988383591809B79200093713B000E
:104F2000012228331A702A00364BB978FB62364BBF
:104F30004A443B631F237E6301960096FEF7DEFE24
:104F4000BAE700232520059306936B460A22002129
:104F50001D775D779D776844FBF7AAFC03231F202C
:104F6000029312266B46062202A968449E81FBF733
:104F7000A5FC68227A431F4B91461F004F449C4674
:104F80003B79002B01D1002097E71B4B6946049326
:104F90001A4B0696059380230B776B4641463800E3
:104FA00059770623694638308B77010004AB45CB2F
:104FB00045C145CB45C118684A46086098883832D3
:104FC00088809B7920008B713B0001212833197068
:104FD0000C4BB978FB620D4B62443B631F237D632E
:104FE00001950095FEF78AFE002800D064E70020B6
:104FF00063E7C046582A0320555342434253555451
:105000000A250000342A0320A54C0910C54D0910BB
:10501000013843001B189B001818034A4018C000B1
:105020001218D0687047C046582A03200138430040
:105030001B189B0018184018024A0130C000805805
:105040007047C046582A0320421E68205043024B36
:105050001B185879C0B27047582A0320F0B568244D
:105060004E464546DE4657469A46431E5C43E0B5EB
:105070009046304A050016197379894693468DB0DB
:10508000002B07D100200DB0F0BCBB46B246A946AC
:10509000A046F0BD00230022069325206B46002188
:1050A0001A775A779A7768440A32FBF701FC122381
:1050B0006A461F2002931233938102A90622684494
:1050C0001F00FBF7FBFB3379002BDBD01A4A1B4B8D
:1050D0003100049205933B006A465C3313776B46BC
:1050E0004A465A776A460623383193770A0006976C
:1050F00004AB83CB83C283CB83C21968383411607D
:105100009988280091809B7993713300012228337C
:105110001A704346F36253463363169B220073634F
:105120000023B1785A44019300931F33FEF7E6FD44
:10513000A9E7C046582A03205553424342535554C9
:10514000F0B557464E464546DE46E0B593B004936B
:105150001CAB1B8868249B460023471E7C43994652
:105160004A4B05001E199A46737988460592002B12
:1051700007D1002013B0F0BCBB46B246A946A046FA
:10518000F0BD002348460C9304A92433C9180870C5
:1051900025214A4604A84018027026206A464B463C
:1051A0001218137404AB9C460B3006220021604495
:1051B000FBF77EFB52467B00DB199B00DB19434467
:1051C0000133DB009A5804AB9C460D20002103926A
:1051D00060440922FBF76CFB049A282113BA5A4653
:1051E00050BA82B2944604AA4746904611731A39BF
:1051F00041440B801B0C4B801321634641440870D3
:1052000027201A0A4A7040440A2207A9FBF756FBD6
:105210003379002BADD01E4A1E4B41460A920B93A8
:105220005B46039A26205A430C92242280238A1834
:1052300013700B00252142465B1831001F700A23B2
:105240001218383113700A000AAB83CB83C283CBA8
:1052500083C21968383411609988280091809B793D
:1052600093713300012228331A70059B2200F362E8
:105270001D9BB17833631E9B524473634B4601936D
:1052800000931F23FEF73AFD74E7C046582A032017
:105290005553424342535554F0B557464546DE46B2
:1052A0004E46E0B5682591B00293441E1AAB1B88A8
:1052B00065439B463C4B06005F199A467B798846BE
:1052C0000392002B07D1002011B0F0BCBB46B246C0
:1052D000A946A046F0BD0023132200210BA80A9383
:1052E000FBF7E6FA524663001B199B001B19434467
:1052F0000133DB009B580D20994602AB9C460922E6
:1053000000216044FBF7D4FA02AC2A21A446029B98
:1053100021731C3961441BBA0B801B0C4B805A460D
:10532000132150BA6144087082B22720120A4A70D1
:1053300060440A2205A9FBF7C1FA3B79002BC2D0D1
:105340001A4A1B4B2621089209935A464B4653434F
:1053500025220A93A31842461A70621839000A23BC
:10536000383113700A0008AB13CB13C213CB13C22E
:105370001968383511609988300091809B79937154
:105380003B00012228331A70039B2A00FB621B9BFF
:10539000B9783B631C9B52447B63002301930093C9
:1053A0001F33FEF7ABFC8FE7582A032055534243C7
:1053B00042535554822210B5002102489200FBF757
:1053C00077FA10BD582A032070B5052816D868232F
:1053D000451E6B430A4CE3181A79002A0ED05B79FC
:1053E000002B04D0074B002B01D0F6F7D7FC682325
:1053F0006B4368220021E018FBF75AFA70BDC046E3
:10540000582A03209DBD0810F0B594460500421EA1
:10541000282068244746CE46804654432F4E80B508
:105420003719B8444046914622000078583287B078
:10543000B21802283CD0032827D0012836D1BC78E6
:1054400000208C421CD16146002919D11F2B17D195
:105450003B6C002B38D0F96A002935D00222404637
:1054600002703A00443212787F2A00D97C780022F8
:105470002800019200929BB20A002100FEF73EFC38
:1054800007B0C0BCB946B046F0BD002341460B7022
:105490003B6B002B0AD00392FA6A383404927A6B81
:1054A000341902A928000294CA6098470120E7E74E
:1054B000414603230B707978002328000193009361
:1054C0000D33FEF71BFCDBE7494668234B43F3181B
:1054D00019000320283108705978EDE7582A032075
:1054E000F0B54546DE4657464E46E0B51400927983
:1054F0000D0083B0062A02D1E279502A07D000209D
:1055000003B0F0BCBB46B246A946A046F0BD217927
:10551000CA00521A093292B29A42F0D86B1E9846CB
:105520000223994601339B461A4B68279A46434605
:105530005F4326785744BB1CA61901937378052B4B
:10554000DDD15A46F3781340022BD8D13100280020
:10555000FEF70CFC0028D2D0B378DA09012A0BD070
:10556000019952460B704B46012B0ED141466823E0
:105570004B43A178D154C3E7682147467943054A94
:1055800051184B704B46012BF0D03378F61801239D
:105590009946D3E7582A0320682370B504000138E0
:1055A0004343104A00209D5C88B08D4201D008B072
:1055B00070BDD21801236E4613710B4AB58002AD3F
:1055C0000092002118222800F380FBF771F9074BA5
:1055D00028000593064B2C7004960693FDF7B2FD48
:1055E000E5E7C046582A0320A1FE0000342A032024
:1055F000194D091010B50020FDF710FD10BDC04673
:10560000037870B5DB0704000E00DD0F002B17D107
:1056100003785B0701D5280070BD012130004942A5
:1056200005F052FD2378DB07DD0F002B0AD123782C
:105630005B0708D40422237801251343237002E07A
:105640000025E8E70025300005F026FDE3E7C04629
:1056500070B50C00012106004942200005F034FD20
:1056600033785B07DD0F002B04DB200005F014FD11
:10567000280070BD3378DB0704D4042233789343C9
:105680003370F2E70025F0E7437902791B021343F8
:10569000C2785B0592075B0D920F022A1DD0032A88
:1056A0000CD00020012A08D102394A425141124A45
:1056B0009446614499424041C0B2704702394A1E43
:1056C00091410E4A494211408022D2009446002066
:1056D000614499424041C0B2EFE7022905D0002061
:1056E00040229A424041C0B2E7E7054A9818434237
:1056F0005841C0B2E1E7C046FF03000040FCFFFF95
:1057000000FEFFFF8A1870B5914207D27F264C78C1
:10571000052C04D00C7809198A42F8D870BD3400E1
:105720008D782C4064000419ED0963550C78091933
:105730008A42ECD8F2E7C04630B54C1E0300E4B212
:1057400000291CD0017800200D00281880B25B18B9
:10575000904206D30DE01978081880B25B18824297
:1057600007D959780B290BD00429F4D1D97800290D
:10577000F1D1013CE4B2FF2C02D01978E5E700201A
:1057800030BDC04603894089181A43425841C0B20F
:105790007047C04670B5040000690E00002803D0B1
:1057A0000121494205F090FC25896089A288A9B2AF
:1057B00083B2854232D3CD1AADB2002D28D0AA4291
:1057C00008D291422FD3891A8BB263819A4203D8AF
:1057D0009B1A9BB29A42FBD9E28821685204520C70
:1057E00053433000C918FBF769F863890125591C38
:1057F00089B2A2888B420DD900215200891A89B240
:1058000020696181002801D005F046FC280070BDA8
:10581000618989B252009142F2DBEFE75500ED1A3F
:105820004D19ADB2C9E789188BB26381CEE7C04686
:10583000F8B50400C0680E00002803D001214942D9
:1058400005F042FC258920896189A288ADB283B226
:105850008FB2884229D3DB1B9BB29A4209D8E779E1
:10586000FF0906D1E068002801D005F015FC3800DA
:10587000F8BD2B0095421DD39B1A9BB29342FBD2DD
:10588000E28820685204520C53433100C018FBF7E1
:1058900015F86B1C9BB2A2889D4217D900235200B9
:1058A0009B1A9BB201272381DCE75100C91B5B18BF
:1058B0009BB2D2E7E28820685204520C5343310075
:1058C000C018FAF7FBFF0135A288ABB25200934231
:1058D000E8DBE5E710B50400C068002803D001212B
:1058E000494205F0F1FB2069002803D0012149421B
:1058F00005F0EAFB0023E06863812381002801D0E2
:1059000005F0CAFB2069002801D005F0C5FB012085
:1059100010BDC046342310B5C25C0133C35C1B020A
:1059200013433622825C12041A433723C35C1B06DE
:10593000134339228B603823825CC35C12021A4302
:105940003A23C35C1B0413433B22825C12061A43B6
:105950003C23C45C0133C35C1B0223433E24045D2F
:1059600024041C433F23C35C0A611B0623434B6191
:105970002123C25C1F3B1340CB710023CB6110BDC0
:10598000F8B503684E464546DE465746984600231E
:10599000E0B58B76836B81460C00002B00D1BEE016
:1059A00043461B78042B00D1EEE0C36C013300D1D9
:1059B000E1E043468022D96812010B8802270025C6
:1059C0009246002B15D0A02292019A1892B252450D
:1059D00000D2BEE00020B621FF2600041843FF31AC
:1059E000761B04F0C3FCFF2800D8BAE0012E00D9D2
:1059F0009BE0002500236519AB764B46DB6BA07E50
:105A00001A78202A00D1BDE0052A00D1E032012118
:105A100062735D780A00202D05D0052D00D1E03598
:105A20004A1C61184D739D781100202D05D0052D5D
:105A300000D1E035511CA2185573DD780A00202DE5
:105A400005D0052D00D1E0354A1C61184D731D7934
:105A50001100202D05D0052D00D1E035511CA218D4
:105A600055735D790A00202D05D0052D00D1E03554
:105A70004A1C61184D739D791100202D05D0052D0C
:105A800000D1E035511CA2185573DD790A00202D94
:105A900005D0052D00D1E0354A1C61184D731D7AE3
:105AA000202D09D0052D00D1E0352E27511CA61838
:105AB0006118777302324D735D7A202D00D11BE19E
:105AC000052D00D1E035511CA21855739D7A202D6B
:105AD00000D1E2E0052D00D1E035621800215573B8
:105AE0009173002800D1DEE03F22D97A0A40227368
:105AF0005A7F197F12020A43997F09041143DA7F02
:105B000012060A43226000226260DA7D997D120249
:105B10000A4362811A7E5B7E1B0213432381F0BC21
:105B2000BB46B246A946A046F8BD6319020A9A765A
:105B3000D8760223ED184346D968CB5B0237002B99
:105B400000D157E7A02292019A1892B2524500D391
:105B500040E7CA5B0237002A00D14AE71800130069
:105B600039E7002800D144E7002E00D141E763194E
:105B700098760123DEE74B46DB6B00201A78202A5B
:105B800000D041E7002144E74346232219698A5C9B
:105B90000B00002A2DD01F239A46E0330027002057
:105BA000002640259B4653462B4200D102354B1917
:105BB0005B784A5D1B02134302350137002808D188
:105BC000802212019446A02292019A1892B2624554
:105BD0005BD35A46B6210004921B1843FF3191460D
:105BE00004F0C4FBFF283AD94B46012B4FD843465B
:105BF0001B693F220126A27600223721A619B27620
:105C000062731A7911402173D2067AD4392138226D
:105C1000595C9A5C090211433A229A5C12040A43C5
:105C20003B21595C090611433C22985C01329A5C85
:105C3000120202433E20185C000410433F229A5C8B
:105C400012060243216062605A7B197B12020A43EA
:105C500062819A7BDB7B1B02134323815FE7002871
:105C6000C5D04B46002BC2D0A31998760123F61855
:105C700043460020196923228A5C0B00BA4251D99D
:105C80009822920095428ED3B3E71800F3E7A31948
:105C9000020A9A76D8760223E9E762180021517346
:105CA000002800D020E72100627B08250E31002A61
:105CB0000FD135E010004138192804D8187B28424C
:105CC00001D02032D2B20A730A78481C002A08D0C8
:105CD00001002E2AEED10A730A781025481C002AEA
:105CE000F6D1091B0D39002261188A761A7B002A29
:105CF00000D0F9E66273F7E69D7A202D04D01100FA
:105D0000E8E6002100229DE70025A1184D73002838
:105D100000D0E9E6002AC6D13F220121A276E2E7BF
:105D20000021E0E7002800D063E7002E00D063E701
:105D30005FE7C046826C70B504000D0000208A4207
:105D400000D170BD260023794C36002B0CD10123E5
:105D50002A0031006078F6F73DF8002802D00125CE
:105D600001206D42A564ECE7012331006078F6F76D
:105D700055F803000120002BE3D1A26C2371216BA5
:105D8000A36BD31A8B42E2D2E378022BDFD15218F5
:105D900060783100013BF6F741F8D8E7F0B54646A8
:105DA000D6464F46C0B5067804000D009046022E38
:105DB0003DD010D8012E51D14F08836B7F18790A3E
:105DC000C918FFF7B7FF00284AD00120E0BCBA4647
:105DD000B146A846F0BD033E012E3FD8836BC909EA
:105DE000C918FFF7A7FF0028EFD1FE23AD005B0025
:105DF0001D402378042B09D04F22434661198A5C49
:105E00001B0112091B0912071A4390462300424640
:105E10004C335B191A70120A5A704246120C9A706F
:105E20004246120EDA70012300202371CEE7836B05
:105E3000090AC918FFF77EFF0028C6D1FF222300F8
:105E400052006D004C3315405D1943462B709AB2D9
:105E50000123120A6A7000202371B7E70220B5E718
:105E60004C239A467B1C99464346DAB24B46FF05C3
:105E7000A244FF0D57445B0A2E4215D00F213878FB
:105E8000120101400A433A70A16B20002671591893
:105E9000FFF750FF002898D14B46D9054346C90D5E
:105EA0001B095144DBB215E03A70A16B200026714A
:105EB0005918FFF73FFF002800D086E74B465246AF
:105EC000DB05DB0DD118D35C42460F20120A834359
:105ED000104003430B7001230020237176E7C04676
:105EE000F0B5C6460C00012600B501291DD905688C
:105EF000EB6A8B4219D92B78032B53D019D8012B7D
:105F000043D0022B11D10B0AA96B28005918FFF7B7
:105F100011FF002843D1FF2364005B001C402C19B3
:105F20004C346678237836021E43300080BCB84675
:105F3000F0BD042BF9D1026943691700C1791F43F1
:105F40004FD101260029F0D1C369002B7CD1A96B68
:105F5000E30928005918FFF7EDFE00281FD1FE23A2
:105F60004D214C22A4005B001C402C19615CA25CFA
:105F7000090211434E22A25C12040A434F21665CBF
:105F80003606164376007608CFE74F08AB6B7F18CE
:105F9000790A2800C918FFF7CDFE002838D001265D
:105FA0007642C2E7CB09A96B28005918FFF7C2FE59
:105FB0000028F4D1FE234D225B00A4001C402C19C4
:105FC000B13BA25CFF3BE35C12021A434E23E35C4D
:105FD0001B0413434F22A65C36061E4336013609C6
:105FE000A3E78768002FACD0E71B02292ED1012040
:105FF0004042C11780185941CB05400A69891843AE
:10600000F9F73CFD874200D98FE71DD0661C8CE76D
:106010007B1C9846FB05DB0DEB184C331F78434681
:10602000590AAB6B2800C918FFF784FE0028B6D1C7
:106030004346DB05DB0DEB184C331B781B023B435F
:1060400026420CD01E0970E7064E6EE7032900D0E9
:106050007AE78369BB4200D876E7661C65E71B05D3
:106060001E0D62E7FFFFFF7FF0B50568C6462B787F
:10607000066B043B5A1E9341254A5B421340802223
:106080005205944620366344040000B59E4203D373
:106090000023A36304200BE0836B002BFAD0F205EE
:1060A000D70D002A07D000204C35ED192663E56393
:1060B00080BCB846F0BD416B0133836300291ED01C
:1060C000720A10006B89013B184080461A42EAD1DF
:1060D0002000FFF705FF012818D9431C14D0EB6AF4
:1060E0009842D5D26063023B0238984204D26B8951
:1060F000584380462B6C98444346A363D3E72A89D0
:1061000073099342CFD3C3E70120D1E70220CFE741
:10611000000020F070B503790400002B0BD1237828
:10612000032B25D0002200216078F5F79BFE431E4B
:106130009841C0B270BD05004C350123826C290026
:106140004078F5F76BFE03000120002BF2D1A26C22
:106150002371216BA36BD31A8B42E0D2E378022B1D
:10616000DDD1521860782900013BF5F757FED6E7DC
:106170006379012BD6D1250080224C350021920075
:106180002800FAF795FB55224F218C201D4B8000EB
:10619000E2541D4B5532E254FA3BFF3B5E3AA354A6
:1061A0000132A3540F330132A3540D3A6254233108
:1061B00021541648215416496254164AA354A3691F
:1061C0000132A354144A190AA154144A190CA154B7
:1061D000134A1B0EA35463690132A354114A190ACE
:1061E000A154114A190CA154104A1B0EA354626BFE
:1061F0000123013229006078A264F5F70FFE002325
:1062000063718FE74A0200004B0200003102000078
:1062100032020000330200003502000036020000A6
:1062200037020000390200003A0200003B02000081
:1062300070B501260023764204000D0003718664C8
:106240004B1C3CD1514A514BA2185578E35C2D02AE
:106250001D434F4B9D423ED04C23E35CEB2B05D0BE
:106260001833DBB2012B01D9032070BD5723E25C48
:10627000230057335B7803201B0213435A1E13423B
:10628000F3D1802292009342EFD15923E35C002B9B
:10629000EBD05A1E1342E8D15A23E25C23005A3352
:1062A0005B781B02134304D05C23E35C013B012BAE
:1062B0003FD9384BE818431E98410230D5E70A0011
:1062C0002100012340784C31F5F784FD002814D0DB
:1062D0000420A664C9E720000B222F494C3004F0AB
:1062E00027FE00280BD04C23E35CEB2B09D018339E
:1062F000DBB2012B05D90220B7E7A564A2E7012094
:10630000B3E72000082225499E3004F011FE002842
:1063100039D05723E25C230057335B781B021343C9
:106320005A1E1342E7D180220220920093429CD150
:10633000ABE75D23E25C23005D335B781B02134314
:10634000B7D05F23E25C23005F335B781B0213430B
:106350007F2B11D86C23E25C0133E35C1B021343F7
:106360006E22A25C12041A436F23E35C1B061343E4
:106370008022520293429CD36223E25CE418637849
:106380001B02134395D000206FE7C0464A0200006D
:1063900055AA0000AB55FFFFACB50910B8B5091000
:1063A000F0B54E464546DE4657460023E0B5066842
:1063B00083B005000B60002E00D11FE3340002E023
:1063C0003A2B00D122E1237801341F2BF8D8AB4BB4
:1063D0001B78AB489B001E58002E00D132E10124EF
:1063E0003378A24315000E60002B0BD07078F5F7C0
:1063F000E7FC044206D1002D02D0400700D51FE182
:106400000020FCE0002370783370F5F7E1FCC3074F
:1064100000D508E1002D02D0400700D510E1002191
:106420003000FFF705FF022800D1A8E0042800D1C2
:1064300022E1012800D9E1E0B36C9B46012800D19C
:10644000F3E05723F15C3300802257335B789200EE
:106450001B020B43934200D0D0E032006223623231
:106460005478F35C24021C4300D1EDE05C233463D8
:10647000F55C6B1EF570012B00D9BFE05923F35C6E
:1064800099467381002B00D1B8E04A46013B1A427D
:1064900000D0B3E05D23F75C33005D335B781B0213
:1064A0001F4337813B0700D0A8E05F23F25C330035
:1064B0005F335B781B0213430DD16C33F25C013305
:1064C000F35C1B0213436E22B25C12041A436F2367
:1064D000F35C1B0613435A22B15C32005A325278E5
:1064E00012020A43924600D188E0290061433A092A
:1064F000524490468C46E044019143457ED3424647
:106500009B1A494618001D00F9F7B8FA4D4575D396
:106510005C4B984272D8414653465B4D821C5944AD
:106520005B44A84200D9F6E1584DF262A84200D877
:10653000D1E15846B36370633164002F5ED0019996
:10654000CD185300524AF563944663445B0AA34254
:1065500054D801235B42B3617361813373717E3B15
:106560004C4A33701388002001339BB21380F380B0
:10657000494BF360494B33610023F3613FE0484AE4
:10658000474BB1184A78F35C12021A438B78C978EA
:106590001B041343434A0906B0181943414B427880
:1065A000F35C12021A438378C7781B0413433E4AF4
:1065B0003F06B0181F433C4B4278F35C12021A436B
:1065C0008378C4781B041343384A2406B0181C434C
:1065D000364B4278F35C12021A438378C5781B0469
:1065E00013432D061D43002900D05DE1002F00D08C
:1065F00061E1002C00D066E1002D34D10D2003B004
:10660000F0BCBB46B246A946A046F0BD33780B208D
:10661000303BDFB2092FF2D80236B442EFD1032B60
:10662000EDDC2C60D5E60320E9E737000B234C377F
:1066300002E00133402B3BD0FA5C002AF9D0DDE7C1
:106640000A20DCE70C20DAE771227023B25CF35CED
:1066500012021A437223F35C1B0413437322B45CCB
:1066600024061C4302E729003000FFF7E1FD012862
:1066700000D8E1E60428C1D10120C0E7104303207F
:10668000F4C70220F5FFFF0FF5FF0000F50F000033
:10669000FF0100000C43032004C8022094C502201F
:1066A000120200002202000032020000420200003A
:1066B000B423F15C33008022B4335B7852001B02B8
:1066C0000B4393429AD1B823F35C092B96D1310046
:1066D00094314C78087824020443887800042043DD
:1066E000CC782406044322004C7908792402044320
:1066F0008879C97900042043090601430B005846F4
:10670000002112184B41002B00D077E73400A03154
:10671000A034705C617809020143A078000408434A
:10672000E178090601433163BA21715CF1700129F6
:1067300000D063E7B920305C814088B270810028C6
:1067400000D15BE73500A820A835345C68780002EA
:106750002043AC7824040443E87800062043AA4C84
:10676000A04200D94AE7841CF4625C467463A42406
:10677000A446B444355D64466478090424022C437D
:106780006546AD78090C2D0425436446E4784843FA
:1067900024062C435C443464A4469C24A146B144A2
:1067A000355D4C466478002124022C434D46AD787B
:1067B0002D0425434C46E47824062C435C440025F4
:1067C000B4630400604600196941002900D015E750
:1067D000904200D912E73100AC33AC31F25C4B7817
:1067E00000241B0213438A7812041A43CB781B0639
:1067F0001343F36302E02034E405E40D002C15D1CB
:106800007089A84200D8F9E6F36BF26A023B023ABB
:106810002900934203D24343326C9B18591930002C
:10682000FFF788FA002800D026E7013533194C33EA
:106830001B78812BDFD13C19627D237D12021A4324
:10684000A37DE47D1B04134324061C43012C00D8C4
:10685000D4E6F36AA34200D8D0E67289A31E53435C
:10686000326C7F259B18736414E02B0023409B003F
:10687000FA5CFB185978090211439A78DB78120404
:106880000A431B0613435A1C00D1B9E001349C4251
:1068900000D0B3E6B16BE30930005918FFF74AFAAC
:1068A0000028E2D00120AAE63000FFF7C1FC012851
:1068B00000D99BE6C0E539003000FFF7B9FC01289C
:1068C00000D996E6B8E521003000FFF7B1FC0128B9
:1068D00000D991E6B0E55846B36370633164002F88
:1068E00000D18BE601998C4601216344F363530088
:1068F0009B180A4045495B088C4662449B185B0A1A
:106900009C4200D27AE601235B42B361736181331A
:1069100073717F3B24E65846B3637623F26270635B
:106920003164F15C330076335B781B020B433B43ED
:1069300000D063E67833F15C0133F35C1B020B4358
:106940007A21715C090419437B23F35C1B060B431A
:10695000F36393002D4A944663445B0A9C4200D241
:106960004CE601235B42B361736181337371043B75
:10697000F25C33007C335B781B021343012B01D0A4
:106980000323EDE5594630000131FFF7D3F9002824
:10699000F6D11F4B7071F25CF3185B781B02134346
:1069A0001C4A9342ECD14C23F25C0133F35C1B0292
:1069B00013434E22B25C12041A434F23F35C1B06AE
:1069C0001343154A9342DBD18C239B00F118F25CF0
:1069D0004B781B0213438A7812041A43CB781B06A8
:1069E00013430E4A9342CBD18D238E229B009200FB
:1069F000F358B258B36172610323B1E50B20FEE591
:106A0000B36173610423ABE5FDFFFF7FFF0100006D
:106A10004A02000055AA000052526141727241615F
:106A2000F0B5C6460568866BAA6C040000B52F69F0
:106A300096424ED1E16B0B78852B03D0022080BCAF
:106A4000B846F0BD20223800F9F738FF7D78802362
:106A500001356D012A00603A9B009A42EED8200071
:106A6000FFF702FB0428E9D00028E8D1A16B2068D9
:106A7000FFF760F900283DD1E16B0B78C02BDDD129
:106A8000380020222030F9F719FF2323F85C0F216A
:106A90002C30F8F7F3FF4001A842CFD8402612E08F
:106AA0000028CCD1A16B2068FFF744F9002821D140
:106AB000E16B0B78C12BC1D1B81920222036F9F730
:106AC000FDFEB54235D92000FFF7CEFA0428E7D104
:106AD000B4E72B79002B11D14C339846A8440123FD
:106AE000320041466878F5F775F9002804D0012393
:106AF0005B42AB640120A2E7AE649BE74C2398465F
:106B0000A844414668784B3BF5F788F90028F1D155
:106B1000AA6CAB6B296B2871D31A8B42DFD2EB784E
:106B2000022BDCD1521868784146013BF5F776F923
:106B3000D5E700230022787801304001022A06D1EF
:106B40005A08DB0313433A799B1805229BB2590874
:106B5000DB030B43B95C01325B189BB29042EDD86A
:106B6000F878BA7800021043C01A431E98414000DA
:106B700065E7C046F0B557464E464546DE460368D3
:106B8000E0B59846FF23876B85B0040099460293D1
:106B9000002F59D0B33B43449B463F239A4643467C
:106BA0009A6CBA421CD01B79002B00D08EE0434671
:106BB0003A00587859460123F5F70CF900280DD012
:106BC000012342465B42936401200023A36305B086
:106BD000F0BCBB46B246A946A046F0BD43469F6402
:106BE000E36B1A78002A2FD04146097804293DD05A
:106BF0005046D97A0140A171E52A07D02E2A05D046
:106C000008002025A843082800D07EE0FF239946ED
:106C1000256B266820353378043B5A1E9341854AFC
:106C20005B42134080225205944663449D420BD23E
:106C3000A76B002F08D0EB05DA0D002B06D04C36E1
:106C4000B6182563E663AAE70420BEE7616B013747
:106C5000A76300291BD132896B099342F4D24C36C9
:106C60002563E663002F9AD10020B0E7256B852AC3
:106C7000CFD12000E564FFF7D3FE0028A5D143461D
:106C80001B6900201A793F231340A3719FE76A0A0A
:106C900010007389013B184001901A42DFD1200097
:106CA000FFF71EF9012800D8C2E0431C00D18BE792
:106CB000F36A9842C8D26063023B023898423CD2E1
:106CC0007389376C5843C719A763C8E743465946C9
:106CD00058780123F5F7A2F8002800D074E743465E
:106CE0009A6C196B18719B6BD31A8B4200D35EE7B9
:106CF0004346DB78022B00D059E7434652185878B8
:106D000059460123F5F78AF851E70F2900D021E110
:106D10003131256B11420BD08A439146587BE56493
:106D200002905A7B02998A420ED0FF23994670E75F
:106D30004A45F6D0FF2399466BE7019B4C3600206D
:106D4000A3632563E66342E7DA7E997E12020A4373
:106D5000EBD119784032914301394A0052189E789C
:106D600092005218597836020E43FF2ADDD8414668
:106D7000C8685100465203911979DF7809020190E1
:106D80003943002E5AD12C4A9142CED19E795A795C
:106D900036021643284A9642C7D11F7ADA793F0253
:106DA0001743254A9742C0D19E7A5A7A3602164333
:106DB000214A9642B9D1DF7B9A7B3F0217431E4A94
:106DC0009742B2D15E7C1A7C360216431A4A96422A
:106DD000ABD1DF7C9A7C3F021743174A9742A4D17C
:106DE0005E7D1A7D36021643134A96429DD1DF7DA1
:106DF0009A7D3F021743104A974296D15E7E1A7ED3
:106E0000360216430C4A96428FD15F7F1A7F3F02AB
:106E10001743094A974288D1DE7F9A7F360216438C
:106E2000054B9E4281D14B46013BDBB29946F0E6D1
:106E30000220CAE6000020F0FFFF0000571CFF2AD6
:106E400000D172E77F00C1535E79B44660469E79F7
:106E50003602064300299DD0FE2A00D165E701993C
:106E6000C9194E801F7AD8793F020743002E98D067
:106E7000FD2A00D159E78F809E7A587A3602064360
:106E8000002F95D0FC2A00D14FE7CE80DF7B987B86
:106E90003F020743002E92D0FB2A00D145E70F8125
:106EA0005E7C187C36020643002F8FD0FA2A00D170
:106EB0003BE74E81DF7C987C3F020743002E8CD05D
:106EC000F92A00D131E78F815E7D187D36020643B5
:106ED000002F89D0F82A00D127E7CE81DF7D987D69
:106EE0003F020743002E86D0F72A00D11DE70F820C
:106EF0005E7E187E36020643002F00D182E7F62A16
:106F000000D112E74E825F7F187F3F020743002EB9
:106F100000D17EE7F52A00D107E78F82DE7F987FD8
:106F200036020643002F00D17AE7F42A00D1FCE6AE
:106F3000CE821B785B0600D475E7002E00D172E785
:106F4000F32A00D1F1E6039B01989C46002360449C
:106F5000438368E74A46002A48D119784A08C9019C
:106F60000A4359785218D1B24908D20111439A788C
:106F7000C9B28918CAB25208C9010A43D978D2B233
:106F80005218D1B24908D20111431A79C9B28918ED
:106F9000CAB25208C9010A435979D2B25218D1B2C1
:106FA0004908D20111439A79C9B28918CAB2520864
:106FB000C9010A43D979D2B25218D1B24908D201D3
:106FC00011431A7AC9B28918CAB25208C9010A43D0
:106FD000597AD2B25218D1B29B7A4908D2010A43E7
:106FE000D318029ADBB29A4200D13DE601235B42FC
:106FF0000020E364EBE5C046F0B545465746DE4663
:107000004E460368E0B51A789846131F0D00591EC6
:107010008B4196495B420B40802149058C46634475
:10702000070083B0AB4232D9EB0630D184680563E8
:10703000002C34D043465B895B0299469D4200D2C6
:10704000DAE0012C23D04646F36AA3421FD93378F5
:107050009A46032B00D16BE047D8012B37D0022B87
:1070600015D1B16B230A30005918FEF763FE0028D2
:1070700039D1FF2364005B001C4034194C34237861
:10708000647824021C4371E000237C63BB6302200C
:1070900003B0F0BCBB46B246A946A046F0BD022AEA
:1070A00072D8424612896B099342F0D24346DB6B99
:1070B000BB637C63002BEAD06A0AD318BB634346E8
:1070C000ED054C33ED0D5B190020FB63E0E7630831
:1070D0009B46A3445B46590AB36B3000C918FEF7C0
:1070E00029FE002869D00120D2E7042BCFD13869CE
:1070F00079690200FB790A434DD0BA68002A4AD068
:10710000A21A9246022B00D0A6E001225242D317C7
:1071100080185941CB05400A71891843F8F7AEFC35
:107120008245B4D83DD00134631C22D10120AFE7A1
:10713000B16BE30930005918FEF7FCFD0028D2D1ED
:10714000FE234D225B00A4001C403419B13BA25C1D
:10715000FF3BE35C12021A434E23E35C1B04134320
:107160004F22A45C24061C4324012409012C00D8CE
:107170008DE74346DB6AA34200D888E74A46AD1A4A
:10718000A9453BD83E685FE74346DB6BC471002BE3
:1071900087D01C004EE7002B00D078E7FB69002B5E
:1071A0003BD04346DB6A002B00DB70E74B46ED1A11
:1071B0004D4557D33E682E4C46E75B465A1CDB05CF
:1071C000DB0DF3184C331B78510A9B46B36B300030
:1071D000C9180192FEF7AEFD002884D1019AD305AB
:1071E0005A46DB0DF3184C331B781B0213435246EF
:1071F00022420FD01C09B9E74346DB6AA21E023BBC
:107200009A4200D340E743465B895A4343461B6C8E
:10721000D3184DE71B051C0DA8E7B16BE30930003F
:107220005918FEF787FD002800D05CE7FE234D21AA
:107230004C22A4005B001C403419615CA25C090272
:1072400011434E22A25C12040A434F21645C2406BF
:1072500014436400640889E7032B9FD1BB699A42F9
:107260009CD260E7024C034ACDE7C046000020F004
:10727000FFFFFF7FFDFFFF7FF0B54E464546DE4630
:107280005746E0B5036800221B6905005C78994603
:107290000023601C83B04001022A07D15A08DB0397
:1072A00013434A4612799B1805229BB25908DB0307
:1072B0000B434946895C01325B189BB29042EBD884
:1072C0004A4693701B0AD3702800E96CFFF794FEBE
:1072D000019000281CD12B68A2469846AF6B43460C
:1072E0009A6CBA421ED044461B794C34002B00D015
:1072F00071E043463A00587821000123F4F76AFD13
:1073000000280DD0012342465B4293640123019380
:10731000019803B0F0BCBB46B246A946A046F0BDFA
:1073200043469F6420224946E86BF9F7C7FA0123D8
:107330002C6823715346002BEAD023782E6B043B34
:107340005A1E9341344A5B421340802252059446B0
:10735000203663449E4204D30023AB63022301938F
:10736000D6E7AF6B002FF9D0F305DA0D9346002B6B
:1073700008D1696B0137AF6300290FD122897309E6
:107380009342E9D2A04620239C46213BE1449C46FF
:107390004C345C442E63EC63E244A0E76389720AD8
:1073A000013BA0461A42EED12800FEF799FD0128C4
:1073B000D4D9431CAAD0E36A9842CDD26863023B79
:1073C0000238984226D26389276C5843C7192B6824
:1073D000AF639846D7E74346210058780123F4F776
:1073E0001DFD002800D091E743469A6C196B187177
:1073F0009B6BD31A8B4200D37BE74346DB78022B8F
:1074000000D076E743465218587821000123F4F75C
:1074100005FD6EE70027DAE7000020F0F0B55746DB
:10742000DE464E464546E0B5002189B004000768B7
:10743000FFF7E2FD824600282BD13B78042B00D1D8
:1074400061E101235B429B46E3640133FF339946CC
:107450000293B33B9C46A56BBC446346B8462F00E1
:107460000193039043469A6CBA421CD01B79002BBF
:1074700000D083E043463A00587801990123F4F79D
:10748000A9FC00280DD0012347465B42BB640123C1
:107490009A46504609B0F0BCBB46B246A946A04643
:1074A000F0BD43469F64E06B0778002F1FD03F215B
:1074B000C37A1940A171E52F03D01B0730D50F29DE
:1074C0007BD05B46E364FF2399462668256B3378BF
:1074D0002035043B5A1E9341C84A5B421340802228
:1074E0005205944663449D4204D30023A3630423BE
:1074F0009A46CEE7A76B002FF9D0EB05DA0D92463E
:10750000002B08D1616B0137A76300291AD132899A
:107510006B099342E9D24C3656442563E663A1E7F2
:107520004B46002B00D19BE04B23E35CDB07C8D428
:1075300021000B22403103F0FBFC0028C1D1039B4A
:107540009A46A6E773896A0A013B1A42E3D12000F2
:10755000FEF7C6FC012800D8D2E0431C97D0F36A9E
:107560009842C2D26063023B0238984200D32AE1BB
:107570007389376C5843C719A763CCE74346019911
:1075800058780123F4F74AFC002800D07FE74346EF
:107590009A6C196B18719B6BD31A8B4200D369E7F5
:1075A0004346DB78022B00D064E7434652185878F4
:1075B00001990123F4F732FC5CE74B214023615C25
:1075C0000B4200D081E73B4200D193E0427B9F43D6
:1075D000236B0292E364FF22437B9146029A93421B
:1075E00000D072E7C37E817E1B020B4300D084E093
:1075F0004346DB68017804933F230B40013B5E0068
:10760000F618B600F6180D2342469A460C3B06942F
:1076100080461C007A4D0592AA44079741462B7874
:107620002200C95C43445C7824020C43002A00D148
:10763000CCE0FF2E00D9F9E0200002F0CDFE731C53
:107640009946049B76000700F05A02F0C5FE874277
:1076500000D0EBE00135AA4500D1D5E04E46DDE78C
:1076600002785308D201134342789B18DAB25208C9
:10767000DB011A438378D2B2D218D3B25B08D201AD
:107680001343C278DBB29B18DAB25208DB011A430B
:107690000379D2B2D218D3B25B08D2011343427934
:1076A000DBB29B18DAB25208DB011A438379D2B2FB
:1076B000D218D3B25B08D2011343C279DBB29B1854
:1076C000DAB25208DB011A43037AD2B2D218D3B22B
:1076D0005B08D2011343427ADBB29B18DAB252083C
:1076E000DB011343827A9B18029ADBB29A4200D0E4
:1076F0001AE724E7B94500D16DE7FF239946E4E690
:1077000002239A46C5E6FB6818889D1C002398460C
:1077100000281BD02300FF262C004546984602F087
:107720005BFE6B08ED032B4382B29BB2304018180E
:1077300085B20234C0036D08A31E0543120A1888DF
:10774000AD18ADB20028EAD14446A846B946A346D2
:107750005846FFF70FFA002833D14B4624221B6905
:10776000995C01329A5C12020A434245F0D123220D
:107770009E5C0027002E1ED0402501E04B461B6971
:107780001F222A4200D102355A5D5B195878000247
:10779000104302F021FE4B46DB687A000400D05A09
:1077A00002F01AFE8442D3D1013EF6B2023501370F
:1077B000002EE3D17F004B46DB68DB5B002BC7D19B
:1077C00067E6824665E60027A763A4E6059B404678
:1077D000079F98460B492300069C05E02B78C25C66
:1077E000C3185B781B0213438B4286D10135554584
:1077F000F4D17A1ED3B2994667E6C046000020F065
:1078000018BF0910FFFF00004046059B017898460D
:10781000079F2300069C4906EBD5002BE9D04B4679
:10782000049A5B009B5A002BE3D066E7059B069CFD
:10783000984662E7F0B5DE464E4657464546E0B507
:1078400002680B789DB08346894602922F2B03D0A5
:107850005C2B01D0D36909E04B461A782F2A01D05E
:107860005C2A01D10133F8E7994600235A4659466C
:1078700093600022CA6102990978042900D177E156
:107880004B4618781F2800D8AEE15F4605933B6849
:10789000DB689A4600280AD100235246138006204E
:1078A0001DB0F0BCBB46B246A946A046F0BD564648
:1078B000059BAC4A5D1CBB4600242F009146350059
:1078C0009846B621FF3102F071FD061EE7D01F2851
:1078D00015D92F2819D05C2817D07F2805D801008A
:1078E000484602F033FE0028D9D1FF2CD7D04346BA
:1078F0002E800134185D013702350028E1D13D00AA
:1079000004235F46984605950FE03D005F462B78BF
:107910002F2B01D05C2B01D10135F8E700221F216C
:1079200099425241930098460595012C14D1534633
:107930001B882E2B00D1A6E18B4BE3185B00534430
:107940001A88202A01D02E2A16D1013C023B002C95
:10795000F6D153461C80A2E7022C00D0D5E1534655
:107960005B882E2BE8D153461B882E2BE4D10023B5
:10797000524693802E338AE15346002266009A5382
:107980001B88202B00D0E5E053460021A44602339B
:107990001C000233981E00880A0001312028F7D00D
:1079A000931CA1469B466446424603231A439046D5
:1079B000B21E130053441A882E2A03D0013C023B06
:1079C000002CF8D138000B2220214030F8F770FF4E
:1079D0004B461B889946002B38D00023049308336C
:1079E0000193002303935B464E46AB46B9461D0008
:1079F00027004446202E7BD02E2E00D184E0019B10
:107A0000039A934200D98FE00B2B00D15AE1AF4289
:107A100000D17FE003231C43AF427BD24F4640237B
:107A2000FA5CA0465D46E52A01D1E03AFA54019B92
:107A3000082B22D00C23049A13400C2B02D0D343E2
:107A40009B0722D1424602231A43904643464B24C9
:107A500038003B55FFF7E2FC3B5D002827D00428A7
:107A600000D01DE702001A409B0600D442E1002A24
:107A700034D080233B55002012E7049B9B00DAB2F0
:107A800004920C2213400C2BDCD043469B07DDD420
:107A900010230499CA07D217134042461A4390464E
:107AA0004B07D3D508231A43D3B29846CEE75B07DA
:107AB000E1D4BB79DB0600D41FE1029B19780429CD
:107AC00000D1ACE03A6B4C33D205D20D9B18DA7E74
:107AD000987E12020243032902D0BA602878D6E6C3
:107AE000197D5B7D1B020B431B041A43BA60F5E74B
:107AF00003231C432B00E4B252465D1C5B009E5ADC
:107B0000002E00D076E789E7AF42F1D1019B0B2B25
:107B100000D1D7E00B22049B01929B00DBB2033A19
:107B2000049303923B00E7E7AF42F0D07F2E00D9E9
:107B300086E031000D4802F009FD00285DD00323E6
:107B40005F261C43039B5A1C4B4440331E70039218
:107B50002B00D1E70122D14693462E2B00D027E7F8
:107B600022E7C046C4B50910FFFFFF7FD0B509105A
:107B7000002B00D184E65B46029D5946286A5C468C
:107B800018620890FF206B6A06954B62A96A0B92F7
:107B9000A16206ACE371834320000A930D92199110
:107BA000FFF72AFA002800D07AE62000FEF738FF17
:107BB000002800D074E63822029B1B69995C0132D0
:107BC0009A5C12020A433A21595C090411433B2290
:107BD0009A5C12060A4359460A61212248619A5C5E
:107BE00002231340CB714BE659464B238022584663
:107BF000CA540021FFF700FA52E63300413B9BB222
:107C0000192B58D93300613B9BB2192B04D801239F
:107C1000049A203E1A430492039BF6B293E7FF2294
:107C2000BB6839003B623B699343FA7913437B623B
:107C3000FB6CBB62029B1869FDF76CFE287826E698
:107C40000223B62130002343FF31984602F08EFB19
:107C50000600030608D57F232E4A0340D65C44461F
:107C6000002E00D16BE764E7FF28F8D9019B039A47
:107C7000013B934243D9531C4A444032010A4446D3
:107C80001170C6B25FE70023524653802033402272
:107C90002E21B9540132BB541F4B0132BB521F4A33
:107CA0007A644822BB524A23283AFA5442462A3B75
:107CB0001A439046CAE60223049AF6B21A43049283
:107CC000039B40E7032322004F461A433D3390466F
:107CD000FA5C5D46E52A00D0B8E60522FA540C238A
:107CE000049A13400C2B00D1ACE6D3439B0700D180
:107CF000A8E6ABE6002A00D0D2E50520D0E50323B4
:107D0000019A1C4303922B00F6E6002C00D013E6E8
:107D1000C2E5C04698BE0910202000002020202087
:107D2000F0B545465746DE464E46E0B580460C0067
:107D30009246056883B0012962D9EB6A8B425FD90C
:107D4000002A68D02A78042A62D05246012A57D0E5
:107D5000534555D90122514628005242FEF71EF8DC
:107D600000284ED143461E68F36AA3469C4247D280
:107D70003778032F00D1F5E000D99CE0012F4CD0DB
:107D8000022F3DD1B16B230A30005918FDF7D2FF05
:107D900000284FD1FF22630052001340F3184C33E8
:107DA0005F781A783F02174300D1D6E0012F27D021
:107DB0002B78042B09D0EB6A9C4221D200222100AF
:107DC0002800FDF7EBFF00281BD1EA6AAB69911E82
:107DD0008B4205D201210133AB616B790B436B718F
:107DE0000134BC4203D02B78042B25D0BB469742EC
:107DF00000D3B2E043461E683C00F36A9C42B7D30E
:107E0000022003B0F0BCBB46B246A946A046F0BD76
:107E1000C279022A99D12E00A7E763089946A144A6
:107E20004B46590AB36B3000C918FDF783FF002891
:107E300000D1BDE00120E4E75B469A1EE41A6B6CBA
:107E4000110BCB1801931305DB0D9946072301266F
:107E500013409E4080239B009B46F6B22800019968
:107E6000FDF768FF0028CCD14B46EA1813004C33CD
:107E70001B78334213D1C3E77600F6B2002E0BD144
:107E800001239C46E144D94500D3BAE04B46EA18A9
:107E900013004C331B780136334200D185E01100CA
:107EA00073404C31013C0B70002CE5D10123BB46E3
:107EB000EA6A2B719BE7042FA2D1434641461A6917
:107EC0005B691000C97918431ED040468768002FAF
:107ED0001AD0E71B022900D09CE001204042C117C4
:107EE00012184B411100DB05480A18437189F7F756
:107EF000C5FD874200D983E700D193E0671C7B1C56
:107F000000D055E701207CE7002900D078E7434600
:107F1000DB69002B00D085E0B16BE3093000591814
:107F2000FDF708FF002885D1FE224D215200A30055
:107F30001340F318B13A595CFF3A9A5C09021143B5
:107F40004E229A5C12040A434F215B5C1B061343CA
:107F50005B005F08002B00D028E72B78042B48D06B
:107F600000204EE7B16BE30930005918FDF7E2FE3F
:107F7000002800D05EE7FE224D215200A3001340EE
:107F8000F318B13A595CFF3A9A5C090211434E2248
:107F90009A5C12040A434F215B5C1B0613431B01CE
:107FA0001F09002B00D001E7D7E701232B7127E73A
:107FB0004B465A1CDB05DB0DF3184C331B78510A7A
:107FC0009946B36B3000C9180192FDF7B3FE002843
:107FD00000D02FE7019AD3054A46DB0DF3184C3346
:107FE0001B781B02134327421ED01F0900D0DDE679
:107FF000B3E75346002B1DD1434652460020DA71A9
:10800000FFE6019B01260133019301232B7100231D
:10801000994623E7032900D079E783699F4200D37B
:1080200075E76BE7184FC3E61B051F0D002B00D04B
:10803000BCE692E74346DB79002B16D143469C68A9
:108040000CE021004046FDF74BFF012800D8D7E6A1
:10805000431C00D1EEE60134844281D15445F0D175
:10806000022342460020D371CBE6032B00D077E7F2
:1080700043469B68534500D972E7424692699B1874
:108080005345EDD26CE7C046FFFFFF7FF0B5454694
:10809000DE4657464E46E0B5056880468B462F00C3
:1080A00083B0002960D16B69AA699946002B4CD135
:1080B000002A00D1B9E12B78042B00D12CE1EB6A26
:1080C000022B00D8B1E1012302249946EB6AA342B6
:1080D00032D92E78032E00D1F9E000D995E0012E97
:1080E00000D1E4E0022E27D1A96B230A28005918F9
:1080F000FDF720FE002800D0E6E0FF2263005200DA
:108100001340EB184C331A785B781B02134300D1F1
:10811000CBE0012B10D04C4500D186E1FB6A013445
:10812000A3426FD84B46012B00D17EE14346022487
:108130001D68EB6AA342CCD80124200003B0F0BC38
:10814000BB46B246A946A046F0BDEB6A4B45AFD947
:10815000002A00D169E12A78042A00D184E14A4644
:10816000541CA342DED9B1E7FDF7BAFE0400012892
:10817000E2D9431C00D1A7E0EB6A8342DDD8AA69AB
:10818000002A00D151E12A78042A00D16BE15A4635
:10819000561C3400B34200D8022421004046FDF7AB
:1081A0009FFE0128C8D0431C00D18DE0EB6A002857
:1081B00000D03CE1002C1ED0A342BDD901222100F9
:1081C00038005242FDF7EAFD002810D15B46002B33
:1081D00000D1F0E0012BAFD0FB6A9B45ACD222006E
:1081E00059463800FDF7DAFD002800D1E3E0012808
:1081F0006AD00124A1E734009E4200D390E1012E11
:108200009AD9D94643461D6860E7042E94D1434667
:1082100041461A695B691000C97918431DD0404670
:108220008668002E19D0A61B022900D060E101202B
:108230004042C11712184B411100DB05480A184390
:108240006989F7F71BFC864200D975E700D162E720
:10825000631C013300D05EE736E0002900D06BE7F5
:108260004346DB69002B00D055E7A96BE3092800E2
:108270005918FDF75FFD002826D1FE224D2152003E
:10828000A3001340EB18B13A595CFF3A9A5C09021B
:1082900011434E229A5C12040A434F215B5C1B0679
:1082A00013435B005A08002B31D1FB6A84E7630853
:1082B0009A46A2445346590AAB6B2800C918FDF7E9
:1082C00039FD002800D18EE00124644235E7A96B16
:1082D000E30928005918FDF72DFD0028F4D1FE22EE
:1082E0004D215200A3001340EB18B13A595CFF3AFC
:1082F0009A5C090211434E229A5C12040A434F21F0
:108300005B5C1B0613431B011A09002BCDD0012A0D
:1083100000D000E7012410E701230024994626003D
:10832000696C330B28005918FDF704FD0028CBD1E8
:10833000072201233105C90D324093406A184C329F
:108340001278E86A94460091DBB2023862461A401D
:108350009246721C82423BD35346002B03D0002C22
:1083600063D00026DCE7B41C033200D9E5E6330510
:10837000DB0D009307230122334092469A40D3B28B
:1083800001936B6C310B2800C918FDF7D3FC002852
:108390009AD1009A0199AB184C331A780A4200D04E
:1083A000CAE65140197053462B715B46002B63D1CE
:1083B00042460233D371FB6ABA69023B7C619A423E
:1083C00001D8013ABA6101227B7913437B71B4E68B
:1083D00051460029C7D0A24227D05B00DBB2002B58
:1083E00032D01600B2E753465A1CDB05DB0DEB1802
:1083F0004C331B78510A9A46AB6B2800C91800927F
:10840000FDF798FC002800D05EE7009AD30552469D
:10841000DB0DEB184C331B781B02134326423CD078
:108420001B0900D075E6FB6AC6E6002485E66A698A
:108430009146012A00D8DEE69A4200D3DBE6541CBE
:108440009C4200D372E6DDE6009B013319000093E5
:1084500080239B00994261D26B184C331B78160025
:108460009C46012372E7D9464A46023B941E9C4231
:1084700000D254E7002452E74346DB79022B3FD079
:108480005A4643460132DB69A2420DD10222002B3B
:1084900000D05A1C4346DA618DE71B051A0D002BEC
:1084A00000D034E7FB6A87E6002B02D14246013355
:1084B000D3615A46D01A411C2200012B00D0821CE5
:1084C000012900D838E643461868C36A994200D3A8
:1084D00032E6FDF763FC002800D088E643464246BA
:1084E000DB69013BD361002BE3D10123D36162E758
:1084F000032900D0B4E683699E4200D3B0E6A7E624
:108500004B460133A34200D155E743464A469B6898
:10851000D31A424693610323D371B1E71600FFE6F5
:10852000D946FFE5F0B5DE4657464E464546E0B52E
:10853000026889B000910021040093460190FEF783
:108540005BFD00281ED15B469A6C0023A66B9A4601
:10855000B0464C335B440293039042451CD05B46CB
:108560001B79002B00D085E05B4642465878029983
:108570000123F3F72FFC00280BD001235A465B425E
:108580009364012009B0F0BCBB46B246A946A046A0
:10859000F0BD5B4642469A645A46E36B12781B78FC
:1085A000042A33D0E52B34D0002B32D000239A4656
:1085B0002768256B3B782035043B5A1E9341764A49
:1085C0005B42134080225205944663449D4204D38B
:1085D0000023019A93630720D4E7A36B002BFAD002
:1085E000EA05D10D8946002A08D1616B0133A363E6
:1085F000002916D138896A0982425AD23E004C3687
:108600004E44424625639846E663A6E75BB2002BDC
:10861000CCDB01239C46009BE2449A45C8D10398D9
:10862000B0E73E007A89680A013A4C361042E7D139
:108630002000FDF755FC80460300012800D889E0A2
:1086400001339ED0FB6A984237D20200023B023AC5
:108650000592049343466363049B934200D87BE0F6
:108660007B895A4313003A6C9B185A46926CA36359
:108670009046C5E75B46029958780123F3F7CEFB95
:10868000002800D07DE75B469A6C196B18719B6BD4
:10869000D31A8B4200D367E75B46DB78022B00D00E
:1086A00062E75B465218587802990123F3F7B6FB4C
:1086B0005AE7019B0720996364E72000616BFFF78D
:1086C000E5FC8046031E86D0012843D0013300D14B
:1086D00057E73E003B794C36002B3FD143469A1E6C
:1086E000FB6A0592023B04939A4251D27B89534321
:1086F0003A6C9B1806938022BB64920000213000E4
:10870000F8F7D6F87B890022002B1DD05346079539
:10871000A246069D1400049302E00134A34208D946
:108720000123310078782A19F3F778FB7B89002838
:10873000F3D0049A2100079D544692468B4200D004
:108740001FE7FB6A023B04930422E3791343E371BE
:10875000059A7FE7022015E7002386E70123310011
:10876000BA6C7878F3F75AFB002800D009E7BA6CA6
:10877000BB6B396B3871D31A8B42AFD2FB78022BAB
:10878000ACD1521878783100013BF3F747FBA5E7ED
:1087900000230693AFE7C046000020F0F0B54E4638
:1087A000DE46574645464B23E0B5C35C9DB01A00F4
:1087B00002935F2306009A4300D034E30368DF6826
:1087C0009B463B88002B01D100F033FC0023013392
:1087D0005A00BA5A002AFAD103935B461D78042D39
:1087E00000D127E340239946B1440C22494606A80C
:1087F000F8F764F8029BDB0700D44BE14B234022DF
:10880000F2544A3B9A460B2204AB484606A99846C6
:108810008024F8F753F8534601256402052B00D84D
:108820002AE13B885246002B73D0C54829005200EC
:1088300019408A1802375908224200D0424052009B
:10884000294089189A08214200D0414049002A4015
:108850005218D908224200D04240520029408918BB
:108860001A09214200D0414049002A4052185909B2
:10887000224200D042405200294089189A092142E0
:1088800000D0414049002A405218D909224200D064
:1088900042405200294089181A0A214200D0414022
:1088A00049002A405218590A224200D04240520040
:1088B000294089189A0A214200D0414049002A40A3
:1088C0005218D90A224200D0424052002940891849
:1088D0001A0B214200D0414049002A405218590B3E
:1088E000224200D042405200294089189A0B21426E
:1088F00000D0414049002A405218DB0B224200D0F0
:10890000424052009A18224200D042403B88002B3D
:108910008CD10F231340190030311709392901D99F
:10892000373319004346D9710F2A00D8A7E00F2327
:108930003B4018003030110A392801D9373318006C
:10894000434698710F2F00D8EAE00F230B40180020
:108950003030120B392801D937331800434658718B
:108960000F2900D8E7E0D2B213003033DBB2392B45
:1089700001D93732D3B2424613717E230321D3701B
:108980004023F35C202B00D1D3E04123F35C202B68
:1089900000D1D7E04223F35C202B00D145E203292C
:1089A00000D1B9E04323F35C202B00D1B4E00429CB
:1089B00000D1B3E04423F35C202B00D1AEE00523CB
:1089C000062905D14523F35C203B5A1E934105330C
:1089D00042464846525C9F1CC254C218404640184A
:1089E00040785070062B30D0881C062900D17CE0DE
:1089F000CA1C0192DA1C94464246105C4A46D05585
:108A0000052B22D0C81C082800D175E042461F1D46
:108A1000125C019748466746C255042B15D00329BE
:108A200000D071E04246019FD279591DC255032BF7
:108A30000BD020224F46981D7A54022B05D00822D5
:108A40002021121A4844F7F733FF3000FEF7E6FC06
:108A5000002819D101239C46E2445346642B00D1DF
:108A600031E35B460B22484606A9DF68F7F726FF8D
:108A70005346052B00D9D4E642463033D3717E23CA
:108A80004246062193717BE70700042825D14B233A
:108A9000029AF254029B9B0756D401213000FFF743
:108AA00041FD071E19D15846B16BFDF743F9071E6A
:108AB00013D120220021F06BF7F7FAFE0B22494672
:108AC000F06BF7F7FBFE4B23F15CF26B333B0B4093
:108AD000137301235A460027137138001DB0F0BCF0
:108AE000BB46B246A946A046F0BD20224946D81C46
:108AF000CA55052BA3D1A8E7202249466746181D71
:108B0000CA55042B9BD1A0E720224946019F581D3E
:108B1000CA55032B93D198E7032359E7042357E75A
:108B20007E23424653714023F35C0521202B00D065
:108B30002BE700234CE77E234246042113711FE7F5
:108B400021100100012343E7039C0D210C34200078
:108B5000F6F794FF411C80463000FFF7E3FC071E48
:108B6000BBD10C2C9FD04346316B5B013000C91A3E
:108B7000FEF742FA071EB0D14023F25C37005308DB
:108B8000D20113434122B25CFF249B18DAB252088F
:108B9000DB011A434223F35CD2B2D218D3B25B0892
:108BA000D20113434322B25CDBB29B18DAB2520803
:108BB000DB011A434423F35CD2B2D218D3B25B0870
:108BC000D20113434522B25CDBB29B18DAB25208E1
:108BD000DB011A434623F35CD2B2D218D3B25B084E
:108BE000D20113434722B25CDBB29B18DAB25208BF
:108BF000DB011A434823F35CD2B2D218D3B25B082C
:108C0000D20113434922B25CDBB29B18DAB252089C
:108C1000DB0113434A22B25C854D9B18DBB246460A
:108C200002932AE0DC701C715C719C71DC711C7217
:108C30005C729C729C73DC731C745C749C74DC743A
:108C40001C755C759C75DC751C765C761C775C7796
:108C50009C77DC774022F1B211430191019A3800F0
:108C60001A7001235A461371FDF7FEF9002800D04F
:108C70002BE2013E002E00D12CE25846B96BFDF7E5
:108C800059F8021E00D020E25B46D968FB6BF0B2B7
:108C90001A739A76DA76019022000298324058735D
:108CA0000F20013AD87250008446944460468000F8
:108CB0008446624450008446085A80465870000A30
:108CC0009870012040428246D044404680B2A8427B
:108CD000A8D801325200885A8046D870000A18710C
:108CE000012040428246D044404680B2A8429BD8F0
:108CF0008A18508880465871000A987101204042B5
:108D00008246D044404680B2A8428FD890888046A0
:108D1000D871000A1872012040428246D044404671
:108D200080B2A84200D983E7D08880465872000AF2
:108D30009872012040428246D044404680B2A84208
:108D400000D977E7108980469873000AD87301200C
:108D500040428246D044404680B2A84200D96BE7E8
:108D6000508980461874000A587401204042824697
:108D7000D044404680B2A84200D95FE7908980463F
:108D80009874000AD874012040428246D04440467C
:108D900080B2A84200D953E7D08980461875000AEE
:108DA0005875012040428246D044404680B2A842D5
:108DB00000D947E7108A80469875000AD8750120C7
:108DC00040428246D044404680B2A84200D93BE7A8
:108DD000508A80461876000A587601204042824622
:108DE000D044404680B2A84200D92FE7908A8046FE
:108DF0001877000A5877012040428246D044404606
:108E000080B2A84200D923E7D28A100A9A77013AA1
:108E100092B2D877AA4200D91CE761444A8B002A53
:108E200000D01BE716E7062757E60223D0E5C04629
:108E3000FDFF000003980F210E30F6F71FFE811C86
:108E400004003000FFF76EFB071E00D045E6336BD1
:108E5000013464011B1BF364F3791D4200D18DE0E2
:108E6000AB43F371032B00D1E6E0F369746B002B85
:108E700017D0E21A511C012B00D128E1023201293E
:108E800000D8F1E03068C36A994200D3ECE0FCF707
:108E900085FF002800D018E1F369013BF361002B46
:108EA000E7D1B368002B69D006AB984642463368D9
:108EB000B16A0693336A40469360736AD371FF22A6
:108EC0009343424613610023D1645361D361FEF79B
:108ED00093F8002800D0F8E04046FDF7A1FD0028F7
:108EE00000D0F2E05B4600255B8938305C023269D5
:108EF000736912196B411D005B46140019693461D6
:108F000075610C5439202200240A0C543A20140CA8
:108F10000C54100E3B22885401328D543D22280AF5
:108F200088543E223F23280C88542A0ECA545B469C
:108F3000282031691B6972690C0A195401301C54CC
:108F40000C0C01301C54090E013019542C21100A4C
:108F50005A5401315854100C01315854120E013139
:108F60005A545B4601221969F37940461343212282
:108F70008B54FEF781F9002800D0A6E05B461C69FF
:108F8000DE68631C3F22002118009846F7F790FC2A
:108F90008523C0222370653BE2540023C1219C46F7
:108FA0008B46A2393D00002089466746BF3A9A4663
:108FB000029240335A46E2540022591C62545146F0
:108FC000A446AA46029A050002330197039112E0D3
:108FD0002288002A12D0019FD0B20137FCB2674626
:108FE000F8544046110AC1544946650002330194C1
:108FF000741919420CD07419002AE9D1002067466F
:109000000021F8544046C154494602331942F2D176
:10901000210064468C460292039A2800511C554652
:10902000924662461288019FC9B2002A1ED08A4623
:10903000C0E70023FFF7D0FBB469B168002C4DD026
:109040000C19012910D93068C36A8B420CD94D1C08
:109050002A00FCF7A3FE002837D1A5423ED0306895
:109060002900C36A8B42F2D8022736E52B00BC46A2
:1090700015001F0062462323E254534602336370F7
:109080003088B31C002827D01E00FF2701F0A4F968
:109090006B08ED032B4382B29BB238401B189DB284
:1090A0006D08DB0302361D43B31E120A1888AD1883
:1090B000ADB20028EAD1EFB22D0A2423E7540133E0
:1090C0000027E55409E5072707E5070005E5012224
:1090D0005242D4E63E00E6E40025EEE70023F371B9
:1090E000C3E6C04670B582B00D1E0190009130D02D
:1090F0000C0001E03A2B20D0237801341F2BF9D843
:10910000154B1E78330015489B00C158002902D02A
:109110000024C4500C700199002903D000244E7023
:109120000C70C1500020002A01D102B070BD002295
:10913000684601A9FDF734F9F7E72B780B20303B9F
:10914000DEB2092EF1D80235AC42EED1032BDADDC6
:10915000EBE70B20E9E7C04610430320F4C70220E9
:10916000F0B54646DE465746C0B59CB00600140032
:109170000391002800D1D8E03F2515402A0005A919
:1091800003A8FDF70DF9071E08D00023336038004F
:109190001CB0E0BCBB46B246A846F0BD059B039997
:1091A00006A89A460693FEF745FB1C232340002899
:1091B00050D110204B2202A909188A5C7F2A00D9BD
:1091C000B5E002AA927D002B4AD01123134200D0B1
:1091D000AFE0630700D5BDE0240747D553461B78B1
:1091E000042B00D106E1002221205421159B9A7303
:1091F000DA7318745974159B9A75DA75187659765E
:10920000159BDC7E9A7E2402144352461278032A70
:1092100005D15A7D197D12020A43120414432022FB
:10922000DA7200225146159B9A76DA76097803297C
:1092300001D11A755A750022159B1A775A779A77B9
:10924000DA77012352461371002C00D0BCE0402392
:109250001D430BE0002B01D004286ED0070094E7DB
:10926000D30668D4A40701D5D20762D45346524628
:109270009B6C1178B364159BF36404296CD0DA7E7F
:10928000987E12020243032905D1597D187D0902F7
:10929000014309040A43B260597F1A7F090211434E
:1092A0009A7FDB7F12040A431B06134333610023BA
:1092B00073610023524633653260D2880021B28048
:1092C0003022B5540132B354002273640023B263D8
:1092D000F36354239B468022B34458469200F7F729
:1092E000E7FAAD0600D452E73469756923002B43D1
:1092F00000D14CE75346B463F5635889B168430223
:10930000009300230193019B9D4236D93000FCF766
:10931000E7FD010001281AD9009A019BA41A9D417A
:10932000431CF0D1012730642FE709272FE70627D8
:109330002BE7072729E7042727E706A8FFF72EFAD8
:1093400008231D43002800D148E707001DE73064CB
:1093500002271AE7082718E7FF22089B310033622B
:109360000A9B934302AAD27D13437362199BB36293
:1093700053461869FCF7CEFA9BE7009A019B9D4281
:1093800001D19442C2D83164E30500D1FFE65346CF
:10939000DB6A0239023B9942DAD253465B89594370
:1093A00053461A6C8A18002AD2D0E905640A0C4385
:1093B00012197264587859460123F2F70BFD002800
:1093C00000D1E4E60127E0E6936C2100002206A824
:1093D0009846FEF7A5FC002800D03FE741465046DE
:1093E000FCF7A8FC5346013C5C61002800D12EE745
:1093F0000127CAE653461C69336031002000FCF7A0
:1094000089FA1E220021A01CF7F752FA5346186968
:109410001A2200212630F7F74BFA534620221B6907
:1094200054211A71534600221B6906A81A725A72F7
:109430002132D9729A7253461B6953399954FDF7F8
:109440001BFF002800D009E7B168002900D1FEE623
:1094500000223000FEF764FC5246B368013B5361C2
:10946000002800D1F3E607008FE6C046F0B5454678
:10947000DE4657464E46E0B51D00002385B0041E6B
:109480008B4690462B6009D00368002B06D01A78D3
:10949000002A03D08188DA88914207D0092005B0DC
:1094A000F0BCBB46B246A946A046F0BD5878F2F7DC
:1094B00087FC01220242F1D13123E05C0028EED189
:1094C0001100013BE35C194089461A4200D1BDE01E
:1094D000A26BE36B26696769B61A9F41B84201D156
:1094E000B04558D841460029D9D0216803908A4612
:1094F0004946A94645460291D10561D15646D9054E
:10950000500A084307007689590A013E3740B84699
:10951000304242D05346206CDB6A0238023B98420C
:1095200049D2534652465B89126C58438018002832
:1095300041D08022404406009200954250D34246DA
:109540006F0AD2199A4201D942469F1A53463200F5
:10955000587859463B00F2F73DFC00286FD1302384
:10956000E35C7F2B00D989E07F024B464A461B68AB
:109570000097DB1913600023019300980199A26BF7
:10958000E36B12184B41ED1BA263E363BB44002D58
:10959000B2D1039883E7B046A4E71A4338D1A06854
:1095A000012808D9431C4AD05346DB6A2064023B99
:1095B00002389842B5D3312302220220E2546EE7EA
:1095C00054239846A0448023C90D9B005F1AAF42E4
:1095D00000D92F003A0058464144F7F76FF9C4E725
:1095E000626C824234D0542130278846E35DA04427
:1095F0007F2B36D853463200587841460123F2F784
:10960000E9FB00281BD1A26BE36B6664D105DAE7A6
:10961000276D002F20D023683E1D5A890023F6F7BE
:109620006BFA7B68002B05D1C5E70836C01A336892
:10963000002BC0D09842F8D27368C018B0E7029BE4
:109640000122994631234846E25428E7072026E7BD
:1096500054239846A044D6E72000216CFCF740FC38
:109660009EE75346414658780123F2F7D7FB00287E
:10967000E5D17F23E25D1340E355BBE7636C9B1BA1
:10968000BB4200D370E75B025B441800542398464A
:109690008022A04441469200F7F710F964E7C046E3
:1096A000F0B5CE46474680B5040097B0002809D0F3
:1096B0000368002B06D01A78002A03D08188DA8844
:1096C000914205D0092017B0C0BCB946B046F0BDE4
:1096D0005878F2F775FBC007F4D44022302510000B
:1096E000635D18401A42EED05BB22668002B00DAA8
:1096F000E1E03378042B35D03000A16CFCF71AFB85
:1097000000282DD12022E16CCB7A1343CB72A368C1
:1097100020689AB2120A8B76CA760278032A03D19D
:109720001A0C1B0E0A754B7523691A0A0B774A77B8
:109730001A0C1B0E8A77CB77212200230A768B75B1
:10974000CB758B74CB74333201334A76337130006E
:10975000FCF7E0FC30224021A35C8B43A354B2E72A
:109760000120B0E7E379032B00D1B6E0E369256C73
:10977000002B16D0EA1A511C012B00D1AAE00232AC
:10978000012900D8C2E02068C36A994200D3BDE035
:10979000FCF704FB002896D1E369013BE361002B51
:1097A000E8D16D46FF222368A16A0093236A6846C8
:1097B0000293636A1391EB7193430493002305931F
:1097C0000793FDF719FC002800D07CE76846FDF7F9
:1097D00027F9002800D076E72021326913790B435E
:1097E0001371212301219946E37932690B434946DC
:1097F0005354A368326913315354190A8C463521E6
:1098000067465754190C8C463621674657543827FB
:109810001B0E01315354216933696269D9550137EF
:1098200090463A000F0A9F543A270A0CDA553B2219
:10983000090E995442463C215A54120A01315A5495
:1098400042460131120C5A5442460131120E5A540A
:10985000216933696269123FD955013790463A0050
:109860000F0A9F542A270A0CDA552B22090E995405
:109870002C2142465A54120A01315A5442460131AF
:10988000120C5A5442460131120E5A544A46336958
:109890009A73333218735873DA73336958753369AE
:1098A000187458749874D8746846FDF7E5FC00285D
:1098B00000D008E74BE721000123626C7078543137
:1098C000F2F7ACFA002800D04AE77F23625D13402C
:1098D00063550EE70122524252E7A769A168002FA3
:1098E00016D0CF19012911D92068C36A8B420DD92E
:1098F0004D1C2A00FCF752FA002800D0E3E6BD42D6
:1099000006D020682900C36A8B42F1D80220DAE62B
:109910000023E3712AE7C04610B50400FFF7C0FE3C
:10992000002800D010BD002C09D02368002B06D0E1
:109930001A78002A03D0A188DA88914201D0092040
:10994000F0E75878F2F73CFA0122030010001840C3
:109950001A42F4D12060E5E7011E17D0020001E0B1
:109960003A2B08D0137801321F2BF9D8084A137804
:109970000020137070470B780B20303BDBB2032BB9
:10998000F8D802318A42F5D1014AF1E70B20F1E71C
:109990001043032070B59AB00190002203A901A8DA
:1099A000FCF7FEFC002801D01AB070BD002304AC07
:1099B000039D200001990495A360FDF73BFF00285B
:1099C00013D14B23E35CA2687F2B12D8A379DB066B
:1099D0000DD52978042917D0E26BD37E947E1B0223
:1099E000234303292AD0EB61DEE70428DCD10520DC
:1099F000DAE72B78EA61042BD6D10D9A0C990E9BED
:109A000029626A62AB62CFE734232E69F15C0133CD
:109A1000F35C1B020B433621715C090419433723A5
:109A2000F35C2A62FF221B060B43EB61236993431D
:109A3000E27913436B62E36CAB62B5E7117D527D53
:109A400012020A4312041343EB61ADE7F0B5DE46A0
:109A500057464E4645460023E0B5E9B00022079040
:109A600005910370824609A907A8FCF799FC021E1C
:109A700000D099E0099B03931B78042B00D1FCE0F4
:109A8000039BDB690193002B00D1F6E0059B039F4C
:109A90009C4620AB9B4663460493019B0AAC069010
:109AA000A3604B46A3634346202120002563276023
:109AB0006663E363FDF7A0FAA16BE56B002800D0B5
:109AC00081E0039E3000FCF735F9002800D07AE0F1
:109AD000EB7EAA7E1B0213433278032A05D16A7DEE
:109AE000297D12020A431204134300212000A360BF
:109AF000FDF782FAA36B27689946A268169D179E08
:109B0000E36B00285FD101994846884631000192F5
:109B1000019A1791A06320002760A260E363169565
:109B2000FDF728F8A268031E0192226B27680292B3
:109B3000616BA06BE26B42D1937E9C466546D37EFF
:109B40001B022B43039D2D78032D09D1157DA946BA
:109B5000557D2D02AC464D46664635432D042B43BC
:109B6000029D43454CD03B782035043B5A1E93411F
:109B7000754A5B42134080225205944663449D42DD
:109B800020D200281ED0EB05DA0D9146002B06D11D
:109B90000130002919D13A896B09934203D23B0065
:109BA0004C334B44B4E702220023514610000B70A3
:109BB00069B0F0BCBB46B246A946A046F0BD18004D
:109BC000042B00D102200200EEE77B896A0A013BE8
:109BD0001A42E4D1A0632000FCF782F901000128B9
:109BE000E1D9431C47D0FB6A9842DCD20238023BE1
:109BF000984200D392E07B8958433B6CC018CEE773
:109C00000E008146594620009046FBF7B9FE5B46A0
:109C10009B7E002B29D000235A4619000133D2180D
:109C2000927E002AF8D1049A023191427AD807989C
:109C3000002B00D184E0D21A944681185A46013B89
:109C4000D218927ECA54002BF8D16346013B1A0009
:109C500004932F238354019B002B00D020E79446CC
:109C6000059B069A63450FD108E0049B002B59D051
:109C70009C460798E9E7012296E70798059B013B78
:109C80009C462F23614643546346022B48D95146D4
:109C90002E4B00251B78664630330B703A234B70F1
:109CA00063468C1C0599013399426D41891B884696
:109CB0000121494241448946EDB2062935D9002D9A
:109CC00033D0C3188719E31A022B2ED923003B4344
:109CD0009B072AD143469E080023B600F958E1505D
:109CE0000433B342FAD16146E618C91898450CD03E
:109CF000475C4B1C3770059FBB4206D2C35C0231E8
:109D000073708F4201D9435CB3706B1E9D414B460B
:109D10006D421D40AA460134A24445E700203EE7BB
:109D2000112241E7112002003EE763465146059F9C
:109D3000CE1A0236C15CF15401339F42FAD8E4E7EF
:109D4000049B9C4681E7C046000020F0104303209E
:109D5000F0B5DE4657464E464546E0B587B0041E90
:109D60000092019309D00368002B06D01A78002ACC
:109D700003D08188DA88914208D00925280007B0ED
:109D8000F0BCBB46B246A946A046F0BD5878F2F7F3
:109D900017F8C007F1D43123E55C002DEED123681C
:109DA00098461B78042B00D15CE1236D9946002B6B
:109DB00000D193E0009B013360D026696769009A67
:109DC000019B9F4257D853D03300A663E7633B43C0
:109DD000D4D004234B449A4601225242D3179219FD
:109DE0007B41D905500A0843590A236883465A899A
:109DF0000023F5F781FE4B465B68002B00D160E144
:109E0000524605E00832C01A1368002B00D158E111
:109E10008342F7D95368C3189A1E23644346DB6A0A
:109E2000023B93424CD9434641465B89096C5A43F5
:109E30005218002A44D0F605A0D05946013B1940DB
:109E40008E18626CB24299D0302327009946E35CA9
:109E500054377F2B00D975E14346320058783900DA
:109E60000123F1F7B7FF002800D0F6E0666485E72C
:109E7000009B9E42A8D9009E019FA5E7019B01334C
:109E80009BD14A46A16808CA8A46002900D10EE142
:109E9000022100958B46554691469A462800002798
:109EA00006E0431C00D1D8E00136864200D038E1FC
:109EB0000600010020000137FCF712F80128F0D855
:109EC00031230222E254022558E7236D9946002BE4
:109ED00000D06FE743461B78042B07D0019B002B73
:109EE00004D001220023524200920193009801996C
:109EF000236967699946A26BE36BB94200D9A3E075
:109F000000D19EE000200021A063E1630098019948
:109F100006000E4300D131E74146498949028A468D
:109F20001100194333D001204042C1178018594114
:109F30005246002302900391F5F7DEFD01225242C2
:109F4000D3170E0083460098019980185941524654
:109F50000023F5F7D1FD8E4219D801D1834516D8DB
:109F600053460298594208400200039B266CA263A4
:109F7000E363002E00D035E1BB4200D84CE1226102
:109F8000636130224021A35C0B43A354F6E6A6682C
:109F9000002E00D19FE0002200232664514602914A
:109FA000002103910199002900D12CE10221894669
:109FB0004021AB468A46049205933100260026E0F4
:109FC0007769AF4203D308D13769A74205D232611E
:109FD0007361534618433023F0543000FEF756F8AF
:109FE000011E00D1F8E04B1C36D0012900D8B8E0A2
:109FF0004346DB6A8B4200D8B3E0B36BF46B019A43
:10A0000004930594039B31649A4200D8B5E0029A08
:10A01000039B009C019DA41A9D4100940195049C02
:10A02000059DA4185D4122002B0030204F46B263ED
:10A03000F363305C0742C3D13000FBF751FF0100EE
:10A04000D1E7484500D85DE73021615C89073BD402
:10A0500049460197009155E734003123012201253B
:10A06000E2548BE6E369266C002B00D1C1E0F21AC2
:10A070004046511C012B17D00232012900D822E79B
:10A08000C36A994200D31EE7FBF788FE002800D080
:10A09000B5E0E369013BE361002B00D115E7F21A5B
:10A0A0002068511C012BE7D101225242E5E7022131
:10A0B0008B464946584608609B450AD800231360E2
:10A0C0005CE602225242A8E600200021A063E16380
:10A0D00022E7112552E600212000FDF7D7FF0600F8
:10A0E000012800D1ECE6431CB7D0A26BE36BA06063
:10A0F0002064002800D051E76069D105C90D98425D
:10A1000000D390E02261636130224020A35C0343CE
:10A11000A354002900D131E6626CB24200D093E62C
:10A120002CE602239C46E344DA451CD34B461F60D1
:10A130005D6043464946DB6A0831984268D28946E9
:10A140000500ABE64346390058780123F1F766FE77
:10A15000002882D14B46E25C4F3313404A46A35459
:10A160007AE63400ACE64346DB6A8342E8D84A46E6
:10A170005346009D216D89469BE71400029A039B7C
:10A180009C4204D11300009A9A4200D93FE7340060
:10A19000049A059B0E005D460098019912184B41E8
:10A1A000C105A263E363C90D2BD04146C96A023ED3
:10A1B00002398E4200D383E6414649894E434146E7
:10A1C000096C7618002E00D17AE60199C80500992D
:10A1D000490A014376188FE734005D46A26BE36BB2
:10A1E000060089E700980199801A99410090019131
:10A1F000D4E6236D9946002B00D0DBE576E605001A
:10A20000BCE5002678E70099514500D9CEE6C3E7C2
:10A2100053460A00009DADE7BB4200D0AEE548457D
:10A2200000D9ACE6AAE5984200D072E720699042D6
:10A2300000D267E76DE7C04630B585B0041E0191D6
:10A2400031D0002203A901A8FCF7AAF8002803D006
:10A250000023236005B030BD039D200001992560D7
:10A26000FDF7E8FA00281AD14B23E35C7F2B0DD8C9
:10A27000A379DB0615D5297804291ED0E26BD37E9D
:10A28000907E1B02034303290FD0A360EB880021BB
:10A290002000A380FCF7B0FE0028DBD0D8E704281C
:10A2A000D6D10520D4E70920D4E7117D527D1202D2
:10A2B0000A4312041343A360E8E7FF22A3682100C6
:10A2C0002362236928699343E27913436362E36C51
:10A2D000A362FBF71FFBD9E710B5041E09D0036882
:10A2E000002B06D01A78002A03D08188DA889142A0
:10A2F00001D0092010BD5878F1F762FD012203005A
:10A30000100018401A42F4D12060F3E770B5040041
:10A310000D00002809D00368002B06D01A78002A07
:10A3200003D08188DA88914201D0092070BD587825
:10A33000F1F746FDC007F8D4002D12D02000FCF73D
:10A3400019FCFB231842F1D129002000FBF718FB70
:10A350002000FBF789FE031F5A1E93415B42184001
:10A36000E4E700212000FCF747FEDFE702007F283A
:10A3700001D880B27047802300205B029A42F9D254
:10A38000B623FF339942F5D10023074904E0013396
:10A390009BB20231802B05D008889042F7D18033E0
:10A3A00098B2E7E70020E5E7FCC109107F2804D94F
:10A3B000B623FF33994201D000207047FF28FBD815
:10A3C000034B9C46034B60444000185AF5E7C046D7
:10A3D00080FFFF7FFCC109108023F0B55B0298422B
:10A3E00017D2802386B25B019E4213D2244AFF27F4
:10A3F0000AE08E420CD35B8804321C0A3B405D1895
:10A40000A84209DB002C0DD0118813000029F0D1DF
:10A410003000F0BD1B4AEAE7082CF9D81A4BA4001B
:10A420001B599F465B00D218EEE7503EB6B2300093
:10A43000EFE70836B6B23000EBE71A3EB6B23000AE
:10A44000E7E7303EB6B23000E3E7203EB6B2300078
:10A45000DFE7103EB6B23000DBE70123711A0B4094
:10A46000F61AB6B23000D4E7411A49008E5A3000CD
:10A47000CFE7064B9C466644B6B23000C9E7C046FB
:10A4800008C009104CBF091028BF0910A0E3FFFF46
:10A490000B00034370B506009B070ED1032A0CD9AD
:10A4A000114D04E0043A043110C6032A05D90C68A2
:10A4B0000E4BE318A3432B42F4D03300002406E0F4
:10A4C0000D5D013A355501330134002D02D0002ACB
:10A4D000F6D170BD00219C18002AFAD01970013302
:10A4E000A342FBD1F5E7C04680808080FFFEFEFEE0
:10A4F00010B583070AD00300032102E001330B42A9
:10A5000005D01A78002AF9D1181A10BD030019686D
:10A510000C4A0D4C8A188A4322420FD15968094AC5
:10A5200004338A188A43224208D15968054A043301
:10A530008A188A432242F1D000E001331A78002AB7
:10A54000FBD1E1E7FFFEFEFE808080800323CAB2DC
:10A55000F0B50340002A35D00324002B2DD1FF2372
:10A560000B401D02ED182B04ED182C000168264E3F
:10A570004C408B198B43A119A143244E0B4333420A
:10A5800011D14168204F0C00CB196C408B43E1196D
:10A59000A1430B4304303342F3D00378002B05D0A2
:10A5A0009A4204D001300378002BF9D10020F0BD8D
:10A5B0009342FCD001302042D1D00378002BF7D158
:10A5C0000020F4E7002B08D0032202E00130104203
:10A5D00003D00378002BF9D1E9E702680A4B0B4955
:10A5E000D31893430B4206D14268074B0430D3186B
:10A5F00093430B42F8D00378002BD8D04378013036
:10A60000002BFBD1D3E7C046FFFEFEFE808080809A
:10A6100070B5074C074D641BA41005D0013CA30086
:10A62000EB589847002CF9D100F034FD70BDC046BE
:10A63000B0BA0220B0BA0220030010B50A000349E4
:10A640000868190000F004F810BDC04640B90220A7
:10A6500070B50B0C0024150C002B28D1002D3CD11B
:10A660008BB291B2594300F047F8051E33D0030076
:10A67000083B5A6803239A43043A242A12D8030059
:10A68000132A0AD90460446008331B2A05D9846060
:10A69000C460242A2AD00300103300221A605A60B2
:10A6A0009A6002E00021F6F703F9280070BD002D42
:10A6B00016D1151C89B292B24A43ADB29BB26B431C
:10A6C000110C5B18190C0BD1190492B2114300F054
:10A6D00013F8051ECBD10025E7E72B1C0D1CE9E77D
:10A6E00000F04AFC0C2300250360DEE70300046150
:10A6F00018334461D1E7C046F0B54E464546DE46C4
:10A700005746E0B50D000B35060085B0162D27D84D
:10A71000102900D9DAE000F049FC102518230221A5
:10A72000C74FFB181A005C68083A944200D146E112
:10A7300003226368A1689343E268CA6091600121C3
:10A74000E3185A6830000A435A6000F031FC2000D8
:10A75000083005B0F0BCBB46B246A946A046F0BDE5
:10A7600007239D4300D5B1E0A94200D9AEE000F037
:10A770001DFCFC235B009D4200D294E1690A00D1DC
:10A78000A8E0042900D94FE138239846A909884454
:10A790003931CB00082252429446A94FFB189C4401
:10A7A0006346DC68A44514D0032399460B00614638
:10A7B0009C4607E0E068002A00DBFAE0814200D115
:10A7C000FBE004004A46636893435A1B0F2AF1DDFD
:10A7D00041463A003C690832944200D1D8E0032057
:10A7E00063688343581B0F2800DD60E13A617A619A
:10A7F0000028A4DA7A68904680229200934200D31F
:10A80000E3E0DA08580901238340404618438046B4
:10A81000D300DB199A687860E360A2609C60D46022
:10A8200001208B10984040455CD8434603420AD132
:10A8300003239943434640000431034203D14000BF
:10A8400004310342FBD00323B3469C460E00B846B6
:10A850000190F00040440100B246CB680BE0644632
:10A860005A681F00A243DB68541B0F2C00DDEDE08B
:10A87000002C00DB07E19942F1D101239946CA443B
:10A88000534608319B07E8D1032205E003680838E6
:10A89000013E834200D001E23242F7D14346019AA1
:10A8A0005B68934342465360019A520001929A4278
:10A8B00016D8002A06D113E004229146019ACA4410
:10A8C000520001921342F7D05646C2E70C230020F3
:10A8D00033603EE780233F22402190469B0059E7AA
:10A8E0005E4647460322BC68636893439846AB4282
:10A8F00002D35A1B0F2A4EDC230043440293514BD0
:10A9000008209A461B6810335B19019300F06CFB1A
:10A910004D4903900B688B46013306D08446019B5A
:10A920004242013B6344134001933000019900F01F
:10A9300041FB03008146013300D1D6E0029B8342F4
:10A9400000D9D0E053465A68019B51469C46624468
:10A950004A60029803990139484500D0E3E048462F
:10A96000084200D0DFE0B9684344894601210B4327
:10A9700049464B605146C96A914201D25146CA626A
:10A980005146096B914201D251460A634C46AEE0F2
:10A990007B68984644E7012329001A431943651947
:10A9A00061603000BD606A6000F002FB200008308A
:10A9B000CFE6A268D0608260C1E6614609E7DC6844
:10A9C0000231A34200D104E7B2E65A0A042A00D8B1
:10A9D00082E0142A00D907E110005B3082465C3225
:10A9E000D200082040428446BA18944462469268D5
:10A9F0000B308146944500D1DEE00800A246614656
:10AA0000844602E09268914204D04C465068A043CC
:10AA10009842F7D8D368614654469C466346A26084
:10AA2000E3609C60D460FBE614296DD9542900D9F9
:10AA3000E3E06E239846290B88446F31CB00A9E6EA
:10AA400038B502208CC2022030B50220BA4601205F
:10AA50005146844649190543504645608568474636
:10AA60006046EB605E469D605346396179612043E4
:10AA700008374860CF6030008F609C5000F098FA33
:10AA80005046083065E6BA4601205E465244516899
:10AA900001435160BA683000D3609A6000F088FAD0
:10AAA0003800083055E62B00E908083338E661190C
:10AAB000884601218C460D434146656039617961C4
:10AAC000CA608A60624602434A60E050300000F08B
:10AAD0006FFA200008303CE69A091000393238300D
:10AAE0008246D2007DE7BC4214D0BC686368032272
:10AAF00093435A1BAB4202D30F2A00DD4BE73000D1
:10AB000000F056FA002024E65B23984688445C3126
:10AB1000CB003FE653465A68019B9C46534662442D
:10AB20005A60039B591E5B461B68013370D04B462D
:10AB300002981B1A9B185246536007234A46484600
:10AB40001A400292184240D00398013384469B1A5F
:10AB5000019A99444A44019263440A409B1A19405D
:10AB600030008B4600F026FA431C77D04B46C01AC3
:10AB700003005B44019353465A6801205A445A60CB
:10AB80004B464946BB60019B03434B60BC4200D12E
:10AB9000F0E643460F2B3FD907210C3B8B436168FE
:10ABA0000140052019436160E118486088600F2B5F
:10ABB00049D84B465B68DDE6534698100123834035
:10ABC000404618438046786028E7019B039A4B442F
:10ABD0000B40D31A194030008B4600F0EBF9431CB0
:10ABE000C4D100239B46C6E7542A17D81A0B10007D
:10ABF0006F326E308246D200F3E6AA235B009942A0
:10AC000017D8DD3B9846E90B88447831CB00C1E585
:10AC10005B464A461A6090E7486070E7AA20400009
:10AC2000824226D8DA0B1000783277308246D20082
:10AC3000D7E61C4B994226D87C239846A90C884419
:10AC40007D31CB00A6E521003000083100F086F808
:10AC500053465A68BB6899465B688BE6019A029B2B
:10AC600094464A46083B63449B1A019300239B4643
:10AC700081E70C4882420CD89A0C10007D327C305F
:10AC80008246D200ADE6FE237E227F2190469B00C5
:10AC900080E5FE227E2092008246A2E643465B6863
:10ACA00002E6C04654050000F0B5C646060000B5F1
:10ACB00008200D0000F098F90400300000F076F94B
:10ACC000234B210098469B685F6803239F4338000D
:10ACD0001138401B0019F4F7D1FE451E6543AC4204
:10ACE00008DC0021300000F065F943469B68DB1961
:10ACF000984206D0300000F05BF9002080BCB846D6
:10AD0000F0BD3000694200F055F901300ED001224B
:10AD100043467F1B9B6817430E4A5F6013683000F1
:10AD20005B1B136000F044F90120E7E700213000CD
:10AD300000F040F943469A68831A0F2BDADD064C7F
:10AD400004492468001B086001210B435360D1E7CC
:10AD500038B5022090C2022030B50220F8B5CE46A8
:10AD6000474605000C0080B5002957D000F01EF9B9
:10AD7000012321009C4608394868624603000324E9
:10AD80009343CF187A68654EA243B468BC4200D1A1
:10AD900070E0BC18A14664467A60044221D108687C
:10ADA000091A1B18886880464846406820403400CD
:10ADB00008348146A04551D04046CC68C460A060AC
:10ADC0004846002811D19B185548BA68824200D1E4
:10ADD0007FE0F868D060826001221A434A60CB505D
:10ADE00007E0484640682042EDD062461A434A6078
:10ADF0003B6080229200934214D2DA085809012362
:10AE00008340706803437360D3009B199A68CB60DA
:10AE10008A609960D160280000F0CAF8C0BCB946C9
:10AE2000B046F8BD5C0A042C3DD89C09200039349A
:10AE30003830E40034192268083C0327944203D1D7
:10AE400040E09268944203D05068B8439842F8D8E2
:10AE5000D468CC608A60A160D160DCE7002858D15A
:10AE6000B868D218FB68C3609860634613434B60B0
:10AE70008A50D0E79A186346034206D10B68C91A74
:10AE80008868D218CB68C3609860012313434B6075
:10AE9000244BB1601B689342BDD8234B280019682E
:10AEA000FFF702FFB7E7142C07D9542C1AD81C0B54
:10AEB00020006F346E30E400BCE720005C345B306F
:10AEC000E400B7E701238010834070680343736098
:10AED000BFE7D1609160CA608A6001221A434A606C
:10AEE000CB5098E7AA225200944205D8DC0B2000F0
:10AEF00078347730E4009DE70C4A944205D89C0CE6
:10AF000020007D347C30E40094E7FE247E20A40001
:10AF100090E762461A434A603B607CE738B50220FE
:10AF200040B5022034B502208CC202205405000036
:10AF300030B5032A1AD90B0003439B0711D0551EC5
:10AF4000002303E05A1C9D4213D01300C25CCC5C6A
:10AF5000A242F7D0101B0DE0043A04300431032A5A
:10AF600004D904680B689C42F6D0E8E7551E002A15
:10AF7000E6D1002030BDC046014B18687047C0467E
:10AF800040B9022010B5034B01001868FFF7B4FB6D
:10AF900010BDC04640B9022010B5034B010018682F
:10AFA000FFF7DCFE10BDC04640B902207047C04626
:10AFB0007047C046002370B5064C050008002360AA
:10AFC000F3F73EF8431C00D070BD2368002BFBD084
:10AFD0002B60F9E7FCC3022010B50100002300221A
:10AFE000002000F00FF810BD802310B55B01082889
:10AFF00001D1180010BDFFF7BFFF16230360173BF8
:10B00000F7E7C046F0B5C6461A4C00B52568002DD6
:10B010002AD06C681F2C2ADC002808D10020631C71
:10B020000234A4006B60615180BCB846F0BD882733
:10B03000A600AE19F2510137FF37BC460122AC44DD
:10B040006746A2403F6890461743624617608427D0
:10B050007F00F3510228E1D1280042468D30FF30B5
:10B06000036813430360D9E7034D2560D1E701204E
:10B070004042D9E790C5022000C40220034B10B51E
:10B08000002B02D00248FFF7A7FF10BD0000000010
:10B0900011A60910F8B5C04601B40248844601BCA7
:10B0A000604700BF7DAC022001B40248844601BC69
:10B0B000604700BFBDB3022001B40248844601BC12
:10B0C000604700BFBDB3022001B40248844601BC02
:10B0D000604700BFF1AB022001B40248844601BCC6
:10B0E000604700BF59AB022001B40248844601BC4E
:10B0F000604700BF85B3022001B40248844601BC0A
:08B10000604700BF15AB0220FF
:10B1080024870810B4860810B4860810B48608107E
:10B11800B4860810B4860810B4860810B4860810DF
:10B12800248708102487081024870810248708100B
:10B13800208708102E8D08102487081024870810EF
:10B1480024870810BC8C0810BC8C0810BC8C081014
:10B15800BC8C0810BC8C0810BC8C0810BC8C081067
:10B1680024870810368D0810268D081024870810AB
:10B1780026870810228D081014890810668D08107B
:10B18800608A0810C4890810C4890810C489081086
:10B19800C4890810C4890810C4890810C489081013
:10B1A800608A0810608A0810608A0810608A08108F
:10B1B8005C8A08103E8D0810608A0810608A0810A2
:10B1C800608A0810A48C0810A48C0810A48C08109D
:10B1D800A48C0810A48C0810A48C0810A48C081047
:10B1E800608A08104E8D0810468D0810608A081075
:10B1F800628A08101E8D0810C48B08105A8D08101A
:10B208005553423A2063616E6E6F74206F70656E9D
:10B218002025730A000000004469736320696E7377
:10B2280065727465643A2025732028257520627933
:10B23800746573290A0000002F0000005553423A34
:10B24800202564206469736320696D6167652873CC
:10B25800290A0000424243204D6963726F206F6ED5
:10B26800204E656F363530323A20636F6E666967F7
:10B278007572696E6720445649000000436F726515
:10B288002031207374617274000000005379737464
:10B29800656D20636C6F636B206F66202575206B6E
:10B2A800487A2063616E6E6F7420626520657861EC
:10B2B80063746C7920616368696576656400000071
:10B2C8006672616D653A20256C7520757320666F0E
:10B2D8007220256C75206379636C65730A00000021
:10B2E8004D5343205343534920696E7175697279F0
:10B2F800206661696C65640D000000004D534320B1
:10B30800256C754D4220252E387320252E31367335
:10B318002072657620252E34730D0A004D53432084
:10B3280066696C6573797374656D206D6F756E747D
:10B33800206661696C656420282564290D0A00006F
:10B34800303A00004D5343206D6F756E7465642C60
:10B3580020696E71756972696E670D004E6F207392
:10B3680070696E6C6F636B732061726520617661C2
:10B37800696C61626C65000048617264776172652E
:10B3880020616C61726D20256420616C7265616456
:10B398007920636C61696D65640000000A2A2A2AB5
:10B3A8002050414E4943202A2A2A0A000A00000058
:10B3B800486172642061737365727400666E692BEC
:10B3C80000000000666E69006E616E00666E692D91
:10B3D800000000004F7574206F66206D656D6F72F8
:10B3E8007900000052656C6561736500626F6F7467
:10B3F800325F67656E657269635F303368000000AD
:10B40800312E352E310000006F6C696D65785F6EE6
:10B41800656F363530320000626263005365702014
:10B42800313520323032360055415254207374641D
:10B43800696E000055415254207374646F7574002E
:10B448005541525420737464696E202F20737464BC
:10B458006F757400544D445320667265652071758C
:10B468006575652066756C6C20696E20495251219E
:10B4780000000000544D44532062756666657220D2
:10B48800616C6C6F636174696F6E206661696C656D
:10B49800640000004E6F20444D41206368616E6E69
:10B4A800656C732061726520617661696C61626C9C
:10B4B8006500000050494F203120534D2028256455
:10B4C800202D20342920616C726561647920636CB9
:10B4D80061696D656400000050494F203020534D6C
:10B4E80020256420616C726561647920636C6169F0
:10B4F8006D6564004E6F2070726F6772616D2073A6
:10B508007061636500000000556E68616E646C656B
:10B5180064206275666665722025640A0000000072
:10B528004461746120536571204572726F72200AFC
:10B5380000000000556E68616E646C6564204952B5
:10B548005120307825780A00496E76616C6964204C
:10B5580073706565640A0000657020256420257392
:10B568002077617320616C7265616479206176610E
:10B57800696C61626C65000043616E277420636FBB
:10B588006E74696E75652078666572206F6E2069C5
:10B598006E61637469766520657020256420257363
:10B5A80000000000EB7690455846415420202000CA
:10B5B8004641543332202020000000002A3A3C3E05
:10B5C8007C223F7F000000002B2C3B3D5B5D000090
:10B5D800349B0810929B0810E29B0810069C0810E8
:10B5E800E69B0810029C08100A9C08100E9C081084
:10B5F800149C08103E9C0810629C0810469C081079
:10B608004C9C0810529C0810589C08101E9B08104F
:10B61800AC9D0810F09D08103A9E08103E9E081038
:10B628008E9C08109A9C08108E9C0810CE9C0810BE
:10B63800469D0810FC9C08108C9C0810349D08102E
:10B64800529D0810729D08109C9D08108A9C081035
:10B65800D0A00810E2A00810F0A008104EA1081011
:10B6680092A10810B6A10810F2A1081026A208108D
:10B678003EA2081072A20810D2A00810BEA008109E
:10B688002700490070005900600062001700180088
:10B6980038005800780078005700480047006600D6
:10B6A80067006800400071007200730014007400A5
:10B6B80075001600760077002000FFFFFF00FFFFEF
:10B6C800FFFFFFFFFFFF2800FFFF59006900FFFF92
:10B6D8007900190029003900FFFFFFFFFFFFFFFF76
:10B6E800FFFFFFFFFFFFFFFFFFFFFFFFFFFFFFFF62
:10B6F800FFFFFFFFFFFFFFFFFFFFFFFFFFFFFFFF52
:10B70800FFFFFFFFFFFFFFFFFFFFFFFFFFFFFFFF41
:10B71800FFFFFFFFFFFFFFFFFFFFFFFFFFFFFFFF31
:10B72800FFFFFFFFFFFFFFFFFFFFFFFFFFFFFFFF21
:10B73800FFFFFFFFFFFFFFFFFFFFFFFFFFFFFFFF11
:10B74800FFFFFFFFFFFFFFFFFFFFFFFFFFFFFFFF01
:10B75800FFFFFFFFFFFFFFFFFFFFFFFFFFFFFFFFF1
:10B76800FFFFFFFFFFFFFFFFFFFFFFFFFFFFFFFFE1
:10B77800FFFFFFFFFFFFFFFFFFFFFFFFFFFFFFFFD1
:10B78800FFFFFFFFFFFFFFFFFFFFFFFFFFFFFFFFC1
:10B79800FFFFFFFFFFFFFFFFFFFFFFFFFFFFFFFFB1
:10B7A800FFFFFFFFFFFFFFFFFFFFFFFFFFFFFFFFA1
:10B7B800FFFFFFFFFFFFFFFFFFFFFFFFFFFFFFFF91
:10B7C800FFFFFFFFFFFFFFFFFFFFFFFFFFFFFFFF81
:10B7D800FFFFFFFFFFFFFFFFFFFFFFFFFFFFFFFF71
:10B7E800FFFFFFFFFFFFFFFFFFFFFFFFFFFFFFFF61
:10B7F800FFFF01000000FFFFFFFF010000005000F5
:10B8080030311112133424152600000041645232DD
:10B818002243535425454656655536371033512330
:10B82800356321424461000000010102020304055E
:10B8380006080A0D1014191F00080004000A000564
:10B8480000000000000000000004040404040004D8
:10B8580000000A0A0A0000000000000609081C0887
:10B86800081F00000E15140E05150E000018190209
:10B878000408130300000814140815120D0000042E
:10B888000408000000000000020408080804020080
:10B898000008040202020408000004150E040E1534
:10B8A8000400000004041F0404000000000000005D
:10B8B80000040408000000000E0000000000000062
:10B8C800000000000400000001020408100000004D
:10B8D800040A1111110A040000040C040404040EE3
:10B8E80000000E11010608101F00001F01020601CA
:10B8F800110E000002060A121F020200001F101E8D
:10B908000101110E00000608101E11110E00001F83
:10B9180001020408080800000E11110E11110E0092
:10B92800000E11110F01020C0000000004000000BD
:10B9380004000000000400000404080002040810C9
:10B94800080402000000001F001F00000000080497
:10B95800020102040800000E1102040400040000A1
:10B968000E11171517100E0000040A11111F1111DE
:10B9780000001E11111E11111E00000E11101010D2
:10B98800110E00001E11111111111E00001F1010C0
:10B998001E10101F00001F10101E10101000000EA7
:10B9A80011101013110F00001111111F11111100A6
:10B9B800000E04040404040E000001010101011139
:10B9C8000E0000111214181412110000101010109B
:10B9D80010101F0000111B15151111110000111175
:10B9E800191513111100000E11111111110E00007B
:10B9F8001E11111E10101000000E11111115120D3C
:10BA080000001E11111E14121100000E11100E015B
:10BA1800110E00001F040404040404000011111195
:10BA28001111110E00001111110A0A04040000116D
:10BA380011111515150A000011110A040A11110037
:10BA48000011110A0404040400001F010204081074
:10BA58001F00000004081F08040000001010101048
:10BA680016010204070004021F020400000000047B
:10BA78000E1504040000000A0A1F0A1F0A0A000023
:10BA88000000001F000000000000000E010F110F51
:10BA9800000010101E1111111E000000000F1010E0
:10BAA800100F000001010F1111110F000000000E0E
:10BAB800111F100E00000204040E0404040000000C
:10BAC800000F1111110F010E10101E11111111008C
:10BAD8000004000C0404040E000004000404040420
:10BAE8000404080808090A0C0A0900000C040404E4
:10BAF80004040E000000001A1515151500000000BA
:10BB08001E11111111000000000E1111110E00007C
:10BB180000001E1111111E101000000F1111110F3D
:10BB2800010100000B0C080808000000000F100EAF
:10BB3800011E000004040E040404020000000011A9
:10BB48001111110F0000000011110A0A0400000071
:10BB580000111115150A00000000110A040A11004D
:10BB6800000000111111110F010E00001F0204083E
:10BB78001F00000808080809030507010A0A0A0A3D
:10BB88000A0A0A000018041804190305070100042A
:10BB9800001F00040000001F1F1F1F1F1F1F0000A1
:10BBA800000000FF0000FFFF00FF00FF00FFFFFF95
:10BBB800FF0000FFFF00FFFFFFFF00FFFFFFFFFF89
:10BBC80006000C0014001E00E0E1E2E3E4E5E6E70D
:10BBD80050EE081000EE081000EE081048EE0810AD
:10BBE80000EE081000EE081000EE081000EE081035
:10BBF80000EE081000EE081000EE081040EE0810E5
:10BC080000EE081038EE081000EE081000EE0810DC
:10BC180030EE081070F0081066EE081060F008109A
:10BC280066EE08104AF0081066EE081066EE081076
:10BC380066EE081066EE081066EE081066EE08104C
:10BC480066EE081058EE081066EE081066EE08104A
:10BC580066EE081066EE081066EE081058EE08103A
:10BC68000EF10810BAED0810BAED0810BAED081078
:10BC7800BAED0810BAED0810BAED0810BAED0810C0
:10BC8800BAED0810BAED0810BAED0810BAED0810B0
:10BC9800BAED0810BAED0810BAED0810BAED0810A0
:10BCA800BAED0810BAED0810BAED0810BAED081090
:10BCB800BAED0810BAED0810BAED0810BAED081080
:10BCC800BAED0810BAED0810BAED0810BAED081070
:10BCD800BAED0810BAED0810BAED0810BAED081060
:10BCE80084F00810DCF0081084F00810BAED081091
:10BCF800BAED0810BAED0810BAED0810BAED081040
:10BD0800BAED0810BAED0810BAED0810BAED08102F
:10BD1800BAED0810BAED0810BAED0810BAED08101F
:10BD2800BAED0810BAED0810BAED08101EF30810A5
:10BD3800BAED0810BAED0810BAED0810BAED0810FF
:10BD4800BAED0810BAED0810BAED0810BAED0810EF
:10BD5800BAED08101EF3081020F108101EF30810A1
:10BD680084F00810DCF0081084F0081000000000CF
:10BD7800000000000000F03F000000000000244028
:10BD880000000000000059400000000000408F4003
:10BD9800000000000088C34000000000006AF8406E
:10BDA8000000000080842E4100000000D012634192
:10BDB8000000000084D797410000000065CDCD4108
:10BDC80006005250D3F07542ECB3091006005250E9
:10BDD800E182887FF4B3091006005250BBFF3CB6DD
:10BDE80010B409100D0A00000600525053B4F4A113
:10BDF80048B409100800525092CE39000CBE091000
:10BE080002000000A170A168FCFEFE00FE00000216
:10BE1800FE00000200020204803609108036091074
:10BE2800AC360910CC3609108036091022370910B3
:10BE38003C37091058370910E437091068380910D9
:10BE4800BE380910FC380910E4390910B553091037
:10BE5800E15409109955091009540910C9530910DA
:10BE68005D490910E14A0910F94B09107149091097
:10BE7800414A0910F94409100D450910AD4509104A
:10BE88000146091061450910A006000000000900DC
:10BE9800809A45418E418F804545454949498E8F55
:10BEA8009092924F994F555559999A9B9C9D9E9F58
:10BEB80041494F55A5A5A6A7A8A9AAABACADAEAF59
:10BEC800B0B1B2B3B4B5B6B7B8B9BABBBCBDBEBFF2
:10BED800C0C1C2C3C4C5C6C7C8C9CACBCCCDCECFE2
:10BEE800D0D1D2D3D4D5D6D7D8D9DADBDCDDDEDFD2
:10BEF800E0E1E2E3E4E5E6E7E8E9EAEBECEDEEEFC2
:10BF0800F0F1F2F3F4F5F6F7F8F9FAFBFCFDFEFFB1
:10BF180001030507090E10121416181C1E00000054
:10BF280068A409105AA4091052A409104AA40910B7
:10BF380042A409103AA4091032A409102AA409102D
:10BF480072A409107D1D0100632C001E9601A01E1D
:10BF58005A01001F0806101F0606201F0806301F7A
:10BF68000806401F0606511F0700591F521F5B1F76
:10BF7800541F5D1F561F5F1F601F0806701F0E00AD
:10BF8800BA1FBB1FC81FC91FCA1FCB1FDA1FDB1F61
:10BF9800F81FF91FEA1FEB1FFA1FFB1F801F080677
:10BFA800901F0806A01F0806B01F0400B81FB91F7D
:10BFB800B21FBC1FCC1F0100C31FD01F0206E01F09
:10BFC8000206E51F0100EC1FF31F0100FC1F4E21B4
:10BFD8000100322170211002842101008321D02424
:10BFE8001A05302C2F04602C0201672C0601752CD1
:10BFF8000201802C6401002D260841FF1A0300006D
:10C0080061001A03E0001703F8000703FF000100AE
:10C0180078010001300132010601390110014A019D
:10C028002E017901060180014D0043028101820140
:10C0380082018401840186018701870189018A01BF
:10C048008B018B018D018E018F019001910191016E
:10C0580093019401F60196019701980198013D0218
:10C068009B019C019D0120029F01A001A001A2014A
:10C07800A201A401A401A601A701A701A901AA017F
:10C08800AB01AC01AC01AE01AF01AF01B101B2012E
:10C09800B301B301B501B501B701B801B801BA01DF
:10C0A800BB01BC01BC01BE01F701C001C101C20155
:10C0B800C301C401C501C401C701C801C701CA0140
:10C0C800CB01CA01CD011001DD0101008E01DE01A5
:10C0D8001201F3010300F101F401F401F801280150
:10C0E800220212013A020900652C3B023B023D0282
:10C0F800662C3F0240024102410246020A015302F5
:10C10800400081018601550289018A0158028F0188
:10C118005A0290015C025D025E025F0293016102B5
:10C128006202940164026502660267029701960141
:10C138006A02622C6C026D026E029C01700271022E
:10C148009D01730274029F017602770278027902D8
:10C158007A027B027C02642C7E027F02A6018102A5
:10C168008202A9018402850286028702AE01440286
:10C17800B101B20145028D028E028F029002910236
:10C18800B7017B030300FD03FE03FF03AC030400B8
:10C198008603880389038A03B1031103C2030200DB
:10C1A800A303A303C4030803CC0303008C038E0377
:10C1B8008F03D8031801F2030A00F903F303F40309
:10C1C800F503F603F703F703F903FA03FA03300458
:10C1D800200350041007600422018A043601C104B8
:10C1E8000E01CF040100C004D004440161052604F7
:10C1F80000000000C700FC00E900E200E400E000E5
:10C20800E500E700EA00EB00E800EF00EE00EC00D4
:10C21800C400C500C900E600C600F400F600F2003C
:10C22800FB00F900FF00D600DC00A200A300A50077
:10C23800A7209201E100ED00F300FA00F100D1001F
:10C24800AA00BA00BF001023AC00BD00BC00A100CA
:10C25800AB00BB0091259225932502252425612555
:10C268006225562555256325512557255D255C25CD
:10C278005B251025142534252C251C2500253C2557
:10C288005E255F255A255425692566256025502594
:10C298006C25672568256425652559255825522567
:10C2A80053256B256A2518250C25882584258C257A
:10C2B80090258025B103DF009303C003A303C303C4
:10C2C800B500C403A6039803A903B4031E22C6033A
:10C2D800B50329226122B10065226422202321238B
:10C2E800F7004822B0001922B7001A227F20B200B6
:04C2F800A025A000DD
:10C2FC00C8BD0910D4BD091088820810E0BD091012
:10C30C0094820810A0820810AC820810FCBD0910A1
:04C31C00F0BD091057
:10C32000F0B5DE4657464E464546E0B5002685B098
:10C330001420A3492BF07CF9A24C0B2120002BF0F8
:10C34000AFF920002BF09CF99F4BA04F0393A04B1B
:10C3500002933D00B8469F4BA127A3229A469E49CF
:10C36000BF009200E059EFF3108972B60368002B0A
:10C37000FCD0BFF35F8F635A9C466046A35A1B1ADA
:10C380009B46E05900D509E100D10EE163468446A1
:10C390001800A2239B00E3588200D75832008D4B2F
:10C3A0000130E35A80B283427241534218408A4BB3
:10C3B000E052BFF35F8F63461E6089F3108840BF71
:10C3C000A02189008C46039A2900130062449146FB
:10C3D0000F2294460A780131100918706046024015
:10C3E0005A7002339945F5D103230093C8237B4843
:10C3F0003A0002999B002BF083F89D208000225880
:10C40000EFF3108B72B61368002BFCD0BFF35F8F75
:10C410009F23734A9B00E35AA25A9A1A9146714A83
:10C42000A15A4A46002A00DAA9E0225894468945D2
:10C4300000D1ABE09E229200A258980087503200B3
:10C4400001339BB299427241524213409F229200A3
:10C45000A352BFF35F8F63461E608BF3108840BF0B
:10C46000A120103280002158EFF3108B72B60B68B8
:10C47000002BFCD0BFF35F8F574BE35A9C466146BD
:10C48000A35A5B1A994600D568E0A1239B00E158A6
:10C490004B46002B00D16BE0A22362469B00E35881
:10C4A0009200D3583000994663464A4A0133A25A53
:10C4B0009BB29A42704142421340474AA352BFF393
:10C4C0005F8F0E608BF3108840BF390048463FF005
:10C4D000C7FE9D2189006258EFF3108B72B6136876
:10C4E000002BFCD0BFF35F8F9F233D4A9B00E35A94
:10C4F000A25A9A1A94463B4AA75A6246002A1FDB60
:10C500006058BC4523D09E2284464846920099003C
:10C51000A25801339BB28850BB424DD89F22920053
:10C52000A352BFF35F8F63461E608BF3108840BF3A
:10C530002D4B4135FF359D4200D00CE7474608E7BB
:10C540009D229200A0587A1C6244BA42DBD1BFF30C
:10C550005F8F06608BF3108820BFBCE7A1239B0090
:10C56000E1581C4BE35A01334B44002B00D093E7B6
:10C57000BFF35F8F0E608BF3108820BF73E72258E4
:10C5800094464A1C4A448A4200D053E7BFF35F8F67
:10C5900063461E608BF3108820BF30E75346E35A92
:10C5A00001335B44002B00D0F0E6BFF35F8F0660E1
:10C5B00089F3108820BFD5E69F239B00E652B0E7A1
:10C5C00022560000A4300320DC0300201CAC002015
:10C5D000AC060020920200008E0200008C030020B6
:10C5E0007E020000820200001CD801200000000032
:10C5F000000000000000000000000000000000003B
:10C60000000000000000000000000000000000002A
:10C61000000000000000000000000000000000001A
:10C62000000000000000000000000000000000000A
:10C6300000000000000000000000000000000000FA
:10C6400000000000000000000000000000000000EA
:10C6500000000000000000000000000000000000DA
:10C6600000000000000000000000000000000000CA
:10C6700000000000000000000000000000000000BA
:10C6800000000000000000000000000000000000AA
:10C69000000000000000000000000000000000009A
:10C6A000000000000000000000000000000000008A
:10C6B000000000000000000000000000000000007A
:10C6C000000000000000000000000000000000006A
:10C6D000000000000000000000000000000000005A
:10C6E000000000000000000000000000000000004A
:10C6F000000000000000000000000000000000003A
:10C700000000000000000000000000000000000029
:10C710000000000000000000000000000000000019
:10C720000000000000000000000000000000000009
:10C7300000000000000000000000000000000000F9
:10C7400000000000000000000000000000000000E9
:10C7500000000000000000000000000000000000D9
:10C7600000000000000000000000000000000000C9
:10C7700000000000000000000000000000000000B9
:10C7800000000000000000000000000000000000A9
:10C790000000000000000000000000000000000099
:10C7A0000000000000000000000000000000000089
:10C7B0000000000000000000000000000000000079
:10C7C0000000000000000000000000000000000069
:10C7D0000000000000000000000000000000000059
:10C7E0000000000000000000000000000000000049
:10C7F0000000000000000000000000000000000039
:10C800000000000000000000000000000000000028
:10C810000000000000000000000000000000000018
:10C820000000000000000000000000000000000008
:10C8300000000000000000000000000000000000F8
:10C8400000000000000000000000000000000000E8
:10C8500000000000000000000000000000000000D8
:10C8600000000000000000000000000000000000C8
:10C8700000000000000000000000000000000000B8
:10C8800000000000000000000000000000000000A8
:10C890000000000000000000000000000000000098
:10C8A0000000000000000000000000000000000088
:10C8B0000000000000000000000000000000000078
:10C8C0000000000000000000000000000000000068
:10C8D0000000000000000000000000000000000058
:10C8E0000000000000000000000000000000000048
:10C8F0000000000000000000000000000000000038
:10C900000000000000000000000000000000000027
:10C910000000000000000000000000000000000017
:10C920000000000000000000000000000000000007
:10C9300000000000000000000000000000000000F7
:10C9400000000000000000000000000000000000E7
:10C9500000000000000000000000000000000000D7
:10C9600000000000000000000000000000000000C7
:10C9700000000000000000000000000000000000B7
:10C9800000000000000000000000000000000000A7
:10C990000000000000000000000000000000000097
:10C9A0000000000000000000000000000000000087
:10C9B0000000000000000000000000000000000077
:10C9C0000000000000000000000000000000000067
:10C9D0000000000000000000000000000000000057
:10C9E0000000000000000000000000000000000047
:10C9F0000000000000000000000000000000000037
:10CA00000000000000000000000000000000000026
:10CA10000000000000000000000000000000000016
:10CA20000000000000000000000000000000000006
:10CA300000000000000000000000000000000000F6
:10CA400000000000000000000000000000000000E6
:10CA500000000000000000000000000000000000D6
:10CA600000000000000000000000000000000000C6
:10CA700000000000000000000000000000000000B6
:10CA800000000000000000000000000000000000A6
:10CA90000000000000000000000000000000000096
:10CAA0000000000000000000000000000000000086
:10CAB0000000000000000000000000000000000076
:10CAC0000000000000000000000000000000000066
:10CAD0000000000000000000000000000000000056
:10CAE0000000000000000000000000000000000046
:10CAF0000000000000000000000000000000000036
:10CB00000000000000000000000000000000000025
:10CB10000000000000000000000000000000000015
:10CB20000000000000000000000000000000000005
:10CB300000000000000000000000000000000000F5
:10CB400000000000000000000000000000000000E5
:10CB500000000000000000000000000000000000D5
:10CB600000000000000000000000000000000000C5
:10CB700000000000000000000000000000000000B5
:10CB800000000000000000000000000000000000A5
:10CB90000000000000000000000000000000000095
:10CBA0000000000000000000000000000000000085
:10CBB0000000000000000000000000000000000075
:10CBC0000000000000000000000000000000000065
:10CBD0000000000000000000000000000000000055
:10CBE0000000000000000000000000000000000045
:10CBF0000000000000000000000000000000000035
:10CC00000000000000000000000000000000000024
:10CC10000000000000000000000000000000000014
:10CC20000000000000000000000000000000000004
:10CC300000000000000000000000000000000000F4
:10CC400000000000000000000000000000000000E4
:10CC500000000000000000000000000000000000D4
:10CC600000000000000000000000000000000000C4
:10CC700000000000000000000000000000000000B4
:10CC800000000000000000000000000000000000A4
:10CC90000000000000000000000000000000000094
:10CCA0000000000000000000000000000000000084
:10CCB0000000000000000000000000000000000074
:10CCC0000000000000000000000000000000000064
:10CCD0000000000000000000000000000000000054
:10CCE0000000000000000000000000000000000044
:10CCF0000000000000000000000000000000000034
:10CD00000000000000000000000000000000000023
:10CD10000000000000000000000000000000000013
:10CD20000000000000000000000000000000000003
:10CD300000000000000000000000000000000000F3
:10CD400000000000000000000000000000000000E3
:10CD500000000000000000000000000000000000D3
:10CD600000000000000000000000000000000000C3
:10CD700000000000000000000000000000000000B3
:10CD800000000000000000000000000000000000A3
:10CD90000000000000000000000000000000000093
:10CDA0000000000000000000000000000000000083
:10CDB0000000000000000000000000000000000073
:10CDC0000000000000000000000000000000000063
:10CDD0000000000000000000000000000000000053
:10CDE0000000000000000000000000000000000043
:10CDF0000000000000000000000000000000000033
:10CE00000000000000000000000000000000000022
:10CE10000000000000000000000000000000000012
:10CE20000000000000000000000000000000000002
:10CE300000000000000000000000000000000000F2
:10CE400000000000000000000000000000000000E2
:10CE500000000000000000000000000000000000D2
:10CE600000000000000000000000000000000000C2
:10CE700000000000000000000000000000000000B2
:10CE800000000000000000000000000000000000A2
:10CE90000000000000000000000000000000000092
:10CEA0000000000000000000000000000000000082
:10CEB0000000000000000000000000000000000072
:10CEC0000000000000000000000000000000000062
:10CED0000000000000000000000000000000000052
:10CEE0000000000000000000000000000000000042
:10CEF0000000000000000000000000000000000032
:10CF00000000000000000000000000000000000021
:10CF10000000000000000000000000000000000011
:10CF20000000000000000000000000000000000001
:10CF300000000000000000000000000000000000F1
:10CF400000000000000000000000000000000000E1
:10CF500000000000000000000000000000000000D1
:10CF600000000000000000000000000000000000C1
:10CF700000000000000000000000000000000000B1
:10CF800000000000000000000000000000000000A1
:10CF90000000000000000000000000000000000091
:10CFA0000000000000000000000000000000000081
:10CFB0000000000000000000000000000000000071
:10CFC0000000000000000000000000000000000061
:10CFD0000000000000000000000000000000000051
:10CFE0000000000000000000000000000000000041
:10CFF0000000000000000000000000000000000031
:10D000000000000000000000000000000000000020
:10D010000000000000000000000000000000000010
:10D020000000000000000000000000000000000000
:10D0300000000000000000000000000000000000F0
:10D0400000000000000000000000000000000000E0
:10D0500000000000000000000000000000000000D0
:10D0600000000000000000000000000000000000C0
:10D0700000000000000000000000000000000000B0
:10D0800000000000000000000000000000000000A0
:10D090000000000000000000000000000000000090
:10D0A0000000000000000000000000000000000080
:10D0B0000000000000000000000000000000000070
:10D0C0000000000000000000000000000000000060
:10D0D0000000000000000000000000000000000050
:10D0E0000000000000000000000000000000000040
:10D0F0000000000000000000000000000000000030
:10D10000000000000000000000000000000000001F
:10D11000000000000000000000000000000000000F
:10D1200000000000000000000000000000000000FF
:10D1300000000000000000000000000000000000EF
:10D1400000000000000000000000000000000000DF
:10D1500000000000000000000000000000000000CF
:10D1600000000000000000000000000000000000BF
:10D1700000000000000000000000000000000000AF
:10D18000000000000000000000000000000000009F
:10D19000000000000000000000000000000000008F
:10D1A000000000000000000000000000000000007F
:10D1B000000000000000000000000000000000006F
:10D1C000000000000000000000000000000000005F
:10D1D000000000000000000000000000000000004F
:10D1E000000000000000000000000000000000003F
:10D1F000000000000000000000000000000000002F
:10D20000000000000000000000000000000000001E
:10D21000000000000000000000000000000000000E
:10D2200000000000000000000000000000000000FE
:10D2300000000000000000000000000000000000EE
:10D2400000000000000000000000000000000000DE
:10D2500000000000000000000000000000000000CE
:10D2600000000000000000000000000000000000BE
:10D2700000000000000000000000000000000000AE
:10D28000000000000000000000000000000000009E
:10D29000000000000000000000000000000000008E
:10D2A000000000000000000000000000000000007E
:10D2B000000000000000000000000000000000006E
:10D2C000000000000000000000000000000000005E
:10D2D000000000000000000000000000000000004E
:10D2E000000000000000000000000000000000003E
:10D2F000000000000000000000000000000000002E
:10D30000000000000000000000000000000000001D
:10D31000000000000000000000000000000000000D
:10D3200000000000000000000000000000000000FD
:10D3300000000000000000000000000000000000ED
:10D3400000000000000000000000000000000000DD
:10D3500000000000000000000000000000000000CD
:10D3600000000000000000000000000000000000BD
:10D3700000000000000000000000000000000000AD
:10D38000000000000000000000000000000000009D
:10D39000000000000000000000000000000000008D
:10D3A000000000000000000000000000000000007D
:10D3B000000000000000000000000000000000006D
:10D3C000000000000000000000000000000000005D
:10D3D000000000000000000000000000000000004D
:10D3E000000000000000000000000000000000003D
:10D3F000000000000000000000000000000000002D
:10D40000000000000000000000000000000000001C
:10D41000000000000000000000000000000000000C
:10D4200000000000000000000000000000000000FC
:10D4300000000000000000000000000000000000EC
:10D4400000000000000000000000000000000000DC
:10D4500000000000000000000000000000000000CC
:10D4600000000000000000000000000000000000BC
:10D4700000000000000000000000000000000000AC
:10D48000000000000000000000000000000000009C
:10D49000000000000000000000000000000000008C
:10D4A000000000000000000000000000000000007C
:10D4B000000000000000000000000000000000006C
:10D4C000000000000000000000000000000000005C
:10D4D000000000000000000000000000000000004C
:10D4E000000000000000000000000000000000003C
:10D4F000000000000000000000000000000000002C
:10D50000000000000000000000000000000000001B
:10D51000000000000000000000000000000000000B
:10D5200000000000000000000000000000000000FB
:10D5300000000000000000000000000000000000EB
:10D5400000000000000000000000000000000000DB
:10D5500000000000000000000000000000000000CB
:10D5600000000000000000000000000000000000BB
:10D5700000000000000000000000000000000000AB
:10D58000000000000000000000000000000000009B
:10D59000000000000000000000000000000000008B
:10D5A000000000000000000000000000000000007B
:10D5B000000000000000000000000000000000006B
:10D5C000000000000000000000000000000000005B
:10D5D000000000000000000000000000000000004B
:10D5E000000000000000000000000000000000003B
:10D5F000000000000000000000000000000000002B
:10D60000000000000000000000000000000000001A
:10D61000000000000000000000000000000000000A
:10D6200000000000000000000000000000000000FA
:10D6300000000000000000000000000000000000EA
:10D6400000000000000000000000000000000000DA
:10D6500000000000000000000000000000000000CA
:10D6600000000000000000000000000000000000BA
:10D6700000000000000000000000000000000000AA
:10D68000000000000000000000000000000000009A
:10D69000000000000000000000000000000000008A
:10D6A000000000000000000000000000000000007A
:10D6B000000000000000000000000000000000006A
:10D6C000000000000000000000000000000000005A
:10D6D000000000000000000000000000000000004A
:10D6E000000000000000000000000000000000003A
:10D6F000000000000000000000000000000000002A
:10D700000000000000000000000000000000000019
:10D710000000000000000000000000000000000009
:10D7200000000000000000000000000000000000F9
:10D7300000000000000000000000000000000000E9
:10D7400000000000000000000000000000000000D9
:10D7500000000000000000000000000000000000C9
:10D7600000000000000000000000000000000000B9
:10D7700000000000000000000000000000000000A9
:10D780000000000000000000000000000000000099
:10D790000000000000000000000000000000000089
:10D7A0000000000000000000000000000000000079
:10D7B0000000000000000000000000000000000069
:10D7C0000000000000000000000000000000000059
:10D7D0000000000000000000000000000000000049
:10D7E0000000000000000000000000000000000039
:10D7F0000000000000000000000000000000000029
:10D800000000000000000000000000000000000018
:10D810000000000000000000000000000000000008
:10D8200000000000000000000000000000000000F8
:10D8300000000000000000000000000000000000E8
:10D8400000000000000000000000000000000000D8
:10D8500000000000000000000000000000000000C8
:10D8600000000000000000000000000000000000B8
:10D8700000000000000000000000000000000000A8
:10D880000000000000000000000000000000000098
:10D890000000000000000000000000000000000088
:10D8A0000000000000000000000000000000000078
:10D8B0000000000000000000000000000000000068
:10D8C0000000000000000000000000000000000058
:10D8D0000000000000000000000000000000000048
:10D8E0000000000000000000000000000000000038
:10D8F0000000000000000000000000000000000028
:10D900000000000000000000000000000000000017
:10D910000000000000000000000000000000000007
:10D9200000000000000000000000000000000000F7
:10D9300000000000000000000000000000000000E7
:10D9400000000000000000000000000000000000D7
:10D9500000000000000000000000000000000000C7
:10D9600000000000000000000000000000000000B7
:10D9700000000000000000000000000000000000A7
:10D980000000000000000000000000000000000097
:10D990000000000000000000000000000000000087
:10D9A0000000000000000000000000000000000077
:10D9B0000000000000000000000000000000000067
:10D9C0000000000000000000000000000000000057
:10D9D0000000000000000000000000000000000047
:10D9E0000000000000000000000000000000000037
:10D9F0000000000000000000000000000000000027
:10DA00000000000000000000000000000000000016
:10DA10000000000000000000000000000000000006
:10DA200000000000000000000000000000000000F6
:10DA300000000000000000000000000000000000E6
:10DA400000000000000000000000000000000000D6
:10DA500000000000000000000000000000000000C6
:10DA600000000000000000000000000000000000B6
:10DA700000000000000000000000000000000000A6
:10DA80000000000000000000000000000000000096
:10DA90000000000000000000000000000000000086
:10DAA0000000000000000000000000000000000076
:10DAB0000000000000000000000000000000000066
:10DAC0000000000000000000000000000000000056
:10DAD0000000000000000000000000000000000046
:10DAE0000000000000000000000000000000000036
:10DAF0000000000000000000000000000000000026
:10DB00000000000000000000000000000000000015
:10DB10000000000000000000000000000000000005
:10DB200000000000000000000000000000000000F5
:10DB300000000000000000000000000000000000E5
:10DB400000000000000000000000000000000000D5
:10DB500000000000000000000000000000000000C5
:10DB600000000000000000000000000000000000B5
:10DB700000000000000000000000000000000000A5
:10DB80000000000000000000000000000000000095
:10DB90000000000000000000000000000000000085
:10DBA0000000000000000000000000000000000075
:10DBB0000000000000000000000000000000000065
:10DBC0000000000000000000000000000000000055
:10DBD0000000000000000000000000000000000045
:10DBE0000000000000000000000000000000000035
:10DBF0000000000000000000000000000000000025
:10DC00000000000000000000000000000000000014
:10DC10000000000000000000000000000000000004
:10DC200000000000000000000000000000000000F4
:10DC300000000000000000000000000000000000E4
:10DC400000000000000000000000000000000000D4
:10DC500000000000000000000000000000000000C4
:10DC600000000000000000000000000000000000B4
:10DC700000000000000000000000000000000000A4
:10DC80000000000000000000000000000000000094
:10DC90000000000000000000000000000000000084
:10DCA0000000000000000000000000000000000074
:10DCB0000000000000000000000000000000000064
:10DCC0000000000000000000000000000000000054
:10DCD0000000000000000000000000000000000044
:10DCE0000000000000000000000000000000000034
:10DCF0000000000000000000000000000000000024
:10DD00000000000000000000000000000000000013
:10DD10000000000000000000000000000000000003
:10DD200000000000000000000000000000000000F3
:10DD300000000000000000000000000000000000E3
:10DD400000000000000000000000000000000000D3
:10DD500000000000000000000000000000000000C3
:10DD600000000000000000000000000000000000B3
:10DD700000000000000000000000000000000000A3
:10DD80000000000000000000000000000000000093
:10DD90000000000000000000000000000000000083
:10DDA0000000000000000000000000000000000073
:10DDB0000000000000000000000000000000000063
:10DDC0000000000000000000000000000000000053
:10DDD0000000000000000000000000000000000043
:10DDE0000000000000000000000000000000000033
:10DDF0000000000000000000000000000000000023
:10DE00000000000000000000000000000000000012
:10DE10000000000000000000000000000000000002
:10DE200000000000000000000000000000000000F2
:10DE300000000000000000000000000000000000E2
:10DE400000000000000000000000000000000000D2
:10DE500000000000000000000000000000000000C2
:10DE600000000000000000000000000000000000B2
:10DE700000000000000000000000000000000000A2
:10DE80000000000000000000000000000000000092
:10DE90000000000000000000000000000000000082
:10DEA0000000000000000000000000000000000072
:10DEB0000000000000000000000000000000000062
:10DEC0000000000000000000000000000000000052
:10DED0000000000000000000000000000000000042
:10DEE0000000000000000000000000000000000032
:10DEF0000000000000000000000000000000000022
:10DF00000000000000000000000000000000000011
:10DF10000000000000000000000000000000000001
:10DF200000000000000000000000000000000000F1
:10DF300000000000000000000000000000000000E1
:10DF400000000000000000000000000000000000D1
:10DF500000000000000000000000000000000000C1
:10DF600000000000000000000000000000000000B1
:10DF700000000000000000000000000000000000A1
:10DF80000000000000000000000000000000000091
:10DF90000000000000000000000000000000000081
:10DFA0000000000000000000000000000000000071
:10DFB0000000000000000000000000000000000061
:10DFC0000000000000000000000000000000000051
:10DFD0000000000000000000000000000000000041
:10DFE0000000000000000000000000000000000031
:10DFF0000000000000000000000000000000000021
:10E000000000000000000000000000000000000010
:10E010000000000000000000000000000000000000
:10E0200000000000000000000000000000000000F0
:10E0300000000000000000000000000000000000E0
:10E0400000000000000000000000000000000000D0
:10E0500000000000000000000000000000000000C0
:10E0600000000000000000000000000000000000B0
:10E0700000000000000000000000000000000000A0
:10E080000000000000000000000000000000000090
:10E090000000000000000000000000000000000080
:10E0A0000000000000000000000000000000000070
:10E0B0000000000000000000000000000000000060
:10E0C0000000000000000000000000000000000050
:10E0D0000000000000000000000000000000000040
:10E0E0000000000000000000000000000000000030
:10E0F0000000000000000000000000000000000020
:10E10000000000000000000000000000000000000F
:10E1100000000000000000000000000000000000FF
:10E1200000000000000000000000000000000000EF
:10E1300000000000000000000000000000000000DF
:10E1400000000000000000000000000000000000CF
:10E1500000000000000000000000000000000000BF
:10E1600000000000000000000000000000000000AF
:10E17000000000000000000000000000000000009F
:10E18000000000000000000000000000000000008F
:10E19000000000000000000000000000000000007F
:10E1A000000000000000000000000000000000006F
:10E1B000000000000000000000000000000000005F
:10E1C000000000000000000000000000000000004F
:10E1D000000000000000000000000000000000003F
:10E1E000000000000000000000000000000000002F
:10E1F000000000000000000000000000000000001F
:10E20000000000000000000000000000000000000E
:10E2100000000000000000000000000000000000FE
:10E2200000000000000000000000000000000000EE
:10E2300000000000000000000000000000000000DE
:10E2400000000000000000000000000000000000CE
:10E2500000000000000000000000000000000000BE
:10E2600000000000000000000000000000000000AE
:10E27000000000000000000000000000000000009E
:10E28000000000000000000000000000000000008E
:10E29000000000000000000000000000000000007E
:10E2A000000000000000000000000000000000006E
:10E2B000000000000000000000000000000000005E
:10E2C000000000000000000000000000000000004E
:10E2D000000000000000000000000000000000003E
:10E2E000000000000000000000000000000000002E
:10E2F000000000000000000000000000000000001E
:10E30000000000000000000000000000000000000D
:10E3100000000000000000000000000000000000FD
:10E3200000000000000000000000000000000000ED
:10E3300000000000000000000000000000000000DD
:10E3400000000000000000000000000000000000CD
:10E3500000000000000000000000000000000000BD
:10E3600000000000000000000000000000000000AD
:10E37000000000000000000000000000000000009D
:10E38000000000000000000000000000000000008D
:10E39000000000000000000000000000000000007D
:10E3A000000000000000000000000000000000006D
:10E3B000000000000000000000000000000000005D
:10E3C000000000000000000000000000000000004D
:10E3D000000000000000000000000000000000003D
:10E3E000000000000000000000000000000000002D
:10E3F000000000000000000000000000000000001D
:10E40000000000000000000000000000000000000C
:10E4100000000000000000000000000000000000FC
:10E4200000000000000000000000000000000000EC
:10E4300000000000000000000000000000000000DC
:10E4400000000000000000000000000000000000CC
:10E4500000000000000000000000000000000000BC
:10E4600000000000000000000000000000000000AC
:10E47000000000000000000000000000000000009C
:10E48000000000000000000000000000000000008C
:10E49000000000000000000000000000000000007C
:10E4A000000000000000000000000000000000006C
:10E4B000000000000000000000000000000000005C
:10E4C000000000000000000000000000000000004C
:10E4D000000000000000000000000000000000003C
:10E4E000000000000000000000000000000000002C
:10E4F000000000000000000000000000000000001C
:10E50000000000000000000000000000000000000B
:10E5100000000000000000000000000000000000FB
:10E5200000000000000000000000000000000000EB
:10E5300000000000000000000000000000000000DB
:10E5400000000000000000000000000000000000CB
:10E5500000000000000000000000000000000000BB
:10E5600000000000000000000000000000000000AB
:10E57000000000000000000000000000000000009B
:10E58000000000000000000000000000000000008B
:10E59000000000000000000000000000000000007B
:10E5A000000000000000000000000000000000006B
:10E5B000000000000000000000000000000000005B
:10E5C000000000000000000000000000000000004B
:10E5D000000000000000000000000000000000003B
:10E5E000000000000000000000000000000000002B
:10E5F000000000000000000000000000000000001B
:10E60000000000000000000000000000000000000A
:10E6100000000000000000000000000000000000FA
:10E6200000000000000000000000000000000000EA
:10E6300000000000000000000000000000000000DA
:10E6400000000000000000000000000000000000CA
:10E6500000000000000000000000000000000000BA
:10E6600000000000000000000000000000000000AA
:10E67000000000000000000000000000000000009A
:10E68000000000000000000000000000000000008A
:10E69000000000000000000000000000000000007A
:10E6A000000000000000000000000000000000006A
:10E6B000000000000000000000000000000000005A
:10E6C000000000000000000000000000000000004A
:10E6D000000000000000000000000000000000003A
:10E6E000000000000000000000000000000000002A
:10E6F000000000000000000000000000000000001A
:10E700000000000000000000000000000000000009
:10E7100000000000000000000000000000000000F9
:10E7200000000000000000000000000000000000E9
:10E7300000000000000000000000000000000000D9
:10E7400000000000000000000000000000000000C9
:10E7500000000000000000000000000000000000B9
:10E7600000000000000000000000000000000000A9
:10E770000000000000000000000000000000000099
:10E780000000000000000000000000000000000089
:10E790000000000000000000000000000000000079
:10E7A0000000000000000000000000000000000069
:10E7B0000000000000000000000000000000000059
:10E7C0000000000000000000000000000000000049
:10E7D0000000000000000000000000000000000039
:10E7E0000000000000000000000000000000000029
:10E7F0000000000000000000000000000000000019
:10E800000000000000000000000000000000000008
:10E8100000000000000000000000000000000000F8
:10E8200000000000000000000000000000000000E8
:10E8300000000000000000000000000000000000D8
:10E8400000000000000000000000000000000000C8
:10E8500000000000000000000000000000000000B8
:10E8600000000000000000000000000000000000A8
:10E870000000000000000000000000000000000098
:10E880000000000000000000000000000000000088
:10E890000000000000000000000000000000000078
:10E8A0000000000000000000000000000000000068
:10E8B0000000000000000000000000000000000058
:10E8C0000000000000000000000000000000000048
:10E8D0000000000000000000000000000000000038
:10E8E0000000000000000000000000000000000028
:10E8F0000000000000000000000000000000000018
:10E900000000000000000000000000000000000007
:10E9100000000000000000000000000000000000F7
:10E9200000000000000000000000000000000000E7
:10E9300000000000000000000000000000000000D7
:10E9400000000000000000000000000000000000C7
:10E9500000000000000000000000000000000000B7
:10E9600000000000000000000000000000000000A7
:10E970000000000000000000000000000000000097
:10E980000000000000000000000000000000000087
:10E990000000000000000000000000000000000077
:10E9A0000000000000000000000000000000000067
:10E9B0000000000000000000000000000000000057
:10E9C0000000000000000000000000000000000047
:10E9D0000000000000000000000000000000000037
:10E9E0000000000000000000000000000000000027
:10E9F0000000000000000000000000000000000017
:10EA00000000000000000000000000000000000006
:10EA100000000000000000000000000000000000F6
:10EA200000000000000000000000000000000000E6
:10EA300000000000000000000000000000000000D6
:10EA400000000000000000000000000000000000C6
:10EA500000000000000000000000000000000000B6
:10EA600000000000000000000000000000000000A6
:10EA70000000000000000000000000000000000096
:10EA80000000000000000000000000000000000086
:10EA90000000000000000000000000000000000076
:10EAA0000000000000000000000000000000000066
:10EAB0000000000000000000000000000000000056
:10EAC0000000000000000000000000000000000046
:10EAD0000000000000000000000000000000000036
:10EAE0000000000000000000000000000000000026
:10EAF0000000000000000000000000000000000016
:10EB00000000000000000000000000000000000005
:10EB100000000000000000000000000000000000F5
:10EB200000000000000000000000000000000000E5
:10EB300000000000000000000000000000000000D5
:10EB400000000000000000000000000000000000C5
:10EB500000000000000000000000000000000000B5
:10EB600000000000000000000000000000000000A5
:10EB70000000000000000000000000000000000095
:10EB80000000000000000000000000000000000085
:10EB90000000000000000000000000000000000075
:10EBA0000000000000000000000000000000000065
:10EBB0000000000000000000000000000000000055
:10EBC0000000000000000000000000000000000045
:10EBD0000000000000000000000000000000000035
:10EBE0000000000000000000000000000000000025
:10EBF0000000000000000000000000000000000015
:10EC00000000000000000000000000000000000004
:10EC100000000000000000000000000000000000F4
:10EC200000000000000000000000000000000000E4
:10EC300000000000000000000000000000000000D4
:10EC400000000000000000000000000000000000C4
:10EC500000000000000000000000000000000000B4
:10EC600000000000000000000000000000000000A4
:10EC70000000000000000000000000000000000094
:10EC80000000000000000000000000000000000084
:10EC90000000000000000000000000000000000074
:10ECA0000000000000000000000000000000000064
:10ECB0000000000000000000000000000000000054
:10ECC0000000000000000000000000000000000044
:10ECD0000000000000000000000000000000000034
:10ECE0000000000000000000000000000000000024
:10ECF0000000000000000000000000000000000014
:10ED00000000000000000000000000000000000003
:10ED100000000000000000000000000000000000F3
:10ED200000000000000000000000000000000000E3
:10ED300000000000000000000000000000000000D3
:10ED400000000000000000000000000000000000C3
:10ED500000000000000000000000000000000000B3
:10ED600000000000000000000000000000000000A3
:10ED70000000000000000000000000000000000093
:10ED80000000000000000000000000000000000083
:10ED90000000000000000000000000000000000073
:10EDA0000000000000000000000000000000000063
:10EDB0000000000000000000000000000000000053
:10EDC0000000000000000000000000000000000043
:10EDD0000000000000000000000000000000000033
:10EDE0000000000000000000000000000000000023
:10EDF0000000000000000000000000000000000013
:10EE00000000000000000000000000000000000002
:10EE100000000000000000000000000000000000F2
:10EE200000000000000000000000000000000000E2
:10EE300000000000000000000000000000000000D2
:10EE400000000000000000000000000000000000C2
:10EE500000000000000000000000000000000000B2
:10EE600000000000000000000000000000000000A2
:10EE70000000000000000000000000000000000092
:10EE80000000000000000000000000000000000082
:10EE90000000000000000000000000000000000072
:10EEA0000000000000000000000000000000000062
:10EEB0000000000000000000000000000000000052
:10EEC0000000000000000000000000000000000042
:10EED0000000000000000000000000000000000032
:10EEE0000000000000000000000000000000000022
:10EEF0000000000000000000000000000000000012
:10EF00000000000000000000000000000000000001
:10EF100000000000000000000000000000000000F1
:10EF200000000000000000000000000000000000E1
:10EF300000000000000000000000000000000000D1
:10EF400000000000000000000000000000000000C1
:10EF500000000000000000000000000000000000B1
:10EF600000000000000000000000000000000000A1
:10EF70000000000000000000000000000000000091
:10EF80000000000000000000000000000000000081
:10EF90000000000000000000000000000000000071
:10EFA0000000000000000000000000000000000061
:10EFB0000000000000000000000000000000000051
:10EFC0000000000000000000000000000000000041
:10EFD0000000000000000000000000000000000031
:10EFE0000000000000000000000000000000000021
:10EFF0000000000000000000000000000000000011
:10F000000000000000000000000000000000000000
:10F0100000000000000000000000000000000000F0
:10F0200000000000000000000000000000000000E0
:10F0300000000000000000000000000000000000D0
:10F0400000000000000000000000000000000000C0
:10F0500000000000000000000000000000000000B0
:10F0600000000000000000000000000000000000A0
:10F070000000000000000000000000000000000090
:10F080000000000000000000000000000000000080
:10F090000000000000000000000000000000000070
:10F0A0000000000000000000000000000000000060
:10F0B0000000000000000000000000000000000050
:10F0C0000000000000000000000000000000000040
:10F0D0000000000000000000000000000000000030
:10F0E0000000000000000000000000000000000020
:10F0F0000000000000000000000000000000000010
:10F1000000000000000000000000000000000000FF
:10F1100000000000000000000000000000000000EF
:10F1200000000000000000000000000000000000DF
:10F1300000000000000000000000000000000000CF
:10F1400000000000000000000000000000000000BF
:10F1500000000000000000000000000000000000AF
:10F16000000000000000000000000000000000009F
:10F17000000000000000000000000000000000008F
:10F18000000000000000000000000000000000007F
:10F19000000000000000000000000000000000006F
:10F1A000000000000000000000000000000000005F
:10F1B000000000000000000000000000000000004F
:10F1C000000000000000000000000000000000003F
:10F1D000000000000000000000000000000000002F
:10F1E000000000000000000000000000000000001F
:10F1F000000000000000000000000000000000000F
:10F2000000000000000000000000000000000000FE
:10F2100000000000000000000000000000000000EE
:10F2200000000000000000000000000000000000DE
:10F2300000000000000000000000000000000000CE
:10F2400000000000000000000000000000000000BE
:10F2500000000000000000000000000000000000AE
:10F26000000000000000000000000000000000009E
:10F27000000000000000000000000000000000008E
:10F28000000000000000000000000000000000007E
:10F29000000000000000000000000000000000006E
:10F2A000000000000000000000000000000000005E
:10F2B000000000000000000000000000000000004E
:10F2C000000000000000000000000000000000003E
:10F2D000000000000000000000000000000000002E
:10F2E000000000000000000000000000000000001E
:10F2F000000000000000000000000000000000000E
:10F3000000000000000000000000000000000000FD
:10F3100000000000000000000000000000000000ED
:10F3200000000000000000000000000000000000DD
:10F3300000000000000000000000000000000000CD
:10F3400000000000000000000000000000000000BD
:10F3500000000000000000000000000000000000AD
:10F36000000000000000000000000000000000009D
:10F37000000000000000000000000000000000008D
:10F38000000000000000000000000000000000007D
:10F39000000000000000000000000000000000006D
:10F3A000000000000000000000000000000000005D
:10F3B000000000000000000000000000000000004D
:10F3C000000000000000000000000000000000003D
:10F3D000000000000000000000000000000000002D
:10F3E000000000000000000000000000000000001D
:10F3F000000000000000000000000000000000000D
:10F4000000000000000000000000000000000000FC
:10F4100000000000000000000000000000000000EC
:10F4200000000000000000000000000000000000DC
:10F4300000000000000000000000000000000000CC
:10F4400000000000000000000000000000000000BC
:10F4500000000000000000000000000000000000AC
:10F46000000000000000000000000000000000009C
:10F47000000000000000000000000000000000008C
:10F48000000000000000000000000000000000007C
:10F49000000000000000000000000000000000006C
:10F4A000000000000000000000000000000000005C
:10F4B000000000000000000000000000000000004C
:10F4C000000000000000000000000000000000003C
:10F4D000000000000000000000000000000000002C
:10F4E000000000000000000000000000000000001C
:10F4F000000000000000000000000000000000000C
:10F5000000000000000000000000000000000000FB
:10F5100000000000000000000000000000000000EB
:10F5200000000000000000000000000000000000DB
:10F5300000000000000000000000000000000000CB
:10F5400000000000000000000000000000000000BB
:10F5500000000000000000000000000000000000AB
:10F56000000000000000000000000000000000009B
:10F57000000000000000000000000000000000008B
:10F58000000000000000000000000000000000007B
:10F59000000000000000000000000000000000006B
:10F5A000000000000000000000000000000000005B
:10F5B000000000000000000000000000000000004B
:10F5C000000000000000000000000000000000003B
:10F5D000000000000000000000000000000000002B
:10F5E000000000000000000000000000000000001B
:10F5F000000000000000000000000000000000000B
:10F6000000000000000000000000000000000000FA
:10F6100000000000000000000000000000000000EA
:10F6200000000000000000000000000000000000DA
:10F6300000000000000000000000000000000000CA
:10F6400000000000000000000000000000000000BA
:10F6500000000000000000000000000000000000AA
:10F66000000000000000000000000000000000009A
:10F67000000000000000000000000000000000008A
:10F68000000000000000000000000000000000007A
:10F69000000000000000000000000000000000006A
:10F6A000000000000000000000000000000000005A
:10F6B000000000000000000000000000000000004A
:10F6C000000000000000000000000000000000003A
:10F6D000000000000000000000000000000000002A
:10F6E000000000000000000000000000000000001A
:10F6F000000000000000000000000000000000000A
:10F7000000000000000000000000000000000000F9
:10F7100000000000000000000000000000000000E9
:10F7200000000000000000000000000000000000D9
:10F7300000000000000000000000000000000000C9
:10F7400000000000000000000000000000000000B9
:10F7500000000000000000000000000000000000A9
:10F760000000000000000000000000000000000099
:10F770000000000000000000000000000000000089
:10F780000000000000000000000000000000000079
:10F790000000000000000000000000000000000069
:10F7A0000000000000000000000000000000000059
:10F7B0000000000000000000000000000000000049
:10F7C0000000000000000000000000000000000039
:10F7D0000000000000000000000000000000000029
:10F7E0000000000000000000000000000000000019
:10F7F0000000000000000000000000000000000009
:10F8000000000000000000000000000000000000F8
:10F8100000000000000000000000000000000000E8
:10F8200000000000000000000000000000000000D8
:10F8300000000000000000000000000000000000C8
:10F8400000000000000000000000000000000000B8
:10F8500000000000000000000000000000000000A8
:10F860000000000000000000000000000000000098
:10F870000000000000000000000000000000000088
:10F880000000000000000000000000000000000078
:10F890000000000000000000000000000000000068
:10F8A0000000000000000000000000000000000058
:10F8B0000000000000000000000000000000000048
:10F8C0000000000000000000000000000000000038
:10F8D0000000000000000000000000000000000028
:10F8E0000000000000000000000000000000000018
:10F8F0000000000000000000000000000000000008
:10F9000000000000000000000000000000000000F7
:10F9100000000000000000000000000000000000E7
:10F9200000000000000000000000000000000000D7
:10F9300000000000000000000000000000000000C7
:10F9400000000000000000000000000000000000B7
:10F9500000000000000000000000000000000000A7
:10F960000000000000000000000000000000000097
:10F970000000000000000000000000000000000087
:10F980000000000000000000000000000000000077
:10F990000000000000000000000000000000000067
:10F9A0000000000000000000000000000000000057
:10F9B0000000000000000000000000000000000047
:10F9C0000000000000000000000000000000000037
:10F9D0000000000000000000000000000000000027
:10F9E0000000000000000000000000000000000017
:10F9F0000000000000000000000000000000000007
:10FA000000000000000000000000000000000000F6
:10FA100000000000000000000000000000000000E6
:10FA200000000000000000000000000000000000D6
:10FA300000000000000000000000000000000000C6
:10FA400000000000000000000000000000000000B6
:10FA500000000000000000000000000000000000A6
:10FA60000000000000000000000000000000000096
:10FA70000000000000000000000000000000000086
:10FA80000000000000000000000000000000000076
:10FA90000000000000000000000000000000000066
:10FAA0000000000000000000000000000000000056
:10FAB0000000000000000000000000000000000046
:10FAC0000000000000000000000000000000000036
:10FAD0000000000000000000000000000000000026
:10FAE0000000000000000000000000000000000016
:10FAF0000000000000000000000000000000000006
:10FB000000000000000000000000000000000000F5
:10FB100000000000000000000000000000000000E5
:10FB200000000000000000000000000000000000D5
:10FB300000000000000000000000000000000000C5
:10FB400000000000000000000000000000000000B5
:10FB500000000000000000000000000000000000A5
:10FB60000000000000000000000000000000000095
:10FB70000000000000000000000000000000000085
:10FB80000000000000000000000000000000000075
:10FB90000000000000000000000000000000000065
:10FBA0000000000000000000000000000000000055
:10FBB0000000000000000000000000000000000045
:10FBC0000000000000000000000000000000000035
:10FBD0000000000000000000000000000000000025
:10FBE0000000000000000000000000000000000015
:10FBF0000000000000000000000000000000000005
:10FC000000000000000000000000000000000000F4
:10FC100000000000000000000000000000000000E4
:10FC200000000000000000000000000000000000D4
:10FC300000000000000000000000000000000000C4
:10FC400000000000000000000000000000000000B4
:10FC500000000000000000000000000000000000A4
:10FC60000000000000000000000000000000000094
:10FC70000000000000000000000000000000000084
:10FC80000000000000000000000000000000000074
:10FC90000000000000000000000000000000000064
:10FCA0000000000000000000000000000000000054
:10FCB0000000000000000000000000000000000044
:10FCC0000000000000000000000000000000000034
:10FCD0000000000000000000000000000000000024
:10FCE0000000000000000000000000000000000014
:10FCF0000000000000000000000000000000000004
:10FD000000000000000000000000000000000000F3
:10FD100000000000000000000000000000000000E3
:10FD200000000000000000000000000000000000D3
:10FD300000000000000000000000000000000000C3
:10FD400000000000000000000000000000000000B3
:10FD500000000000000000000000000000000000A3
:10FD60000000000000000000000000000000000093
:10FD70000000000000000000000000000000000083
:10FD80000000000000000000000000000000000073
:10FD90000000000000000000000000000000000063
:10FDA0000000000000000000000000000000000053
:10FDB0000000000000000000000000000000000043
:10FDC0000000000000000000000000000000000033
:10FDD0000000000000000000000000000000000023
:10FDE0000000000000000000000000000000000013
:10FDF0000000000000000000000000000000000003
:10FE000000000000000000000000000000000000F2
:10FE100000000000000000000000000000000000E2
:10FE200000000000000000000000000000000000D2
:10FE300000000000000000000000000000000000C2
:10FE400000000000000000000000000000000000B2
:10FE500000000000000000000000000000000000A2
:10FE60000000000000000000000000000000000092
:10FE70000000000000000000000000000000000082
:10FE80000000000000000000000000000000000072
:10FE90000000000000000000000000000000000062
:10FEA0000000000000000000000000000000000052
:10FEB0000000000000000000000000000000000042
:10FEC0000000000000000000000000000000000032
:10FED0000000000000000000000000000000000022
:10FEE0000000000000000000000000000000000012
:10FEF0000000000000000000000000000000000002
:10FF000000000000000000000000000000000000F1
:10FF100000000000000000000000000000000000E1
:10FF200000000000000000000000000000000000D1
:10FF300000000000000000000000000000000000C1
:10FF400000000000000000000000000000000000B1
:10FF500000000000000000000000000000000000A1
:10FF60000000000000000000000000000000000091
:10FF70000000000000000000000000000000000081
:10FF80000000000000000000000000000000000071
:10FF90000000000000000000000000000000000061
:10FFA0000000000000000000000000000000000051
:10FFB0000000000000000000000000000000000041
:10FFC0000000000000000000000000000000000031
:10FFD0000000000000000000000000000000000021
:10FFE0000000000000000000000000000000000011
:10FFF0000000000000000000000000000000000001
:02000004100AE0
:1000000000000000000000000000000000000000F0
:1000100000000000000000000000000000000000E0
:1000200000000000000000000000000000000000D0
:1000300000000000000000000000000000000000C0
:1000400000000000000000000000000000000000B0
:1000500000000000000000000000000000000000A0
:100060000000000000000000000000000000000090
:100070000000000000000000000000000000000080
:100080000000000000000000000000000000000070
:100090000000000000000000000000000000000060
:1000A0000000000000000000000000000000000050
:1000B0000000000000000000000000000000000040
:1000C0000000000000000000000000000000000030
:1000D0000000000000000000000000000000000020
:1000E0000000000000000000000000000000000010
:1000F0000000000000000000000000000000000000
:1001000000000000000000000000000000000000EF
:1001100000000000000000000000000000000000DF
:1001200000000000000000000000000000000000CF
:1001300000000000000000000000000000000000BF
:1001400000000000000000000000000000000000AF
:10015000000000000000000000000000000000009F
:10016000000000000000000000000000000000008F
:10017000000000000000000000000000000000007F
:10018000000000000000000000000000000000006F
:10019000000000000000000000000000000000005F
:1001A000000000000000000000000000000000004F
:1001B000000000000000000000000000000000003F
:1001C000000000000000000000000000000000002F
:1001D000000000000000000000000000000000001F
:1001E000000000000000000000000000000000000F
:1001F00000000000000000000000000000000000FF
:1002000000000000000000000000000000000000EE
:1002100000000000000000000000000000000000DE
:1002200000000000000000000000000000000000CE
:1002300000000000000000000000000000000000BE
:1002400000000000000000000000000000000000AE
:10025000000000000000000000000000000000009E
:10026000000000000000000000000000000000008E
:10027000000000000000000000000000000000007E
:10028000000000000000000000000000000000006E
:10029000000000000000000000000000000000005E
:1002A000000000000000000000000000000000004E
:1002B000000000000000000000000000000000003E
:1002C000000000000000000000000000000000002E
:1002D000000000000000000000000000000000001E
:1002E000000000000000000000000000000000000E
:1002F00000000000000000000000000000000000FE
:1003000000000000000000000000000000000000ED
:1003100000000000000000000000000000000000DD
:1003200000000000000000000000000000000000CD
:1003300000000000000000000000000000000000BD
:1003400000000000000000000000000000000000AD
:10035000000000000000000000000000000000009D
:10036000000000000000000000000000000000008D
:10037000000000000000000000000000000000007D
:10038000000000000000000000000000000000006D
:10039000000000000000000000000000000000005D
:1003A000000000000000000000000000000000004D
:1003B000000000000000000000000000000000003D
:1003C000000000000000000000000000000000002D
:1003D000000000000000000000000000000000001D
:1003E000000000000000000000000000000000000D
:1003F00000000000000000000000000000000000FD
:1004000000000000000000000000000000000000EC
:1004100000000000000000000000000000000000DC
:1004200000000000000000000000000000000000CC
:1004300000000000000000000000000000000000BC
:1004400000000000000000000000000000000000AC
:10045000000000000000000000000000000000009C
:10046000000000000000000000000000000000008C
:10047000000000000000000000000000000000007C
:10048000000000000000000000000000000000006C
:10049000000000000000000000000000000000005C
:1004A000000000000000000000000000000000004C
:1004B000000000000000000000000000000000003C
:1004C000000000000000000000000000000000002C
:1004D000000000000000000000000000000000001C
:1004E000000000000000000000000000000000000C
:1004F00000000000000000000000000000000000FC
:1005000000000000000000000000000000000000EB
:1005100000000000000000000000000000000000DB
:1005200000000000000000000000000000000000CB
:1005300000000000000000000000000000000000BB
:1005400000000000000000000000000000000000AB
:10055000000000000000000000000000000000009B
:10056000000000000000000000000000000000008B
:10057000000000000000000000000000000000007B
:10058000000000000000000000000000000000006B
:10059000000000000000000000000000000000005B
:1005A000000000000000000000000000000000004B
:1005B000000000000000000000000000000000003B
:1005C000000000000000000000000000000000002B
:1005D000000000000000000000000000000000001B
:1005E000000000000000000000000000000000000B
:1005F00000000000000000000000000000000000FB
:1006000000000000000000000000000000000000EA
:1006100000000000000000000000000000000000DA
:1006200000000000000000000000000000000000CA
:1006300000000000000000000000000000000000BA
:1006400000000000000000000000000000000000AA
:10065000000000000000000000000000000000009A
:10066000000000000000000000000000000000008A
:10067000000000000000000000000000000000007A
:10068000000000000000000000000000000000006A
:10069000000000000000000000000000000000005A
:1006A000000000000000000000000000000000004A
:1006B000000000000000000000000000000000003A
:1006C000000000000000000000000000000000002A
:1006D000000000000000000000000000000000001A
:1006E000000000000000000000000000000000000A
:1006F00000000000000000000000000000000000FA
:1007000000000000000000000000000000000000E9
:1007100000000000000000000000000000000000D9
:1007200000000000000000000000000000000000C9
:1007300000000000000000000000000000000000B9
:1007400000000000000000000000000000000000A9
:100750000000000000000000000000000000000099
:100760000000000000000000000000000000000089
:100770000000000000000000000000000000000079
:100780000000000000000000000000000000000069
:100790000000000000000000000000000000000059
:1007A0000000000000000000000000000000000049
:1007B0000000000000000000000000000000000039
:1007C0000000000000000000000000000000000029
:1007D0000000000000000000000000000000000019
:1007E0000000000000000000000000000000000009
:1007F00000000000000000000000000000000000F9
:1008000000000000000000000000000000000000E8
:1008100000000000000000000000000000000000D8
:1008200000000000000000000000000000000000C8
:1008300000000000000000000000000000000000B8
:1008400000000000000000000000000000000000A8
:100850000000000000000000000000000000000098
:100860000000000000000000000000000000000088
:100870000000000000000000000000000000000078
:100880000000000000000000000000000000000068
:100890000000000000000000000000000000000058
:1008A0000000000000000000000000000000000048
:1008B0000000000000000000000000000000000038
:1008C0000000000000000000000000000000000028
:1008D0000000000000000000000000000000000018
:1008E0000000000000000000000000000000000008
:1008F00000000000000000000000000000000000F8
:1009000000000000000000000000000000000000E7
:1009100000000000000000000000000000000000D7
:1009200000000000000000000000000000000000C7
:1009300000000000000000000000000000000000B7
:1009400000000000000000000000000000000000A7
:100950000000000000000000000000000000000097
:100960000000000000000000000000000000000087
:100970000000000000000000000000000000000077
:100980000000000000000000000000000000000067
:100990000000000000000000000000000000000057
:1009A0000000000000000000000000000000000047
:1009B0000000000000000000000000000000000037
:1009C0000000000000000000000000000000000027
:1009D0000000000000000000000000000000000017
:1009E0000000000000000000000000000000000007
:1009F00000000000000000000000000000000000F7
:100A000000000000000000000000000000000000E6
:100A100000000000000000000000000000000000D6
:100A200000000000000000000000000000000000C6
:100A300000000000000000000000000000000000B6
:100A400000000000000000000000000000000000A6
:100A50000000000000000000000000000000000096
:100A60000000000000000000000000000000000086
:100A70000000000000000000000000000000000076
:100A80000000000000000000000000000000000066
:100A90000000000000000000000000000000000056
:100AA0000000000000000000000000000000000046
:100AB0000000000000000000000000000000000036
:100AC0000000000000000000000000000000000026
:100AD0000000000000000000000000000000000016
:100AE0000000000000000000000000000000000006
:100AF00000000000000000000000000000000000F6
:100B000000000000000000000000000000000000E5
:100B100000000000000000000000000000000000D5
:100B200000000000000000000000000000000000C5
:100B300000000000000000000000000000000000B5
:100B400000000000000000000000000000000000A5
:100B50000000000000000000000000000000000095
:100B60000000000000000000000000000000000085
:100B70000000000000000000000000000000000075
:100B80000000000000000000000000000000000065
:100B90000000000000000000000000000000000055
:100BA0000000000000000000000000000000000045
:100BB0000000000000000000000000000000000035
:100BC0000000000000000000000000000000000025
:100BD0000000000000000000000000000000000015
:100BE0000000000000000000000000000000000005
:100BF00000000000000000000000000000000000F5
:100C000000000000000000000000000000000000E4
:100C100000000000000000000000000000000000D4
:100C200000000000000000000000000000000000C4
:100C300000000000000000000000000000000000B4
:100C400000000000000000000000000000000000A4
:100C50000000000000000000000000000000000094
:100C60000000000000000000000000000000000084
:100C70000000000000000000000000000000000074
:100C80000000000000000000000000000000000064
:100C90000000000000000000000000000000000054
:100CA0000000000000000000000000000000000044
:100CB0000000000000000000000000000000000034
:100CC0000000000000000000000000000000000024
:100CD0000000000000000000000000000000000014
:100CE0000000000000000000000000000000000004
:100CF00000000000000000000000000000000000F4
:100D000000000000000000000000000000000000E3
:100D100000000000000000000000000000000000D3
:100D200000000000000000000000000000000000C3
:100D300000000000000000000000000000000000B3
:100D400000000000000000000000000000000000A3
:100D50000000000000000000000000000000000093
:100D60000000000000000000000000000000000083
:100D70000000000000000000000000000000000073
:100D80000000000000000000000000000000000063
:100D90000000000000000000000000000000000053
:100DA0000000000000000000000000000000000043
:100DB0000000000000000000000000000000000033
:100DC0000000000000000000000000000000000023
:100DD0000000000000000000000000000000000013
:100DE0000000000000000000000000000000000003
:100DF00000000000000000000000000000000000F3
:100E000000000000000000000000000000000000E2
:100E100000000000000000000000000000000000D2
:100E200000000000000000000000000000000000C2
:100E300000000000000000000000000000000000B2
:100E400000000000000000000000000000000000A2
:100E50000000000000000000000000000000000092
:100E60000000000000000000000000000000000082
:100E70000000000000000000000000000000000072
:100E80000000000000000000000000000000000062
:100E90000000000000000000000000000000000052
:100EA0000000000000000000000000000000000042
:100EB0000000000000000000000000000000000032
:100EC0000000000000000000000000000000000022
:100ED0000000000000000000000000000000000012
:100EE0000000000000000000000000000000000002
:100EF00000000000000000000000000000000000F2
:100F000000000000000000000000000000000000E1
:100F100000000000000000000000000000000000D1
:100F200000000000000000000000000000000000C1
:100F300000000000000000000000000000000000B1
:100F400000000000000000000000000000000000A1
:100F50000000000000000000000000000000000091
:100F60000000000000000000000000000000000081
:100F70000000000000000000000000000000000071
:100F80000000000000000000000000000000000061
:100F90000000000000000000000000000000000051
:100FA0000000000000000000000000000000000041
:100FB0000000000000000000000000000000000031
:100FC0000000000000000000000000000000000021
:100FD0000000000000000000000000000000000011
:100FE0000000000000000000000000000000000001
:100FF00000000000000000000000000000000000F1
:1010000000000000000000000000000000000000E0
:1010100000000000000000000000000000000000D0
:1010200000000000000000000000000000000000C0
:1010300000000000000000000000000000000000B0
:1010400000000000000000000000000000000000A0
:101050000000000000000000000000000000000090
:101060000000000000000000000000000000000080
:101070000000000000000000000000000000000070
:101080000000000000000000000000000000000060
:101090000000000000000000000000000000000050
:1010A0000000000000000000000000000000000040
:1010B0000000000000000000000000000000000030
:1010C0000000000000000000000000000000000020
:1010D0000000000000000000000000000000000010
:1010E0000000000000000000000000000000000000
:1010F00000000000000000000000000000000000F0
:1011000000000000000000000000000000000000DF
:1011100000000000000000000000000000000000CF
:1011200000000000000000000000000000000000BF
:1011300000000000000000000000000000000000AF
:10114000000000000000000000000000000000009F
:10115000000000000000000000000000000000008F
:10116000000000000000000000000000000000007F
:10117000000000000000000000000000000000006F
:10118000000000000000000000000000000000005F
:10119000000000000000000000000000000000004F
:1011A000000000000000000000000000000000003F
:1011B000000000000000000000000000000000002F
:1011C000000000000000000000000000000000001F
:1011D000000000000000000000000000000000000F
:1011E00000000000000000000000000000000000FF
:1011F00000000000000000000000000000000000EF
:1012000000000000000000000000000000000000DE
:1012100000000000000000000000000000000000CE
:1012200000000000000000000000000000000000BE
:1012300000000000000000000000000000000000AE
:10124000000000000000000000000000000000009E
:10125000000000000000000000000000000000008E
:10126000000000000000000000000000000000007E
:10127000000000000000000000000000000000006E
:10128000000000000000000000000000000000005E
:10129000000000000000000000000000000000004E
:1012A000000000000000000000000000000000003E
:1012B000000000000000000000000000000000002E
:1012C000000000000000000000000000000000001E
:1012D000000000000000000000000000000000000E
:1012E00000000000000000000000000000000000FE
:1012F00000000000000000000000000000000000EE
:1013000000000000000000000000000000000000DD
:1013100000000000000000000000000000000000CD
:1013200000000000000000000000000000000000BD
:1013300000000000000000000000000000000000AD
:10134000000000000000000000000000000000009D
:10135000000000000000000000000000000000008D
:10136000000000000000000000000000000000007D
:10137000000000000000000000000000000000006D
:10138000000000000000000000000000000000005D
:10139000000000000000000000000000000000004D
:1013A000000000000000000000000000000000003D
:1013B000000000000000000000000000000000002D
:1013C000000000000000000000000000000000001D
:1013D000000000000000000000000000000000000D
:1013E00000000000000000000000000000000000FD
:1013F00000000000000000000000000000000000ED
:1014000000000000000000000000000000000000DC
:1014100000000000000000000000000000000000CC
:1014200000000000000000000000000000000000BC
:1014300000000000000000000000000000000000AC
:10144000000000000000000000000000000000009C
:10145000000000000000000000000000000000008C
:10146000000000000000000000000000000000007C
:10147000000000000000000000000000000000006C
:10148000000000000000000000000000000000005C
:10149000000000000000000000000000000000004C
:1014A000000000000000000000000000000000003C
:1014B000000000000000000000000000000000002C
:1014C000000000000000000000000000000000001C
:1014D000000000000000000000000000000000000C
:1014E00000000000000000000000000000000000FC
:1014F00000000000000000000000000000000000EC
:1015000000000000000000000000000000000000DB
:1015100000000000000000000000000000000000CB
:1015200000000000000000000000000000000000BB
:1015300000000000000000000000000000000000AB
:10154000000000000000000000000000000000009B
:10155000000000000000000000000000000000008B
:10156000000000000000000000000000000000007B
:10157000000000000000000000000000000000006B
:10158000000000000000000000000000000000005B
:10159000000000000000000000000000000000004B
:1015A000000000000000000000000000000000003B
:1015B000000000000000000000000000000000002B
:1015C000000000000000000000000000000000001B
:1015D000000000000000000000000000000000000B
:1015E00000000000000000000000000000000000FB
:1015F00000000000000000000000000000000000EB
:1016000000000000000000000000000000000000DA
:1016100000000000000000000000000000000000CA
:1016200000000000000000000000000000000000BA
:1016300000000000000000000000000000000000AA
:10164000000000000000000000000000000000009A
:10165000000000000000000000000000000000008A
:10166000000000000000000000000000000000007A
:10167000000000000000000000000000000000006A
:10168000000000000000000000000000000000005A
:10169000000000000000000000000000000000004A
:1016A000000000000000000000000000000000003A
:1016B000000000000000000000000000000000002A
:1016C000000000000000000000000000000000001A
:1016D000000000000000000000000000000000000A
:1016E00000000000000000000000000000000000FA
:1016F00000000000000000000000000000000000EA
:1017000000000000000000000000000000000000D9
:1017100000000000000000000000000000000000C9
:1017200000000000000000000000000000000000B9
:1017300000000000000000000000000000000000A9
:101740000000000000000000000000000000000099
:101750000000000000000000000000000000000089
:101760000000000000000000000000000000000079
:101770000000000000000000000000000000000069
:101780000000000000000000000000000000000059
:101790000000000000000000000000000000000049
:1017A0000000000000000000000000000000000039
:1017B0000000000000000000000000000000000029
:1017C0000000000000000000000000000000000019
:1017D0000000000000000000000000000000000009
:1017E00000000000000000000000000000000000F9
:1017F00000000000000000000000000000000000E9
:1018000000000000000000000000000000000000D8
:1018100000000000000000000000000000000000C8
:1018200000000000000000000000000000000000B8
:1018300000000000000000000000000000000000A8
:101840000000000000000000000000000000000098
:101850000000000000000000000000000000000088
:101860000000000000000000000000000000000078
:101870000000000000000000000000000000000068
:101880000000000000000000000000000000000058
:101890000000000000000000000000000000000048
:1018A0000000000000000000000000000000000038
:1018B0000000000000000000000000000000000028
:1018C0000000000000000000000000000000000018
:1018D0000000000000000000000000000000000008
:1018E00000000000000000000000000000000000F8
:1018F00000000000000000000000000000000000E8
:1019000000000000000000000000000000000000D7
:1019100000000000000000000000000000000000C7
:1019200000000000000000000000000000000000B7
:1019300000000000000000000000000000000000A7
:101940000000000000000000000000000000000097
:101950000000000000000000000000000000000087
:101960000000000000000000000000000000000077
:101970000000000000000000000000000000000067
:101980000000000000000000000000000000000057
:101990000000000000000000000000000000000047
:1019A0000000000000000000000000000000000037
:1019B0000000000000000000000000000000000027
:1019C0000000000000000000000000000000000017
:1019D0000000000000000000000000000000000007
:1019E00000000000000000000000000000000000F7
:1019F00000000000000000000000000000000000E7
:101A000000000000000000000000000000000000D6
:101A100000000000000000000000000000000000C6
:101A200000000000000000000000000000000000B6
:101A300000000000000000000000000000000000A6
:101A40000000000000000000000000000000000096
:101A50000000000000000000000000000000000086
:101A60000000000000000000000000000000000076
:101A70000000000000000000000000000000000066
:101A80000000000000000000000000000000000056
:101A90000000000000000000000000000000000046
:101AA0000000000000000000000000000000000036
:101AB0000000000000000000000000000000000026
:101AC0000000000000000000000000000000000016
:101AD0000000000000000000000000000000000006
:101AE00000000000000000000000000000000000F6
:101AF00000000000000000000000000000000000E6
:101B000000000000000000000000000000000000D5
:101B100000000000000000000000000000000000C5
:101B200000000000000000000000000000000000B5
:101B300000000000000000000000000000000000A5
:101B40000000000000000000000000000000000095
:101B50000000000000000000000000000000000085
:101B60000000000000000000000000000000000075
:101B70000000000000000000000000000000000065
:101B80000000000000000000000000000000000055
:101B90000000000000000000000000000000000045
:101BA0000000000000000000000000000000000035
:101BB0000000000000000000000000000000000025
:101BC0000000000000000000000000000000000015
:101BD0000000000000000000000000000000000005
:101BE00000000000000000000000000000000000F5
:101BF00000000000000000000000000000000000E5
:101C000000000000000000000000000000000000D4
:101C100000000000000000000000000000000000C4
:101C200000000000000000000000000000000000B4
:101C300000000000000000000000000000000000A4
:101C40000000000000000000000000000000000094
:101C50000000000000000000000000000000000084
:101C60000000000000000000000000000000000074
:101C70000000000000000000000000000000000064
:101C80000000000000000000000000000000000054
:101C90000000000000000000000000000000000044
:101CA0000000000000000000000000000000000034
:101CB0000000000000000000000000000000000024
:101CC0000000000000000000000000000000000014
:101CD0000000000000000000000000000000000004
:101CE00000000000000000000000000000000000F4
:101CF00000000000000000000000000000000000E4
:101D000000000000000000000000000000000000D3
:101D100000000000000000000000000000000000C3
:101D200000000000000000000000000000000000B3
:101D300000000000000000000000000000000000A3
:101D40000000000000000000000000000000000093
:101D50000000000000000000000000000000000083
:101D60000000000000000000000000000000000073
:101D70000000000000000000000000000000000063
:101D80000000000000000000000000000000000053
:101D90000000000000000000000000000000000043
:101DA0000000000000000000000000000000000033
:101DB0000000000000000000000000000000000023
:101DC0000000000000000000000000000000000013
:101DD0000000000000000000000000000000000003
:101DE00000000000000000000000000000000000F3
:101DF00000000000000000000000000000000000E3
:101E000000000000000000000000000000000000D2
:101E100000000000000000000000000000000000C2
:101E200000000000000000000000000000000000B2
:101E300000000000000000000000000000000000A2
:101E40000000000000000000000000000000000092
:101E50000000000000000000000000000000000082
:101E60000000000000000000000000000000000072
:101E70000000000000000000000000000000000062
:101E80000000000000000000000000000000000052
:101E90000000000000000000000000000000000042
:101EA0000000000000000000000000000000000032
:101EB0000000000000000000000000000000000022
:101EC0000000000000000000000000000000000012
:101ED0000000000000000000000000000000000002
:101EE00000000000000000000000000000000000F2
:101EF00000000000000000000000000000000000E2
:101F000000000000000000000000000000000000D1
:101F100000000000000000000000000000000000C1
:101F200000000000000000000000000000000000B1
:101F300000000000000000000000000000000000A1
:101F40000000000000000000000000000000000091
:101F50000000000000000000000000000000000081
:101F60000000000000000000000000000000000071
:101F70000000000000000000000000000000000061
:101F80000000000000000000000000000000000051
:101F90000000000000000000000000000000000041
:101FA0000000000000000000000000000000000031
:101FB0000000000000000000000000000000000021
:101FC0000000000000000000000000000000000011
:101FD0000000000000000000000000000000000001
:101FE00000000000000000000000000000000000F1
:101FF00000000000000000000000000000000000E1
:1020000000000000000000000000000000000000D0
:1020100000000000000000000000000000000000C0
:1020200000000000000000000000000000000000B0
:1020300000000000000000000000000000000000A0
:102040000000000000000000000000000000000090
:102050000000000000000000000000000000000080
:102060000000000000000000000000000000000070
:102070000000000000000000000000000000000060
:102080000000000000000000000000000000000050
:102090000000000000000000000000000000000040
:1020A0000000000000000000000000000000000030
:1020B0000000000000000000000000000000000020
:1020C0000000000000000000000000000000000010
:1020D0000000000000000000000000000000000000
:1020E00000000000000000000000000000000000F0
:1020F00000000000000000000000000000000000E0
:1021000000000000000000000000000000000000CF
:1021100000000000000000000000000000000000BF
:1021200000000000000000000000000000000000AF
:10213000000000000000000000000000000000009F
:10214000000000000000000000000000000000008F
:10215000000000000000000000000000000000007F
:10216000000000000000000000000000000000006F
:10217000000000000000000000000000000000005F
:10218000000000000000000000000000000000004F
:10219000000000000000000000000000000000003F
:1021A000000000000000000000000000000000002F
:1021B000000000000000000000000000000000001F
:1021C000000000000000000000000000000000000F
:1021D00000000000000000000000000000000000FF
:1021E00000000000000000000000000000000000EF
:1021F00000000000000000000000000000000000DF
:1022000000000000000000000000000000000000CE
:1022100000000000000000000000000000000000BE
:1022200000000000000000000000000000000000AE
:10223000000000000000000000000000000000009E
:10224000000000000000000000000000000000008E
:10225000000000000000000000000000000000007E
:10226000000000000000000000000000000000006E
:10227000000000000000000000000000000000005E
:10228000000000000000000000000000000000004E
:10229000000000000000000000000000000000003E
:1022A000000000000000000000000000000000002E
:1022B000000000000000000000000000000000001E
:1022C000000000000000000000000000000000000E
:1022D00000000000000000000000000000000000FE
:1022E00000000000000000000000000000000000EE
:1022F00000000000000000000000000000000000DE
:1023000000000000000000000000000000000000CD
:1023100000000000000000000000000000000000BD
:1023200000000000000000000000000000000000AD
:10233000000000000000000000000000000000009D
:10234000000000000000000000000000000000008D
:10235000000000000000000000000000000000007D
:10236000000000000000000000000000000000006D
:10237000000000000000000000000000000000005D
:10238000000000000000000000000000000000004D
:10239000000000000000000000000000000000003D
:1023A000000000000000000000000000000000002D
:1023B000000000000000000000000000000000001D
:1023C000000000000000000000000000000000000D
:1023D00000000000000000000000000000000000FD
:1023E00000000000000000000000000000000000ED
:1023F00000000000000000000000000000000000DD
:1024000000000000000000000000000000000000CC
:1024100000000000000000000000000000000000BC
:1024200000000000000000000000000000000000AC
:10243000000000000000000000000000000000009C
:10244000000000000000000000000000000000008C
:10245000000000000000000000000000000000007C
:10246000000000000000000000000000000000006C
:10247000000000000000000000000000000000005C
:10248000000000000000000000000000000000004C
:10249000000000000000000000000000000000003C
:1024A000000000000000000000000000000000002C
:1024B000000000000000000000000000000000001C
:1024C000000000000000000000000000000000000C
:1024D00000000000000000000000000000000000FC
:1024E00000000000000000000000000000000000EC
:1024F00000000000000000000000000000000000DC
:1025000000000000000000000000000000000000CB
:1025100000000000000000000000000000000000BB
:1025200000000000000000000000000000000000AB
:10253000000000000000000000000000000000009B
:10254000000000000000000000000000000000008B
:10255000000000000000000000000000000000007B
:10256000000000000000000000000000000000006B
:10257000000000000000000000000000000000005B
:10258000000000000000000000000000000000004B
:10259000000000000000000000000000000000003B
:1025A000000000000000000000000000000000002B
:1025B000000000000000000000000000000000001B
:1025C000000000000000000000000000000000000B
:1025D00000000000000000000000000000000000FB
:1025E00000000000000000000000000000000000EB
:1025F00000000000000000000000000000000000DB
:1026000000000000000000000000000000000000CA
:1026100000000000000000000000000000000000BA
:1026200000000000000000000000000000000000AA
:10263000000000000000000000000000000000009A
:10264000000000000000000000000000000000008A
:10265000000000000000000000000000000000007A
:10266000000000000000000000000000000000006A
:10267000000000000000000000000000000000005A
:10268000000000000000000000000000000000004A
:10269000000000000000000000000000000000003A
:1026A000000000000000000000000000000000002A
:1026B000000000000000000000000000000000001A
:1026C000000000000000000000000000000000000A
:1026D00000000000000000000000000000000000FA
:1026E00000000000000000000000000000000000EA
:1026F00000000000000000000000000000000000DA
:1027000000000000000000000000000000000000C9
:1027100000000000000000000000000000000000B9
:1027200000000000000000000000000000000000A9
:102730000000000000000000000000000000000099
:102740000000000000000000000000000000000089
:102750000000000000000000000000000000000079
:102760000000000000000000000000000000000069
:102770000000000000000000000000000000000059
:102780000000000000000000000000000000000049
:102790000000000000000000000000000000000039
:1027A0000000000000000000000000000000000029
:1027B0000000000000000000000000000000000019
:1027C0000000000000000000000000000000000009
:1027D00000000000000000000000000000000000F9
:1027E00000000000000000000000000000000000E9
:1027F00000000000000000000000000000000000D9
:1028000000000000000000000000000000000000C8
:1028100000000000000000000000000000000000B8
:1028200000000000000000000000000000000000A8
:102830000000000000000000000000000000000098
:102840000000000000000000000000000000000088
:102850000000000000000000000000000000000078
:102860000000000000000000000000000000000068
:102870000000000000000000000000000000000058
:102880000000000000000000000000000000000048
:102890000000000000000000000000000000000038
:1028A0000000000000000000000000000000000028
:1028B0000000000000000000000000000000000018
:1028C0000000000000000000000000000000000008
:1028D00000000000000000000000000000000000F8
:1028E00000000000000000000000000000000000E8
:1028F00000000000000000000000000000000000D8
:1029000000000000000000000000000000000000C7
:1029100000000000000000000000000000000000B7
:1029200000000000000000000000000000000000A7
:102930000000000000000000000000000000000097
:102940000000000000000000000000000000000087
:102950000000000000000000000000000000000077
:102960000000000000000000000000000000000067
:102970000000000000000000000000000000000057
:102980000000000000000000000000000000000047
:102990000000000000000000000000000000000037
:1029A0000000000000000000000000000000000027
:1029B0000000000000000000000000000000000017
:1029C0000000000000000000000000000000000007
:1029D00000000000000000000000000000000000F7
:1029E00000000000000000000000000000000000E7
:1029F00000000000000000000000000000000000D7
:102A000000000000000000000000000000000000C6
:102A100000000000000000000000000000000000B6
:102A200000000000000000000000000000000000A6
:102A30000000000000000000000000000000000096
:102A40000000000000000000000000000000000086
:102A50000000000000000000000000000000000076
:102A60000000000000000000000000000000000066
:102A70000000000000000000000000000000000056
:102A80000000000000000000000000000000000046
:102A90000000000000000000000000000000000036
:102AA0000000000000000000000000000000000026
:102AB0000000000000000000000000000000000016
:102AC0000000000000000000000000000000000006
:102AD00000000000000000000000000000000000F6
:102AE00000000000000000000000000000000000E6
:102AF00000000000000000000000000000000000D6
:102B000000000000000000000000000000000000C5
:102B100000000000000000000000000000000000B5
:102B200000000000000000000000000000000000A5
:102B30000000000000000000000000000000000095
:102B40000000000000000000000000000000000085
:102B50000000000000000000000000000000000075
:102B60000000000000000000000000000000000065
:102B70000000000000000000000000000000000055
:102B80000000000000000000000000000000000045
:102B90000000000000000000000000000000000035
:102BA0000000000000000000000000000000000025
:102BB0000000000000000000000000000000000015
:102BC0000000000000000000000000000000000005
:102BD00000000000000000000000000000000000F5
:102BE00000000000000000000000000000000000E5
:102BF00000000000000000000000000000000000D5
:102C000000000000000000000000000000000000C4
:102C100000000000000000000000000000000000B4
:102C200000000000000000000000000000000000A4
:102C30000000000000000000000000000000000094
:102C40000000000000000000000000000000000084
:102C50000000000000000000000000000000000074
:102C60000000000000000000000000000000000064
:102C70000000000000000000000000000000000054
:102C80000000000000000000000000000000000044
:102C90000000000000000000000000000000000034
:102CA0000000000000000000000000000000000024
:102CB0000000000000000000000000000000000014
:102CC0000000000000000000000000000000000004
:102CD00000000000000000000000000000000000F4
:102CE00000000000000000000000000000000000E4
:102CF00000000000000000000000000000000000D4
:102D000000000000000000000000000000000000C3
:102D100000000000000000000000000000000000B3
:102D200000000000000000000000000000000000A3
:102D30000000000000000000000000000000000093
:102D40000000000000000000000000000000000083
:102D50000000000000000000000000000000000073
:102D60000000000000000000000000000000000063
:102D70000000000000000000000000000000000053
:102D80000000000000000000000000000000000043
:102D90000000000000000000000000000000000033
:102DA0000000000000000000000000000000000023
:102DB0000000000000000000000000000000000013
:102DC0000000000000000000000000000000000003
:102DD00000000000000000000000000000000000F3
:102DE00000000000000000000000000000000000E3
:102DF00000000000000000000000000000000000D3
:102E000000000000000000000000000000000000C2
:102E100000000000000000000000000000000000B2
:102E200000000000000000000000000000000000A2
:102E30000000000000000000000000000000000092
:102E40000000000000000000000000000000000082
:102E50000000000000000000000000000000000072
:102E60000000000000000000000000000000000062
:102E70000000000000000000000000000000000052
:102E80000000000000000000000000000000000042
:102E90000000000000000000000000000000000032
:102EA0000000000000000000000000000000000022
:102EB0000000000000000000000000000000000012
:102EC0000000000000000000000000000000000002
:102ED00000000000000000000000000000000000F2
:102EE00000000000000000000000000000000000E2
:102EF00000000000000000000000000000000000D2
:102F000000000000000000000000000000000000C1
:102F100000000000000000000000000000000000B1
:102F200000000000000000000000000000000000A1
:102F30000000000000000000000000000000000091
:102F40000000000000000000000000000000000081
:102F50000000000000000000000000000000000071
:102F60000000000000000000000000000000000061
:102F70000000000000000000000000000000000051
:102F80000000000000000000000000000000000041
:102F90000000000000000000000000000000000031
:102FA0000000000000000000000000000000000021
:102FB0000000000000000000000000000000000011
:102FC0000000000000000000000000000000000001
:102FD00000000000000000000000000000000000F1
:102FE00000000000000000000000000000000000E1
:102FF00000000000000000000000000000000000D1
:1030000000000000000000000000000000000000C0
:1030100000000000000000000000000000000000B0
:1030200000000000000000000000000000000000A0
:103030000000000000000000000000000000000090
:103040000000000000000000000000000000000080
:103050000000000000000000000000000000000070
:103060000000000000000000000000000000000060
:103070000000000000000000000000000000000050
:103080000000000000000000000000000000000040
:103090000000000000000000000000000000000030
:1030A0000000000000000000000000000000000020
:1030B0000000000000000000000000000000000010
:1030C0000000000000000000000000000000000000
:1030D00000000000000000000000000000000000F0
:1030E00000000000000000000000000000000000E0
:1030F00000000000000000000000000000000000D0
:1031000000000000000000000000000000000000BF
:1031100000000000000000000000000000000000AF
:10312000000000000000000000000000000000009F
:10313000000000000000000000000000000000008F
:10314000000000000000000000000000000000007F
:10315000000000000000000000000000000000006F
:10316000000000000000000000000000000000005F
:10317000000000000000000000000000000000004F
:10318000000000000000000000000000000000003F
:10319000000000000000000000000000000000002F
:1031A000000000000000000000000000000000001F
:1031B000000000000000000000000000000000000F
:1031C00000000000000000000000000000000000FF
:1031D00000000000000000000000000000000000EF
:1031E00000000000000000000000000000000000DF
:1031F00000000000000000000000000000000000CF
:1032000000000000000000000000000000000000BE
:1032100000000000000000000000000000000000AE
:10322000000000000000000000000000000000009E
:10323000000000000000000000000000000000008E
:10324000000000000000000000000000000000007E
:10325000000000000000000000000000000000006E
:10326000000000000000000000000000000000005E
:10327000000000000000000000000000000000004E
:10328000000000000000000000000000000000003E
:10329000000000000000000000000000000000002E
:1032A000000000000000000000000000000000001E
:1032B000000000000000000000000000000000000E
:1032C00000000000000000000000000000000000FE
:1032D00000000000000000000000000000000000EE
:1032E00000000000000000000000000000000000DE
:1032F00000000000000000000000000000000000CE
:1033000000000000000000000000000000000000BD
:1033100000000000000000000000000000000000AD
:10332000000000000000000000000000000000009D
:10333000000000000000000000000000000000008D
:10334000000000000000000000000000000000007D
:10335000000000000000000000000000000000006D
:10336000000000000000000000000000000000005D
:10337000000000000000000000000000000000004D
:10338000000000000000000000000000000000003D
:10339000000000000000000000000000000000002D
:1033A000000000000000000000000000000000001D
:1033B000000000000000000000000000000000000D
:1033C00000000000000000000000000000000000FD
:1033D00000000000000000000000000000000000ED
:1033E00000000000000000000000000000000000DD
:1033F00000000000000000000000000000000000CD
:1034000000000000000000000000000000000000BC
:1034100000000000000000000000000000000000AC
:10342000000000000000000000000000000000009C
:10343000000000000000000000000000000000008C
:10344000000000000000000000000000000000007C
:10345000000000000000000000000000000000006C
:10346000000000000000000000000000000000005C
:10347000000000000000000000000000000000004C
:10348000000000000000000000000000000000003C
:10349000000000000000000000000000000000002C
:1034A000000000000000000000000000000000001C
:1034B000000000000000000000000000000000000C
:1034C00000000000000000000000000000000000FC
:1034D00000000000000000000000000000000000EC
:1034E00000000000000000000000000000000000DC
:1034F00000000000000000000000000000000000CC
:1035000000000000000000000000000000000000BB
:1035100000000000000000000000000000000000AB
:10352000000000000000000000000000000000009B
:10353000000000000000000000000000000000008B
:10354000000000000000000000000000000000007B
:10355000000000000000000000000000000000006B
:10356000000000000000000000000000000000005B
:10357000000000000000000000000000000000004B
:10358000000000000000000000000000000000003B
:10359000000000000000000000000000000000002B
:1035A000000000000000000000000000000000001B
:1035B000000000000000000000000000000000000B
:1035C00000000000000000000000000000000000FB
:1035D00000000000000000000000000000000000EB
:1035E00000000000000000000000000000000000DB
:1035F00000000000000000000000000000000000CB
:1036000000000000000000000000000000000000BA
:1036100000000000000000000000000000000000AA
:10362000000000000000000000000000000000009A
:10363000000000000000000000000000000000008A
:10364000000000000000000000000000000000007A
:10365000000000000000000000000000000000006A
:10366000000000000000000000000000000000005A
:10367000000000000000000000000000000000004A
:10368000000000000000000000000000000000003A
:10369000000000000000000000000000000000002A
:1036A000000000000000000000000000000000001A
:1036B000000000000000000000000000000000000A
:1036C00000000000000000000000000000000000FA
:1036D00000000000000000000000000000000000EA
:1036E00000000000000000000000000000000000DA
:1036F00000000000000000000000000000000000CA
:1037000000000000000000000000000000000000B9
:1037100000000000000000000000000000000000A9
:103720000000000000000000000000000000000099
:103730000000000000000000000000000000000089
:103740000000000000000000000000000000000079
:103750000000000000000000000000000000000069
:103760000000000000000000000000000000000059
:103770000000000000000000000000000000000049
:103780000000000000000000000000000000000039
:103790000000000000000000000000000000000029
:1037A0000000000000000000000000000000000019
:1037B0000000000000000000000000000000000009
:1037C00000000000000000000000000000000000F9
:1037D00000000000000000000000000000000000E9
:1037E00000000000000000000000000000000000D9
:1037F00000000000000000000000000000000000C9
:1038000000000000000000000000000000000000B8
:1038100000000000000000000000000000000000A8
:103820000000000000000000000000000000000098
:103830000000000000000000000000000000000088
:103840000000000000000000000000000000000078
:103850000000000000000000000000000000000068
:103860000000000000000000000000000000000058
:103870000000000000000000000000000000000048
:103880000000000000000000000000000000000038
:103890000000000000000000000000000000000028
:1038A0000000000000000000000000000000000018
:1038B0000000000000000000000000000000000008
:1038C00000000000000000000000000000000000F8
:1038D00000000000000000000000000000000000E8
:1038E00000000000000000000000000000000000D8
:1038F00000000000000000000000000000000000C8
:1039000000000000000000000000000000000000B7
:1039100000000000000000000000000000000000A7
:103920000000000000000000000000000000000097
:103930000000000000000000000000000000000087
:103940000000000000000000000000000000000077
:103950000000000000000000000000000000000067
:103960000000000000000000000000000000000057
:103970000000000000000000000000000000000047
:103980000000000000000000000000000000000037
:103990000000000000000000000000000000000027
:1039A0000000000000000000000000000000000017
:1039B0000000000000000000000000000000000007
:1039C00000000000000000000000000000000000F7
:1039D00000000000000000000000000000000000E7
:1039E00000000000000000000000000000000000D7
:1039F00000000000000000000000000000000000C7
:103A000000000000000000000000000000000000B6
:103A100000000000000000000000000000000000A6
:103A20000000000000000000000000000000000096
:103A30000000000000000000000000000000000086
:103A40000000000000000000000000000000000076
:103A50000000000000000000000000000000000066
:103A60000000000000000000000000000000000056
:103A70000000000000000000000000000000000046
:103A80000000000000000000000000000000000036
:103A90000000000000000000000000000000000026
:103AA0000000000000000000000000000000000016
:103AB0000000000000000000000000000000000006
:103AC00000000000000000000000000000000000F6
:103AD00000000000000000000000000000000000E6
:103AE00000000000000000000000000000000000D6
:103AF00000000000000000000000000000000000C6
:103B000000000000000000000000000000000000B5
:103B100000000000000000000000000000000000A5
:103B20000000000000000000000000000000000095
:103B30000000000000000000000000000000000085
:103B40000000000000000000000000000000000075
:103B50000000000000000000000000000000000065
:103B60000000000000000000000000000000000055
:103B70000000000000000000000000000000000045
:103B80000000000000000000000000000000000035
:103B90000000000000000000000000000000000025
:103BA0000000000000000000000000000000000015
:103BB0000000000000000000000000000000000005
:103BC00000000000000000000000000000000000F5
:103BD00000000000000000000000000000000000E5
:103BE00000000000000000000000000000000000D5
:103BF00000000000000000000000000000000000C5
:103C000000000000000000000000000000000000B4
:103C100000000000000000000000000000000000A4
:103C20000000000000000000000000000000000094
:103C30000000000000000000000000000000000084
:103C40000000000000000000000000000000000074
:103C50000000000000000000000000000000000064
:103C60000000000000000000000000000000000054
:103C70000000000000000000000000000000000044
:103C80000000000000000000000000000000000034
:103C90000000000000000000000000000000000024
:103CA0000000000000000000000000000000000014
:103CB0000000000000000000000000000000000004
:103CC00000000000000000000000000000000000F4
:103CD00000000000000000000000000000000000E4
:103CE00000000000000000000000000000000000D4
:103CF00000000000000000000000000000000000C4
:103D000000000000000000000000000000000000B3
:103D100000000000000000000000000000000000A3
:103D20000000000000000000000000000000000093
:103D30000000000000000000000000000000000083
:103D40000000000000000000000000000000000073
:103D50000000000000000000000000000000000063
:103D60000000000000000000000000000000000053
:103D70000000000000000000000000000000000043
:103D80000000000000000000000000000000000033
:103D90000000000000000000000000000000000023
:103DA0000000000000000000000000000000000013
:103DB0000000000000000000000000000000000003
:103DC00000000000000000000000000000000000F3
:103DD00000000000000000000000000000000000E3
:103DE00000000000000000000000000000000000D3
:103DF00000000000000000000000000000000000C3
:103E000000000000000000000000000000000000B2
:103E100000000000000000000000000000000000A2
:103E20000000000000000000000000000000000092
:103E30000000000000000000000000000000000082
:103E40000000000000000000000000000000000072
:103E50000000000000000000000000000000000062
:103E60000000000000000000000000000000000052
:103E70000000000000000000000000000000000042
:103E80000000000000000000000000000000000032
:103E90000000000000000000000000000000000022
:103EA0000000000000000000000000000000000012
:103EB0000000000000000000000000000000000002
:103EC00000000000000000000000000000000000F2
:103ED00000000000000000000000000000000000E2
:103EE00000000000000000000000000000000000D2
:103EF00000000000000000000000000000000000C2
:103F000000000000000000000000000000000000B1
:103F100000000000000000000000000000000000A1
:103F20000000000000000000000000000000000091
:103F30000000000000000000000000000000000081
:103F40000000000000000000000000000000000071
:103F50000000000000000000000000000000000061
:103F60000000000000000000000000000000000051
:103F70000000000000000000000000000000000041
:103F80000000000000000000000000000000000031
:103F90000000000000000000000000000000000021
:103FA0000000000000000000000000000000000011
:103FB0000000000000000000000000000000000001
:103FC00000000000000000000000000000000000F1
:103FD00000000000000000000000000000000000E1
:103FE00000000000000000000000000000000000D1
:103FF00000000000000000000000000000000000C1
:1040000000000000000000000000000000000000B0
:1040100000000000000000000000000000000000A0
:104020000000000000000000000000000000000090
:104030000000000000000000000000000000000080
:104040000000000000000000000000000000000070
:104050000000000000000000000000000000000060
:104060000000000000000000000000000000000050
:104070000000000000000000000000000000000040
:104080000000000000000000000000000000000030
:104090000000000000000000000000000000000020
:1040A0000000000000000000000000000000000010
:1040B0000000000000000000000000000000000000
:1040C00000000000000000000000000000000000F0
:1040D00000000000000000000000000000000000E0
:1040E00000000000000000000000000000000000D0
:1040F00000000000000000000000000000000000C0
:1041000000000000000000000000000000000000AF
:10411000000000000000000000000000000000009F
:10412000000000000000000000000000000000008F
:10413000000000000000000000000000000000007F
:10414000000000000000000000000000000000006F
:10415000000000000000000000000000000000005F
:10416000000000000000000000000000000000004F
:10417000000000000000000000000000000000003F
:10418000000000000000000000000000000000002F
:10419000000000000000000000000000000000001F
:1041A000000000000000000000000000000000000F
:1041B00000000000000000000000000000000000FF
:1041C00000000000000000000000000000000000EF
:1041D00000000000000000000000000000000000DF
:1041E00000000000000000000000000000000000CF
:1041F00000000000000000000000000000000000BF
:1042000000000000000000000000000000000000AE
:10421000000000000000000000000000000000009E
:10422000000000000000000000000000000000008E
:10423000000000000000000000000000000000007E
:10424000000000000000000000000000000000006E
:10425000000000000000000000000000000000005E
:10426000000000000000000000000000000000004E
:10427000000000000000000000000000000000003E
:10428000000000000000000000000000000000002E
:10429000000000000000000000000000000000001E
:1042A000000000000000000000000000000000000E
:1042B00000000000000000000000000000000000FE
:1042C00000000000000000000000000000000000EE
:1042D00000000000000000000000000000000000DE
:1042E00000000000000000000000000000000000CE
:1042F00000000000000000000000000000000000BE
:1043000000000000000000000000000000000000AD
:10431000000000000000000000000000000000009D
:10432000000000000000000000000000000000008D
:10433000000000000000000000000000000000007D
:10434000000000000000000000000000000000006D
:10435000000000000000000000000000000000005D
:10436000000000000000000000000000000000004D
:10437000000000000000000000000000000000003D
:10438000000000000000000000000000000000002D
:10439000000000000000000000000000000000001D
:1043A000000000000000000000000000000000000D
:1043B00000000000000000000000000000000000FD
:1043C00000000000000000000000000000000000ED
:1043D00000000000000000000000000000000000DD
:1043E00000000000000000000000000000000000CD
:1043F00000000000000000000000000000000000BD
:1044000000000000000000000000000000000000AC
:10441000000000000000000000000000000000009C
:10442000000000000000000000000000000000008C
:10443000000000000000000000000000000000007C
:10444000000000000000000000000000000000006C
:10445000000000000000000000000000000000005C
:10446000000000000000000000000000000000004C
:10447000000000000000000000000000000000003C
:10448000000000000000000000000000000000002C
:10449000000000000000000000000000000000001C
:1044A000000000000000000000000000000000000C
:1044B00000000000000000000000000000000000FC
:1044C00000000000000000000000000000000000EC
:1044D00000000000000000000000000000000000DC
:1044E00000000000000000000000000000000000CC
:1044F00000000000000000000000000000000000BC
:1045000000000000000000000000000000000000AB
:10451000000000000000000000000000000000009B
:10452000000000000000000000000000000000008B
:10453000000000000000000000000000000000007B
:10454000000000000000000000000000000000006B
:10455000000000000000000000000000000000005B
:10456000000000000000000000000000000000004B
:10457000000000000000000000000000000000003B
:10458000000000000000000000000000000000002B
:10459000000000000000000000000000000000001B
:1045A000000000000000000000000000000000000B
:1045B00000000000000000000000000000000000FB
:1045C00000000000000000000000000000000000EB
:1045D00000000000000000000000000000000000DB
:1045E00000000000000000000000000000000000CB
:1045F00000000000000000000000000000000000BB
:1046000000000000000000000000000000000000AA
:10461000000000000000000000000000000000009A
:10462000000000000000000000000000000000008A
:10463000000000000000000000000000000000007A
:10464000000000000000000000000000000000006A
:10465000000000000000000000000000000000005A
:10466000000000000000000000000000000000004A
:10467000000000000000000000000000000000003A
:10468000000000000000000000000000000000002A
:10469000000000000000000000000000000000001A
:1046A000000000000000000000000000000000000A
:1046B00000000000000000000000000000000000FA
:1046C00000000000000000000000000000000000EA
:1046D00000000000000000000000000000000000DA
:1046E00000000000000000000000000000000000CA
:1046F00000000000000000000000000000000000BA
:1047000000000000000000000000000000000000A9
:104710000000000000000000000000000000000099
:104720000000000000000000000000000000000089
:104730000000000000000000000000000000000079
:104740000000000000000000000000000000000069
:104750000000000000000000000000000000000059
:104760000000000000000000000000000000000049
:104770000000000000000000000000000000000039
:104780000000000000000000000000000000000029
:104790000000000000000000000000000000000019
:1047A0000000000000000000000000000000000009
:1047B00000000000000000000000000000000000F9
:1047C00000000000000000000000000000000000E9
:1047D00000000000000000000000000000000000D9
:1047E00000000000000000000000000000000000C9
:1047F00000000000000000000000000000000000B9
:1048000000000000000000000000000000000000A8
:104810000000000000000000000000000000000098
:104820000000000000000000000000000000000088
:104830000000000000000000000000000000000078
:104840000000000000000000000000000000000068
:104850000000000000000000000000000000000058
:104860000000000000000000000000000000000048
:104870000000000000000000000000000000000038
:104880000000000000000000000000000000000028
:104890000000000000000000000000000000000018
:1048A0000000000000000000000000000000000008
:1048B00000000000000000000000000000000000F8
:1048C00000000000000000000000000000000000E8
:1048D00000000000000000000000000000000000D8
:1048E00000000000000000000000000000000000C8
:1048F00000000000000000000000000000000000B8
:1049000000000000000000000000000000000000A7
:104910000000000000000000000000000000000097
:104920000000000000000000000000000000000087
:104930000000000000000000000000000000000077
:104940000000000000000000000000000000000067
:104950000000000000000000000000000000000057
:104960000000000000000000000000000000000047
:104970000000000000000000000000000000000037
:104980000000000000000000000000000000000027
:104990000000000000000000000000000000000017
:1049A0000000000000000000000000000000000007
:1049B00000000000000000000000000000000000F7
:1049C00000000000000000000000000000000000E7
:1049D00000000000000000000000000000000000D7
:1049E00000000000000000000000000000000000C7
:1049F00000000000000000000000000000000000B7
:104A000000000000000000000000000000000000A6
:104A10000000000000000000000000000000000096
:104A20000000000000000000000000000000000086
:104A30000000000000000000000000000000000076
:104A40000000000000000000000000000000000066
:104A50000000000000000000000000000000000056
:104A60000000000000000000000000000000000046
:104A70000000000000000000000000000000000036
:104A80000000000000000000000000000000000026
:104A90000000000000000000000000000000000016
:104AA0000000000000000000000000000000000006
:104AB00000000000000000000000000000000000F6
:104AC00000000000000000000000000000000000E6
:104AD00000000000000000000000000000000000D6
:104AE00000000000000000000000000000000000C6
:104AF00000000000000000000000000000000000B6
:104B000000000000000000000000000000000000A5
:104B10000000000000000000000000000000000095
:104B20000000000000000000000000000000000085
:104B30000000000000000000000000000000000075
:104B40000000000000000000000000000000000065
:104B50000000000000000000000000000000000055
:104B60000000000000000000000000000000000045
:104B70000000000000000000000000000000000035
:104B80000000000000000000000000000000000025
:104B90000000000000000000000000000000000015
:104BA0000000000000000000000000000000000005
:104BB00000000000000000000000000000000000F5
:104BC00000000000000000000000000000000000E5
:104BD00000000000000000000000000000000000D5
:104BE00000000000000000000000000000000000C5
:104BF00000000000000000000000000000000000B5
:104C000000000000000000000000000000000000A4
:104C10000000000000000000000000000000000094
:104C20000000000000000000000000000000000084
:104C30000000000000000000000000000000000074
:104C40000000000000000000000000000000000064
:104C50000000000000000000000000000000000054
:104C60000000000000000000000000000000000044
:104C70000000000000000000000000000000000034
:104C80000000000000000000000000000000000024
:104C90000000000000000000000000000000000014
:104CA0000000000000000000000000000000000004
:104CB00000000000000000000000000000000000F4
:104CC00000000000000000000000000000000000E4
:104CD00000000000000000000000000000000000D4
:104CE00000000000000000000000000000000000C4
:104CF00000000000000000000000000000000000B4
:104D000000000000000000000000000000000000A3
:104D10000000000000000000000000000000000093
:104D20000000000000000000000000000000000083
:104D30000000000000000000000000000000000073
:104D40000000000000000000000000000000000063
:104D50000000000000000000000000000000000053
:104D60000000000000000000000000000000000043
:104D70000000000000000000000000000000000033
:104D80000000000000000000000000000000000023
:104D90000000000000000000000000000000000013
:104DA0000000000000000000000000000000000003
:104DB00000000000000000000000000000000000F3
:104DC00000000000000000000000000000000000E3
:104DD00000000000000000000000000000000000D3
:104DE00000000000000000000000000000000000C3
:104DF00000000000000000000000000000000000B3
:104E000000000000000000000000000000000000A2
:104E10000000000000000000000000000000000092
:104E20000000000000000000000000000000000082
:104E30000000000000000000000000000000000072
:104E40000000000000000000000000000000000062
:104E50000000000000000000000000000000000052
:104E60000000000000000000000000000000000042
:104E70000000000000000000000000000000000032
:104E80000000000000000000000000000000000022
:104E90000000000000000000000000000000000012
:104EA0000000000000000000000000000000000002
:104EB00000000000000000000000000000000000F2
:104EC00000000000000000000000000000000000E2
:104ED00000000000000000000000000000000000D2
:104EE00000000000000000000000000000000000C2
:104EF00000000000000000000000000000000000B2
:104F000000000000000000000000000000000000A1
:104F10000000000000000000000000000000000091
:104F20000000000000000000000000000000000081
:104F30000000000000000000000000000000000071
:104F40000000000000000000000000000000000061
:104F50000000000000000000000000000000000051
:104F60000000000000000000000000000000000041
:104F70000000000000000000000000000000000031
:104F80000000000000000000000000000000000021
:104F90000000000000000000000000000000000011
:104FA0000000000000000000000000000000000001
:104FB00000000000000000000000000000000000F1
:104FC00000000000000000000000000000000000E1
:104FD00000000000000000000000000000000000D1
:104FE00000000000000000000000000000000000C1
:104FF00000000000000000000000000000000000B1
:1050000000000000000000000000000000000000A0
:105010000000000000000000000000000000000090
:105020000000000000000000000000000000000080
:105030000000000000000000000000000000000070
:105040000000000000000000000000000000000060
:105050000000000000000000000000000000000050
:105060000000000000000000000000000000000040
:105070000000000000000000000000000000000030
:105080000000000000000000000000000000000020
:105090000000000000000000000000000000000010
:1050A0000000000000000000000000000000000000
:1050B00000000000000000000000000000000000F0
:1050C00000000000000000000000000000000000E0
:1050D00000000000000000000000000000000000D0
:1050E00000000000000000000000000000000000C0
:1050F00000000000000000000000000000000000B0
:10510000000000000000000000000000000000009F
:10511000000000000000000000000000000000008F
:10512000000000000000000000000000000000007F
:10513000000000000000000000000000000000006F
:10514000000000000000000000000000000000005F
:10515000000000000000000000000000000000004F
:10516000000000000000000000000000000000003F
:10517000000000000000000000000000000000002F
:10518000000000000000000000000000000000001F
:10519000000000000000000000000000000000000F
:1051A00000000000000000000000000000000000FF
:1051B00000000000000000000000000000000000EF
:1051C00000000000000000000000000000000000DF
:1051D00000000000000000000000000000000000CF
:1051E00000000000000000000000000000000000BF
:1051F00000000000000000000000000000000000AF
:10520000000000000000000000000000000000009E
:10521000000000000000000000000000000000008E
:10522000000000000000000000000000000000007E
:10523000000000000000000000000000000000006E
:10524000000000000000000000000000000000005E
:10525000000000000000000000000000000000004E
:10526000000000000000000000000000000000003E
:10527000000000000000000000000000000000002E
:10528000000000000000000000000000000000001E
:10529000000000000000000000000000000000000E
:1052A00000000000000000000000000000000000FE
:1052B00000000000000000000000000000000000EE
:1052C00000000000000000000000000000000000DE
:1052D00000000000000000000000000000000000CE
:1052E00000000000000000000000000000000000BE
:1052F00000000000000000000000000000000000AE
:10530000000000000000000000000000000000009D
:10531000000000000000000000000000000000008D
:10532000000000000000000000000000000000007D
:10533000000000000000000000000000000000006D
:10534000000000000000000000000000000000005D
:10535000000000000000000000000000000000004D
:10536000000000000000000000000000000000003D
:10537000000000000000000000000000000000002D
:10538000000000000000000000000000000000001D
:10539000000000000000000000000000000000000D
:1053A00000000000000000000000000000000000FD
:1053B00000000000000000000000000000000000ED
:1053C00000000000000000000000000000000000DD
:1053D00000000000000000000000000000000000CD
:1053E00000000000000000000000000000000000BD
:1053F00000000000000000000000000000000000AD
:10540000000000000000000000000000000000009C
:10541000000000000000000000000000000000008C
:10542000000000000000000000000000000000007C
:10543000000000000000000000000000000000006C
:10544000000000000000000000000000000000005C
:10545000000000000000000000000000000000004C
:10546000000000000000000000000000000000003C
:10547000000000000000000000000000000000002C
:10548000000000000000000000000000000000001C
:10549000000000000000000000000000000000000C
:1054A00000000000000000000000000000000000FC
:1054B00000000000000000000000000000000000EC
:1054C00000000000000000000000000000000000DC
:1054D00000000000000000000000000000000000CC
:1054E00000000000000000000000000000000000BC
:1054F00000000000000000000000000000000000AC
:10550000000000000000000000000000000000009B
:10551000000000000000000000000000000000008B
:10552000000000000000000000000000000000007B
:10553000000000000000000000000000000000006B
:10554000000000000000000000000000000000005B
:10555000000000000000000000000000000000004B
:10556000000000000000000000000000000000003B
:10557000000000000000000000000000000000002B
:10558000000000000000000000000000000000001B
:10559000000000000000000000000000000000000B
:1055A00000000000000000000000000000000000FB
:1055B00000000000000000000000000000000000EB
:1055C00000000000000000000000000000000000DB
:1055D00000000000000000000000000000000000CB
:1055E00000000000000000000000000000000000BB
:1055F00000000000000000000000000000000000AB
:10560000000000000000000000000000000000009A
:10561000000000000000000000000000000000008A
:10562000000000000000000000000000000000007A
:10563000000000000000000000000000000000006A
:10564000000000000000000000000000000000005A
:10565000000000000000000000000000000000004A
:10566000000000000000000000000000000000003A
:10567000000000000000000000000000000000002A
:10568000000000000000000000000000000000001A
:10569000000000000000000000000000000000000A
:1056A00000000000000000000000000000000000FA
:1056B00000000000000000000000000000000000EA
:1056C00000000000000000000000000000000000DA
:1056D00000000000000000000000000000000000CA
:1056E00000000000000000000000000000000000BA
:1056F00000000000000000000000000000000000AA
:105700000000000000000000000000000000000099
:105710000000000000000000000000000000000089
:105720000000000000000000000000000000000079
:105730000000000000000000000000000000000069
:105740000000000000000000000000000000000059
:105750000000000000000000000000000000000049
:105760000000000000000000000000000000000039
:105770000000000000000000000000000000000029
:105780000000000000000000000000000000000019
:105790000000000000000000000000000000000009
:1057A00000000000000000000000000000000000F9
:1057B00000000000000000000000000000000000E9
:1057C00000000000000000000000000000000000D9
:1057D00000000000000000000000000000000000C9
:1057E00000000000000000000000000000000000B9
:1057F00000000000000000000000000000000000A9
:105800000000000000000000000000000000000098
:105810000000000000000000000000000000000088
:105820000000000000000000000000000000000078
:105830000000000000000000000000000000000068
:105840000000000000000000000000000000000058
:105850000000000000000000000000000000000048
:105860000000000000000000000000000000000038
:105870000000000000000000000000000000000028
:105880000000000000000000000000000000000018
:105890000000000000000000000000000000000008
:1058A00000000000000000000000000000000000F8
:1058B00000000000000000000000000000000000E8
:1058C00000000000000000000000000000000000D8
:1058D00000000000000000000000000000000000C8
:1058E00000000000000000000000000000000000B8
:1058F00000000000000000000000000000000000A8
:105900000000000000000000000000000000000097
:105910000000000000000000000000000000000087
:105920000000000000000000000000000000000077
:105930000000000000000000000000000000000067
:105940000000000000000000000000000000000057
:105950000000000000000000000000000000000047
:105960000000000000000000000000000000000037
:105970000000000000000000000000000000000027
:105980000000000000000000000000000000000017
:105990000000000000000000000000000000000007
:1059A00000000000000000000000000000000000F7
:1059B00000000000000000000000000000000000E7
:1059C00000000000000000000000000000000000D7
:1059D00000000000000000000000000000000000C7
:1059E00000000000000000000000000000000000B7
:1059F00000000000000000000000000000000000A7
:105A00000000000000000000000000000000000096
:105A10000000000000000000000000000000000086
:105A20000000000000000000000000000000000076
:105A30000000000000000000000000000000000066
:105A40000000000000000000000000000000000056
:105A50000000000000000000000000000000000046
:105A60000000000000000000000000000000000036
:105A70000000000000000000000000000000000026
:105A80000000000000000000000000000000000016
:105A90000000000000000000000000000000000006
:105AA00000000000000000000000000000000000F6
:105AB00000000000000000000000000000000000E6
:105AC00000000000000000000000000000000000D6
:105AD00000000000000000000000000000000000C6
:105AE00000000000000000000000000000000000B6
:105AF00000000000000000000000000000000000A6
:105B00000000000000000000000000000000000095
:105B10000000000000000000000000000000000085
:105B20000000000000000000000000000000000075
:105B30000000000000000000000000000000000065
:105B40000000000000000000000000000000000055
:105B50000000000000000000000000000000000045
:105B60000000000000000000000000000000000035
:105B70000000000000000000000000000000000025
:105B80000000000000000000000000000000000015
:105B90000000000000000000000000000000000005
:105BA00000000000000000000000000000000000F5
:105BB00000000000000000000000000000000000E5
:105BC00000000000000000000000000000000000D5
:105BD00000000000000000000000000000000000C5
:105BE00000000000000000000000000000000000B5
:105BF00000000000000000000000000000000000A5
:105C00000000000000000000000000000000000094
:105C10000000000000000000000000000000000084
:105C20000000000000000000000000000000000074
:105C30000000000000000000000000000000000064
:105C40000000000000000000000000000000000054
:105C50000000000000000000000000000000000044
:105C60000000000000000000000000000000000034
:105C70000000000000000000000000000000000024
:105C80000000000000000000000000000000000014
:105C90000000000000000000000000000000000004
:105CA00000000000000000000000000000000000F4
:105CB00000000000000000000000000000000000E4
:105CC00000000000000000000000000000000000D4
:105CD00000000000000000000000000000000000C4
:105CE00000000000000000000000000000000000B4
:105CF00000000000000000000000000000000000A4
:105D00000000000000000000000000000000000093
:105D10000000000000000000000000000000000083
:105D20000000000000000000000000000000000073
:105D30000000000000000000000000000000000063
:105D40000000000000000000000000000000000053
:105D50000000000000000000000000000000000043
:105D60000000000000000000000000000000000033
:105D70000000000000000000000000000000000023
:105D80000000000000000000000000000000000013
:105D90000000000000000000000000000000000003
:105DA00000000000000000000000000000000000F3
:105DB00000000000000000000000000000000000E3
:105DC00000000000000000000000000000000000D3
:105DD00000000000000000000000000000000000C3
:105DE00000000000000000000000000000000000B3
:105DF00000000000000000000000000000000000A3
:105E00000000000000000000000000000000000092
:105E10000000000000000000000000000000000082
:105E20000000000000000000000000000000000072
:105E30000000000000000000000000000000000062
:105E40000000000000000000000000000000000052
:105E50000000000000000000000000000000000042
:105E60000000000000000000000000000000000032
:105E70000000000000000000000000000000000022
:105E80000000000000000000000000000000000012
:105E90000000000000000000000000000000000002
:105EA00000000000000000000000000000000000F2
:105EB00000000000000000000000000000000000E2
:105EC00000000000000000000000000000000000D2
:105ED00000000000000000000000000000000000C2
:105EE00000000000000000000000000000000000B2
:105EF00000000000000000000000000000000000A2
:105F00000000000000000000000000000000000091
:105F10000000000000000000000000000000000081
:105F20000000000000000000000000000000000071
:105F30000000000000000000000000000000000061
:105F40000000000000000000000000000000000051
:105F50000000000000000000000000000000000041
:105F60000000000000000000000000000000000031
:105F70000000000000000000000000000000000021
:105F80000000000000000000000000000000000011
:105F90000000000000000000000000000000000001
:105FA00000000000000000000000000000000000F1
:105FB00000000000000000000000000000000000E1
:105FC00000000000000000000000000000000000D1
:105FD00000000000000000000000000000000000C1
:105FE00000000000000000000000000000000000B1
:105FF00000000000000000000000000000000000A1
:106000000000000000000000000000000000000090
:106010000000000000000000000000000000000080
:106020000000000000000000000000000000000070
:106030000000000000000000000000000000000060
:106040000000000000000000000000000000000050
:106050000000000000000000000000000000000040
:106060000000000000000000000000000000000030
:106070000000000000000000000000000000000020
:106080000000000000000000000000000000000010
:106090000000000000000000000000000000000000
:1060A00000000000000000000000000000000000F0
:1060B00000000000000000000000000000000000E0
:1060C00000000000000000000000000000000000D0
:1060D00000000000000000000000000000000000C0
:1060E00000000000000000000000000000000000B0
:1060F00000000000000000000000000000000000A0
:10610000000000000000000000000000000000008F
:10611000000000000000000000000000000000007F
:10612000000000000000000000000000000000006F
:10613000000000000000000000000000000000005F
:10614000000000000000000000000000000000004F
:10615000000000000000000000000000000000003F
:10616000000000000000000000000000000000002F
:10617000000000000000000000000000000000001F
:10618000000000000000000000000000000000000F
:1061900000000000000000000000000000000000FF
:1061A00000000000000000000000000000000000EF
:1061B00000000000000000000000000000000000DF
:1061C00000000000000000000000000000000000CF
:1061D00000000000000000000000000000000000BF
:1061E00000000000000000000000000000000000AF
:1061F000000000000000000000000000000000009F
:10620000000000000000000000000000000000008E
:10621000000000000000000000000000000000007E
:10622000000000000000000000000000000000006E
:10623000000000000000000000000000000000005E
:10624000000000000000000000000000000000004E
:10625000000000000000000000000000000000003E
:10626000000000000000000000000000000000002E
:10627000000000000000000000000000000000001E
:10628000000000000000000000000000000000000E
:1062900000000000000000000000000000000000FE
:1062A00000000000000000000000000000000000EE
:1062B00000000000000000000000000000000000DE
:1062C00000000000000000000000000000000000CE
:1062D00000000000000000000000000000000000BE
:1062E00000000000000000000000000000000000AE
:1062F000000000000000000000000000000000009E
:10630000000000000000000000000000000000008D
:10631000000000000000000000000000000000007D
:10632000000000000000000000000000000000006D
:10633000000000000000000000000000000000005D
:10634000000000000000000000000000000000004D
:10635000000000000000000000000000000000003D
:10636000000000000000000000000000000000002D
:10637000000000000000000000000000000000001D
:10638000000000000000000000000000000000000D
:1063900000000000000000000000000000000000FD
:1063A00000000000000000000000000000000000ED
:1063B00000000000000000000000000000000000DD
:1063C00000000000000000000000000000000000CD
:1063D00000000000000000000000000000000000BD
:1063E00000000000000000000000000000000000AD
:1063F000000000000000000000000000000000009D
:10640000000000000000000000000000000000008C
:10641000000000000000000000000000000000007C
:10642000000000000000000000000000000000006C
:10643000000000000000000000000000000000005C
:10644000000000000000000000000000000000004C
:10645000000000000000000000000000000000003C
:10646000000000000000000000000000000000002C
:10647000000000000000000000000000000000001C
:10648000000000000000000000000000000000000C
:1064900000000000000000000000000000000000FC
:1064A00000000000000000000000000000000000EC
:1064B00000000000000000000000000000000000DC
:1064C00000000000000000000000000000000000CC
:1064D00000000000000000000000000000000000BC
:1064E00000000000000000000000000000000000AC
:1064F000000000000000000000000000000000009C
:10650000000000000000000000000000000000008B
:10651000000000000000000000000000000000007B
:10652000000000000000000000000000000000006B
:10653000000000000000000000000000000000005B
:10654000000000000000000000000000000000004B
:10655000000000000000000000000000000000003B
:10656000000000000000000000000000000000002B
:10657000000000000000000000000000000000001B
:10658000000000000000000000000000000000000B
:1065900000000000000000000000000000000000FB
:1065A00000000000000000000000000000000000EB
:1065B00000000000000000000000000000000000DB
:1065C00000000000000000000000000000000000CB
:1065D00000000000000000000000000000000000BB
:1065E00000000000000000000000000000000000AB
:1065F000000000000000000000000000000000009B
:10660000000000000000000000000000000000008A
:10661000000000000000000000000000000000007A
:10662000000000000000000000000000000000006A
:10663000000000000000000000000000000000005A
:10664000000000000000000000000000000000004A
:10665000000000000000000000000000000000003A
:10666000000000000000000000000000000000002A
:10667000000000000000000000000000000000001A
:10668000000000000000000000000000000000000A
:1066900000000000000000000000000000000000FA
:1066A00000000000000000000000000000000000EA
:1066B00000000000000000000000000000000000DA
:1066C00000000000000000000000000000000000CA
:1066D00000000000000000000000000000000000BA
:1066E00000000000000000000000000000000000AA
:1066F000000000000000000000000000000000009A
:106700000000000000000000000000000000000089
:106710000000000000000000000000000000000079
:106720000000000000000000000000000000000069
:106730000000000000000000000000000000000059
:106740000000000000000000000000000000000049
:106750000000000000000000000000000000000039
:106760000000000000000000000000000000000029
:106770000000000000000000000000000000000019
:106780000000000000000000000000000000000009
:1067900000000000000000000000000000000000F9
:1067A00000000000000000000000000000000000E9
:1067B00000000000000000000000000000000000D9
:1067C00000000000000000000000000000000000C9
:1067D00000000000000000000000000000000000B9
:1067E00000000000000000000000000000000000A9
:1067F0000000000000000000000000000000000099
:106800000000000000000000000000000000000088
:106810000000000000000000000000000000000078
:106820000000000000000000000000000000000068
:106830000000000000000000000000000000000058
:106840000000000000000000000000000000000048
:106850000000000000000000000000000000000038
:106860000000000000000000000000000000000028
:106870000000000000000000000000000000000018
:106880000000000000000000000000000000000008
:1068900000000000000000000000000000000000F8
:1068A00000000000000000000000000000000000E8
:1068B00000000000000000000000000000000000D8
:1068C00000000000000000000000000000000000C8
:1068D00000000000000000000000000000000000B8
:1068E00000000000000000000000000000000000A8
:1068F0000000000000000000000000000000000098
:106900000000000000000000000000000000000087
:106910000000000000000000000000000000000077
:106920000000000000000000000000000000000067
:106930000000000000000000000000000000000057
:106940000000000000000000000000000000000047
:106950000000000000000000000000000000000037
:106960000000000000000000000000000000000027
:106970000000000000000000000000000000000017
:106980000000000000000000000000000000000007
:1069900000000000000000000000000000000000F7
:1069A00000000000000000000000000000000000E7
:1069B00000000000000000000000000000000000D7
:1069C00000000000000000000000000000000000C7
:1069D00000000000000000000000000000000000B7
:1069E00000000000000000000000000000000000A7
:1069F0000000000000000000000000000000000097
:106A00000000000000000000000000000000000086
:106A10000000000000000000000000000000000076
:106A20000000000000000000000000000000000066
:106A30000000000000000000000000000000000056
:106A40000000000000000000000000000000000046
:106A50000000000000000000000000000000000036
:106A60000000000000000000000000000000000026
:106A70000000000000000000000000000000000016
:106A80000000000000000000000000000000000006
:106A900000000000000000000000000000000000F6
:106AA00000000000000000000000000000000000E6
:106AB00000000000000000000000000000000000D6
:106AC00000000000000000000000000000000000C6
:106AD00000000000000000000000000000000000B6
:106AE00000000000000000000000000000000000A6
:106AF0000000000000000000000000000000000096
:106B00000000000000000000000000000000000085
:106B10000000000000000000000000000000000075
:106B20000000000000000000000000000000000065
:106B30000000000000000000000000000000000055
:106B40000000000000000000000000000000000045
:106B50000000000000000000000000000000000035
:106B60000000000000000000000000000000000025
:106B70000000000000000000000000000000000015
:106B80000000000000000000000000000000000005
:106B900000000000000000000000000000000000F5
:106BA00000000000000000000000000000000000E5
:106BB00000000000000000000000000000000000D5
:106BC00000000000000000000000000000000000C5
:106BD00000000000000000000000000000000000B5
:106BE00000000000000000000000000000000000A5
:106BF0000000000000000000000000000000000095
:106C00000000000000000000000000000000000084
:106C10000000000000000000000000000000000074
:106C20000000000000000000000000000000000064
:106C30000000000000000000000000000000000054
:106C40000000000000000000000000000000000044
:106C50000000000000000000000000000000000034
:106C60000000000000000000000000000000000024
:106C70000000000000000000000000000000000014
:106C80000000000000000000000000000000000004
:106C900000000000000000000000000000000000F4
:106CA00000000000000000000000000000000000E4
:106CB00000000000000000000000000000000000D4
:106CC00000000000000000000000000000000000C4
:106CD00000000000000000000000000000000000B4
:106CE00000000000000000000000000000000000A4
:106CF0000000000000000000000000000000000094
:106D00000000000000000000000000000000000083
:106D10000000000000000000000000000000000073
:106D20000000000000000000000000000000000063
:106D30000000000000000000000000000000000053
:106D40000000000000000000000000000000000043
:106D50000000000000000000000000000000000033
:106D60000000000000000000000000000000000023
:106D70000000000000000000000000000000000013
:106D80000000000000000000000000000000000003
:106D900000000000000000000000000000000000F3
:106DA00000000000000000000000000000000000E3
:106DB00000000000000000000000000000000000D3
:106DC00000000000000000000000000000000000C3
:106DD00000000000000000000000000000000000B3
:106DE00000000000000000000000000000000000A3
:106DF0000000000000000000000000000000000093
:106E00000000000000000000000000000000000082
:106E10000000000000000000000000000000000072
:106E20000000000000000000000000000000000062
:106E30000000000000000000000000000000000052
:106E40000000000000000000000000000000000042
:106E50000000000000000000000000000000000032
:106E60000000000000000000000000000000000022
:106E70000000000000000000000000000000000012
:106E80000000000000000000000000000000000002
:106E900000000000000000000000000000000000F2
:106EA00000000000000000000000000000000000E2
:106EB00000000000000000000000000000000000D2
:106EC00000000000000000000000000000000000C2
:106ED00000000000000000000000000000000000B2
:106EE00000000000000000000000000000000000A2
:106EF0000000000000000000000000000000000092
:106F00000000000000000000000000000000000081
:106F10000000000000000000000000000000000071
:106F20000000000000000000000000000000000061
:106F30000000000000000000000000000000000051
:106F40000000000000000000000000000000000041
:106F50000000000000000000000000000000000031
:106F60000000000000000000000000000000000021
:106F70000000000000000000000000000000000011
:106F80000000000000000000000000000000000001
:106F900000000000000000000000000000000000F1
:106FA00000000000000000000000000000000000E1
:106FB00000000000000000000000000000000000D1
:106FC00000000000000000000000000000000000C1
:106FD00000000000000000000000000000000000B1
:106FE00000000000000000000000000000000000A1
:106FF0000000000000000000000000000000000091
:107000000000000000000000000000000000000080
:107010000000000000000000000000000000000070
:107020000000000000000000000000000000000060
:107030000000000000000000000000000000000050
:107040000000000000000000000000000000000040
:107050000000000000000000000000000000000030
:107060000000000000000000000000000000000020
:107070000000000000000000000000000000000010
:107080000000000000000000000000000000000000
:1070900000000000000000000000000000000000F0
:1070A00000000000000000000000000000000000E0
:1070B00000000000000000000000000000000000D0
:1070C00000000000000000000000000000000000C0
:1070D00000000000000000000000000000000000B0
:1070E00000000000000000000000000000000000A0
:1070F0000000000000000000000000000000000090
:10710000000000000000000000000000000000007F
:10711000000000000000000000000000000000006F
:10712000000000000000000000000000000000005F
:10713000000000000000000000000000000000004F
:10714000000000000000000000000000000000003F
:10715000000000000000000000000000000000002F
:10716000000000000000000000000000000000001F
:10717000000000000000000000000000000000000F
:1071800000000000000000000000000000000000FF
:1071900000000000000000000000000000000000EF
:1071A00000000000000000000000000000000000DF
:1071B00000000000000000000000000000000000CF
:1071C00000000000000000000000000000000000BF
:1071D00000000000000000000000000000000000AF
:1071E000000000000000000000000000000000009F
:1071F000000000000000000000000000000000008F
:10720000000000000000000000000000000000007E
:10721000000000000000000000000000000000006E
:10722000000000000000000000000000000000005E
:10723000000000000000000000000000000000004E
:10724000000000000000000000000000000000003E
:10725000000000000000000000000000000000002E
:10726000000000000000000000000000000000001E
:10727000000000000000000000000000000000000E
:1072800000000000000000000000000000000000FE
:1072900000000000000000000000000000000000EE
:1072A00000000000000000000000000000000000DE
:1072B00000000000000000000000000000000000CE
:1072C00000000000000000000000000000000000BE
:1072D00000000000000000000000000000000000AE
:1072E000000000000000000000000000000000009E
:1072F000000000000000000000000000000000008E
:10730000000000000000000000000000000000007D
:10731000000000000000000000000000000000006D
:10732000000000000000000000000000000000005D
:10733000000000000000000000000000000000004D
:10734000000000000000000000000000000000003D
:10735000000000000000000000000000000000002D
:10736000000000000000000000000000000000001D
:10737000000000000000000000000000000000000D
:1073800000000000000000000000000000000000FD
:1073900000000000000000000000000000000000ED
:1073A00000000000000000000000000000000000DD
:1073B00000000000000000000000000000000000CD
:1073C00000000000000000000000000000000000BD
:1073D00000000000000000000000000000000000AD
:1073E000000000000000000000000000000000009D
:1073F000000000000000000000000000000000008D
:10740000000000000000000000000000000000007C
:10741000000000000000000000000000000000006C
:10742000000000000000000000000000000000005C
:10743000000000000000000000000000000000004C
:10744000000000000000000000000000000000003C
:10745000000000000000000000000000000000002C
:10746000000000000000000000000000000000001C
:10747000000000000000000000000000000000000C
:1074800000000000000000000000000000000000FC
:1074900000000000000000000000000000000000EC
:1074A00000000000000000000000000000000000DC
:1074B00000000000000000000000000000000000CC
:1074C00000000000000000000000000000000000BC
:1074D00000000000000000000000000000000000AC
:1074E000000000000000000000000000000000009C
:1074F000000000000000000000000000000000008C
:10750000000000000000000000000000000000007B
:10751000000000000000000000000000000000006B
:10752000000000000000000000000000000000005B
:10753000000000000000000000000000000000004B
:10754000000000000000000000000000000000003B
:10755000000000000000000000000000000000002B
:10756000000000000000000000000000000000001B
:10757000000000000000000000000000000000000B
:1075800000000000000000000000000000000000FB
:1075900000000000000000000000000000000000EB
:1075A00000000000000000000000000000000000DB
:1075B00000000000000000000000000000000000CB
:1075C00000000000000000000000000000000000BB
:1075D00000000000000000000000000000000000AB
:1075E000000000000000000000000000000000009B
:1075F000000000000000000000000000000000008B
:10760000000000000000000000000000000000007A
:10761000000000000000000000000000000000006A
:10762000000000000000000000000000000000005A
:10763000000000000000000000000000000000004A
:10764000000000000000000000000000000000003A
:10765000000000000000000000000000000000002A
:10766000000000000000000000000000000000001A
:10767000000000000000000000000000000000000A
:1076800000000000000000000000000000000000FA
:1076900000000000000000000000000000000000EA
:1076A00000000000000000000000000000000000DA
:1076B00000000000000000000000000000000000CA
:1076C00000000000000000000000000000000000BA
:1076D00000000000000000000000000000000000AA
:1076E000000000000000000000000000000000009A
:1076F000000000000000000000000000000000008A
:107700000000000000000000000000000000000079
:107710000000000000000000000000000000000069
:107720000000000000000000000000000000000059
:107730000000000000000000000000000000000049
:107740000000000000000000000000000000000039
:107750000000000000000000000000000000000029
:107760000000000000000000000000000000000019
:107770000000000000000000000000000000000009
:1077800000000000000000000000000000000000F9
:1077900000000000000000000000000000000000E9
:1077A00000000000000000000000000000000000D9
:1077B00000000000000000000000000000000000C9
:1077C00000000000000000000000000000000000B9
:1077D00000000000000000000000000000000000A9
:1077E0000000000000000000000000000000000099
:1077F0000000000000000000000000000000000089
:107800000000000000000000000000000000000078
:107810000000000000000000000000000000000068
:107820000000000000000000000000000000000058
:107830000000000000000000000000000000000048
:107840000000000000000000000000000000000038
:107850000000000000000000000000000000000028
:107860000000000000000000000000000000000018
:107870000000000000000000000000000000000008
:1078800000000000000000000000000000000000F8
:1078900000000000000000000000000000000000E8
:1078A00000000000000000000000000000000000D8
:1078B00000000000000000000000000000000000C8
:1078C00000000000000000000000000000000000B8
:1078D00000000000000000000000000000000000A8
:1078E0000000000000000000000000000000000098
:1078F0000000000000000000000000000000000088
:107900000000000000000000000000000000000077
:107910000000000000000000000000000000000067
:107920000000000000000000000000000000000057
:107930000000000000000000000000000000000047
:107940000000000000000000000000000000000037
:107950000000000000000000000000000000000027
:107960000000000000000000000000000000000017
:107970000000000000000000000000000000000007
:1079800000000000000000000000000000000000F7
:1079900000000000000000000000000000000000E7
:1079A00000000000000000000000000000000000D7
:1079B00000000000000000000000000000000000C7
:1079C00000000000000000000000000000000000B7
:1079D00000000000000000000000000000000000A7
:1079E0000000000000000000000000000000000097
:1079F0000000000000000000000000000000000087
:107A00000000000000000000000000000000000076
:107A10000000000000000000000000000000000066
:107A20000000000000000000000000000000000056
:107A30000000000000000000000000000000000046
:107A40000000000000000000000000000000000036
:107A50000000000000000000000000000000000026
:107A60000000000000000000000000000000000016
:107A70000000000000000000000000000000000006
:107A800000000000000000000000000000000000F6
:107A900000000000000000000000000000000000E6
:107AA00000000000000000000000000000000000D6
:107AB00000000000000000000000000000000000C6
:107AC00000000000000000000000000000000000B6
:107AD00000000000000000000000000000000000A6
:107AE0000000000000000000000000000000000096
:107AF0000000000000000000000000000000000086
:107B00000000000000000000000000000000000075
:107B10000000000000000000000000000000000065
:107B20000000000000000000000000000000000055
:107B30000000000000000000000000000000000045
:107B40000000000000000000000000000000000035
:107B50000000000000000000000000000000000025
:107B60000000000000000000000000000000000015
:107B70000000000000000000000000000000000005
:107B800000000000000000000000000000000000F5
:107B900000000000000000000000000000000000E5
:107BA00000000000000000000000000000000000D5
:107BB00000000000000000000000000000000000C5
:107BC00000000000000000000000000000000000B5
:107BD00000000000000000000000000000000000A5
:107BE0000000000000000000000000000000000095
:107BF0000000000000000000000000000000000085
:107C00000000000000000000000000000000000074
:107C10000000000000000000000000000000000064
:107C20000000000000000000000000000000000054
:107C30000000000000000000000000000000000044
:107C40000000000000000000000000000000000034
:107C50000000000000000000000000000000000024
:107C60000000000000000000000000000000000014
:107C70000000000000000000000000000000000004
:107C800000000000000000000000000000000000F4
:107C900000000000000000000000000000000000E4
:107CA00000000000000000000000000000000000D4
:107CB00000000000000000000000000000000000C4
:107CC00000000000000000000000000000000000B4
:107CD00000000000000000000000000000000000A4
:107CE0000000000000000000000000000000000094
:107CF0000000000000000000000000000000000084
:107D00000000000000000000000000000000000073
:107D10000000000000000000000000000000000063
:107D20000000000000000000000000000000000053
:107D30000000000000000000000000000000000043
:107D40000000000000000000000000000000000033
:107D50000000000000000000000000000000000023
:107D60000000000000000000000000000000000013
:107D70000000000000000000000000000000000003
:107D800000000000000000000000000000000000F3
:107D900000000000000000000000000000000000E3
:107DA00000000000000000000000000000000000D3
:107DB00000000000000000000000000000000000C3
:107DC00000000000000000000000000000000000B3
:107DD00000000000000000000000000000000000A3
:107DE0000000000000000000000000000000000093
:107DF0000000000000000000000000000000000083
:107E00000000000000000000000000000000000072
:107E10000000000000000000000000000000000062
:107E20000000000000000000000000000000000052
:107E30000000000000000000000000000000000042
:107E40000000000000000000000000000000000032
:107E50000000000000000000000000000000000022
:107E60000000000000000000000000000000000012
:107E70000000000000000000000000000000000002
:107E800000000000000000000000000000000000F2
:107E900000000000000000000000000000000000E2
:107EA00000000000000000000000000000000000D2
:107EB00000000000000000000000000000000000C2
:107EC00000000000000000000000000000000000B2
:107ED00000000000000000000000000000000000A2
:107EE0000000000000000000000000000000000092
:107EF0000000000000000000000000000000000082
:107F00000000000000000000000000000000000071
:107F10000000000000000000000000000000000061
:107F20000000000000000000000000000000000051
:107F30000000000000000000000000000000000041
:107F40000000000000000000000000000000000031
:107F50000000000000000000000000000000000021
:107F60000000000000000000000000000000000011
:107F70000000000000000000000000000000000001
:107F800000000000000000000000000000000000F1
:107F900000000000000000000000000000000000E1
:107FA00000000000000000000000000000000000D1
:107FB00000000000000000000000000000000000C1
:107FC00000000000000000000000000000000000B1
:107FD00000000000000000000000000000000000A1
:107FE0000000000000000000000000000000000091
:107FF0000000000000000000000000000000000081
:108000000000000000000000000000000000000070
:108010000000000000000000000000000000000060
:108020000000000000000000000000000000000050
:108030000000000000000000000000000000000040
:108040000000000000000000000000000000000030
:108050000000000000000000000000000000000020
:108060000000000000000000000000000000000010
:108070000000000000000000000000000000000000
:1080800000000000000000000000000000000000F0
:1080900000000000000000000000000000000000E0
:1080A00000000000000000000000000000000000D0
:1080B00000000000000000000000000000000000C0
:1080C00000000000000000000000000000000000B0
:1080D00000000000000000000000000000000000A0
:1080E0000000000000000000000000000000000090
:1080F0000000000000000000000000000000000080
:10810000000000000000000000000000000000006F
:10811000000000000000000000000000000000005F
:10812000000000000000000000000000000000004F
:10813000000000000000000000000000000000003F
:10814000000000000000000000000000000000002F
:10815000000000000000000000000000000000001F
:10816000000000000000000000000000000000000F
:1081700000000000000000000000000000000000FF
:1081800000000000000000000000000000000000EF
:1081900000000000000000000000000000000000DF
:1081A00000000000000000000000000000000000CF
:1081B00000000000000000000000000000000000BF
:1081C00000000000000000000000000000000000AF
:1081D000000000000000000000000000000000009F
:1081E000000000000000000000000000000000008F
:1081F000000000000000000000000000000000007F
:10820000000000000000000000000000000000006E
:10821000000000000000000000000000000000005E
:10822000000000000000000000000000000000004E
:10823000000000000000000000000000000000003E
:10824000000000000000000000000000000000002E
:10825000000000000000000000000000000000001E
:10826000000000000000000000000000000000000E
:1082700000000000000000000000000000000000FE
:1082800000000000000000000000000000000000EE
:1082900000000000000000000000000000000000DE
:1082A00000000000000000000000000000000000CE
:1082B00000000000000000000000000000000000BE
:1082C00000000000000000000000000000000000AE
:1082D000000000000000000000000000000000009E
:1082E000000000000000000000000000000000008E
:1082F000000000000000000000000000000000007E
:10830000000000000000000000000000000000006D
:10831000000000000000000000000000000000005D
:10832000000000000000000000000000000000004D
:10833000000000000000000000000000000000003D
:10834000000000000000000000000000000000002D
:10835000000000000000000000000000000000001D
:10836000000000000000000000000000000000000D
:1083700000000000000000000000000000000000FD
:1083800000000000000000000000000000000000ED
:1083900000000000000000000000000000000000DD
:1083A00000000000000000000000000000000000CD
:1083B00000000000000000000000000000000000BD
:1083C00000000000000000000000000000000000AD
:1083D000000000000000000000000000000000009D
:1083E000000000000000000000000000000000008D
:1083F000000000000000000000000000000000007D
:10840000000000000000000000000000000000006C
:10841000000000000000000000000000000000005C
:10842000000000000000000000000000000000004C
:10843000000000000000000000000000000000003C
:10844000000000000000000000000000000000002C
:10845000000000000000000000000000000000001C
:10846000000000000000000000000000000000000C
:1084700000000000000000000000000000000000FC
:1084800000000000000000000000000000000000EC
:1084900000000000000000000000000000000000DC
:1084A00000000000000000000000000000000000CC
:1084B00000000000000000000000000000000000BC
:1084C00000000000000000000000000000000000AC
:1084D000000000000000000000000000000000009C
:1084E000000000000000000000000000000000008C
:1084F000000000000000000000000000000000007C
:10850000000000000000000000000000000000006B
:10851000000000000000000000000000000000005B
:10852000000000000000000000000000000000004B
:10853000000000000000000000000000000000003B
:10854000000000000000000000000000000000002B
:10855000000000000000000000000000000000001B
:10856000000000000000000000000000000000000B
:1085700000000000000000000000000000000000FB
:1085800000000000000000000000000000000000EB
:1085900000000000000000000000000000000000DB
:1085A00000000000000000000000000000000000CB
:1085B00000000000000000000000000000000000BB
:1085C00000000000000000000000000000000000AB
:1085D000000000000000000000000000000000009B
:1085E000000000000000000000000000000000008B
:1085F000000000000000000000000000000000007B
:10860000000000000000000000000000000000006A
:10861000000000000000000000000000000000005A
:10862000000000000000000000000000000000004A
:10863000000000000000000000000000000000003A
:10864000000000000000000000000000000000002A
:10865000000000000000000000000000000000001A
:10866000000000000000000000000000000000000A
:1086700000000000000000000000000000000000FA
:1086800000000000000000000000000000000000EA
:1086900000000000000000000000000000000000DA
:1086A00000000000000000000000000000000000CA
:1086B00000000000000000000000000000000000BA
:1086C00000000000000000000000000000000000AA
:1086D000000000000000000000000000000000009A
:1086E000000000000000000000000000000000008A
:1086F000000000000000000000000000000000007A
:108700000000000000000000000000000000000069
:108710000000000000000000000000000000000059
:108720000000000000000000000000000000000049
:108730000000000000000000000000000000000039
:108740000000000000000000000000000000000029
:108750000000000000000000000000000000000019
:108760000000000000000000000000000000000009
:1087700000000000000000000000000000000000F9
:1087800000000000000000000000000000000000E9
:1087900000000000000000000000000000000000D9
:1087A00000000000000000000000000000000000C9
:1087B00000000000000000000000000000000000B9
:1087C00000000000000000000000000000000000A9
:1087D0000000000000000000000000000000000099
:1087E0000000000000000000000000000000000089
:1087F0000000000000000000000000000000000079
:108800000000000000000000000000000000000068
:108810000000000000000000000000000000000058
:108820000000000000000000000000000000000048
:108830000000000000000000000000000000000038
:108840000000000000000000000000000000000028
:108850000000000000000000000000000000000018
:108860000000000000000000000000000000000008
:1088700000000000000000000000000000000000F8
:1088800000000000000000000000000000000000E8
:1088900000000000000000000000000000000000D8
:1088A00000000000000000000000000000000000C8
:1088B00000000000000000000000000000000000B8
:1088C00000000000000000000000000000000000A8
:1088D0000000000000000000000000000000000098
:1088E0000000000000000000000000000000000088
:1088F0000000000000000000000000000000000078
:108900000000000000000000000000000000000067
:108910000000000000000000000000000000000057
:108920000000000000000000000000000000000047
:108930000000000000000000000000000000000037
:108940000000000000000000000000000000000027
:108950000000000000000000000000000000000017
:108960000000000000000000000000000000000007
:1089700000000000000000000000000000000000F7
:1089800000000000000000000000000000000000E7
:1089900000000000000000000000000000000000D7
:1089A00000000000000000000000000000000000C7
:1089B00000000000000000000000000000000000B7
:1089C00000000000000000000000000000000000A7
:1089D0000000000000000000000000000000000097
:1089E0000000000000000000000000000000000087
:1089F0000000000000000000000000000000000077
:108A00000000000000000000000000000000000066
:108A10000000000000000000000000000000000056
:108A20000000000000000000000000000000000046
:108A30000000000000000000000000000000000036
:108A40000000000000000000000000000000000026
:108A50000000000000000000000000000000000016
:108A60000000000000000000000000000000000006
:108A700000000000000000000000000000000000F6
:108A800000000000000000000000000000000000E6
:108A900000000000000000000000000000000000D6
:108AA00000000000000000000000000000000000C6
:108AB00000000000000000000000000000000000B6
:108AC00000000000000000000000000000000000A6
:108AD0000000000000000000000000000000000096
:108AE0000000000000000000000000000000000086
:108AF0000000000000000000000000000000000076
:108B00000000000000000000000000000000000065
:108B10000000000000000000000000000000000055
:108B20000000000000000000000000000000000045
:108B30000000000000000000000000000000000035
:108B40000000000000000000000000000000000025
:108B50000000000000000000000000000000000015
:108B60000000000000000000000000000000000005
:108B700000000000000000000000000000000000F5
:108B800000000000000000000000000000000000E5
:108B900000000000000000000000000000000000D5
:108BA00000000000000000000000000000000000C5
:108BB00000000000000000000000000000000000B5
:108BC00000000000000000000000000000000000A5
:108BD0000000000000000000000000000000000095
:108BE0000000000000000000000000000000000085
:108BF0000000000000000000000000000000000075
:108C00000000000000000000000000000000000064
:108C10000000000000000000000000000000000054
:108C20000000000000000000000000000000000044
:108C30000000000000000000000000000000000034
:108C40000000000000000000000000000000000024
:108C50000000000000000000000000000000000014
:108C60000000000000000000000000000000000004
:108C700000000000000000000000000000000000F4
:108C800000000000000000000000000000000000E4
:108C900000000000000000000000000000000000D4
:108CA00000000000000000000000000000000000C4
:108CB00000000000000000000000000000000000B4
:108CC00000000000000000000000000000000000A4
:108CD0000000000000000000000000000000000094
:108CE0000000000000000000000000000000000084
:108CF0000000000000000000000000000000000074
:108D00000000000000000000000000000000000063
:108D10000000000000000000000000000000000053
:108D20000000000000000000000000000000000043
:108D30000000000000000000000000000000000033
:108D40000000000000000000000000000000000023
:108D50000000000000000000000000000000000013
:108D60000000000000000000000000000000000003
:108D700000000000000000000000000000000000F3
:108D800000000000000000000000000000000000E3
:108D900000000000000000000000000000000000D3
:108DA00000000000000000000000000000000000C3
:108DB00000000000000000000000000000000000B3
:108DC00000000000000000000000000000000000A3
:108DD0000000000000000000000000000000000093
:108DE0000000000000000000000000000000000083
:108DF0000000000000000000000000000000000073
:108E00000000000000000000000000000000000062
:108E10000000000000000000000000000000000052
:108E20000000000000000000000000000000000042
:108E30000000000000000000000000000000000032
:108E40000000000000000000000000000000000022
:108E50000000000000000000000000000000000012
:108E60000000000000000000000000000000000002
:108E700000000000000000000000000000000000F2
:108E800000000000000000000000000000000000E2
:108E900000000000000000000000000000000000D2
:108EA00000000000000000000000000000000000C2
:108EB00000000000000000000000000000000000B2
:108EC00000000000000000000000000000000000A2
:108ED0000000000000000000000000000000000092
:108EE0000000000000000000000000000000000082
:108EF0000000000000000000000000000000000072
:108F00000000000000000000000000000000000061
:108F10000000000000000000000000000000000051
:108F20000000000000000000000000000000000041
:108F30000000000000000000000000000000000031
:108F40000000000000000000000000000000000021
:108F50000000000000000000000000000000000011
:108F60000000000000000000000000000000000001
:108F700000000000000000000000000000000000F1
:108F800000000000000000000000000000000000E1
:108F900000000000000000000000000000000000D1
:108FA00000000000000000000000000000000000C1
:108FB00000000000000000000000000000000000B1
:108FC00000000000000000000000000000000000A1
:108FD0000000000000000000000000000000000091
:108FE0000000000000000000000000000000000081
:108FF0000000000000000000000000000000000071
:109000000000000000000000000000000000000060
:109010000000000000000000000000000000000050
:109020000000000000000000000000000000000040
:109030000000000000000000000000000000000030
:109040000000000000000000000000000000000020
:109050000000000000000000000000000000000010
:109060000000000000000000000000000000000000
:1090700000000000000000000000000000000000F0
:1090800000000000000000000000000000000000E0
:1090900000000000000000000000000000000000D0
:1090A00000000000000000000000000000000000C0
:1090B00000000000000000000000000000000000B0
:1090C00000000000000000000000000000000000A0
:1090D0000000000000000000000000000000000090
:1090E0000000000000000000000000000000000080
:1090F0000000000000000000000000000000000070
:10910000000000000000000000000000000000005F
:10911000000000000000000000000000000000004F
:10912000000000000000000000000000000000003F
:10913000000000000000000000000000000000002F
:10914000000000000000000000000000000000001F
:10915000000000000000000000000000000000000F
:1091600000000000000000000000000000000000FF
:1091700000000000000000000000000000000000EF
:1091800000000000000000000000000000000000DF
:1091900000000000000000000000000000000000CF
:1091A00000000000000000000000000000000000BF
:1091B00000000000000000000000000000000000AF
:1091C000000000000000000000000000000000009F
:1091D000000000000000000000000000000000008F
:1091E000000000000000000000000000000000007F
:1091F000000000000000000000000000000000006F
:10920000000000000000000000000000000000005E
:10921000000000000000000000000000000000004E
:10922000000000000000000000000000000000003E
:10923000000000000000000000000000000000002E
:10924000000000000000000000000000000000001E
:10925000000000000000000000000000000000000E
:1092600000000000000000000000000000000000FE
:1092700000000000000000000000000000000000EE
:1092800000000000000000000000000000000000DE
:1092900000000000000000000000000000000000CE
:1092A00000000000000000000000000000000000BE
:1092B00000000000000000000000000000000000AE
:1092C000000000000000000000000000000000009E
:1092D000000000000000000000000000000000008E
:1092E000000000000000000000000000000000007E
:1092F000000000000000000000000000000000006E
:10930000000000000000000000000000000000005D
:10931000000000000000000000000000000000004D
:10932000000000000000000000000000000000003D
:10933000000000000000000000000000000000002D
:10934000000000000000000000000000000000001D
:10935000000000000000000000000000000000000D
:1093600000000000000000000000000000000000FD
:1093700000000000000000000000000000000000ED
:1093800000000000000000000000000000000000DD
:1093900000000000000000000000000000000000CD
:1093A00000000000000000000000000000000000BD
:1093B00000000000000000000000000000000000AD
:1093C000000000000000000000000000000000009D
:1093D000000000000000000000000000000000008D
:1093E000000000000000000000000000000000007D
:1093F000000000000000000000000000000000006D
:10940000000000000000000000000000000000005C
:10941000000000000000000000000000000000004C
:10942000000000000000000000000000000000003C
:10943000000000000000000000000000000000002C
:10944000000000000000000000000000000000001C
:10945000000000000000000000000000000000000C
:1094600000000000000000000000000000000000FC
:1094700000000000000000000000000000000000EC
:1094800000000000000000000000000000000000DC
:1094900000000000000000000000000000000000CC
:1094A00000000000000000000000000000000000BC
:1094B00000000000000000000000000000000000AC
:1094C000000000000000000000000000000000009C
:1094D000000000000000000000000000000000008C
:1094E000000000000000000000000000000000007C
:1094F000000000000000000000000000000000006C
:10950000000000000000000000000000000000005B
:10951000000000000000000000000000000000004B
:10952000000000000000000000000000000000003B
:10953000000000000000000000000000000000002B
:10954000000000000000000000000000000000001B
:10955000000000000000000000000000000000000B
:1095600000000000000000000000000000000000FB
:1095700000000000000000000000000000000000EB
:1095800000000000000000000000000000000000DB
:1095900000000000000000000000000000000000CB
:1095A00000000000000000000000000000000000BB
:1095B00000000000000000000000000000000000AB
:1095C000000000000000000000000000000000009B
:1095D000000000000000000000000000000000008B
:1095E000000000000000000000000000000000007B
:1095F000000000000000000000000000000000006B
:10960000000000000000000000000000000000005A
:10961000000000000000000000000000000000004A
:10962000000000000000000000000000000000003A
:10963000000000000000000000000000000000002A
:10964000000000000000000000000000000000001A
:10965000000000000000000000000000000000000A
:1096600000000000000000000000000000000000FA
:1096700000000000000000000000000000000000EA
:1096800000000000000000000000000000000000DA
:1096900000000000000000000000000000000000CA
:1096A00000000000000000000000000000000000BA
:1096B00000000000000000000000000000000000AA
:1096C000000000000000000000000000000000009A
:1096D000000000000000000000000000000000008A
:1096E000000000000000000000000000000000007A
:1096F000000000000000000000000000000000006A
:109700000000000000000000000000000000000059
:109710000000000000000000000000000000000049
:109720000000000000000000000000000000000039
:109730000000000000000000000000000000000029
:109740000000000000000000000000000000000019
:109750000000000000000000000000000000000009
:1097600000000000000000000000000000000000F9
:1097700000000000000000000000000000000000E9
:1097800000000000000000000000000000000000D9
:1097900000000000000000000000000000000000C9
:1097A00000000000000000000000000000000000B9
:1097B00000000000000000000000000000000000A9
:1097C0000000000000000000000000000000000099
:1097D0000000000000000000000000000000000089
:1097E0000000000000000000000000000000000079
:1097F0000000000000000000000000000000000069
:109800000000000000000000000000000000000058
:109810000000000000000000000000000000000048
:109820000000000000000000000000000000000038
:109830000000000000000000000000000000000028
:109840000000000000000000000000000000000018
:109850000000000000000000000000000000000008
:1098600000000000000000000000000000000000F8
:1098700000000000000000000000000000000000E8
:1098800000000000000000000000000000000000D8
:1098900000000000000000000000000000000000C8
:1098A00000000000000000000000000000000000B8
:1098B00000000000000000000000000000000000A8
:1098C0000000000000000000000000000000000098
:1098D0000000000000000000000000000000000088
:1098E0000000000000000000000000000000000078
:1098F0000000000000000000000000000000000068
:109900000000000000000000000000000000000057
:109910000000000000000000000000000000000047
:109920000000000000000000000000000000000037
:109930000000000000000000000000000000000027
:109940000000000000000000000000000000000017
:109950000000000000000000000000000000000007
:1099600000000000000000000000000000000000F7
:1099700000000000000000000000000000000000E7
:1099800000000000000000000000000000000000D7
:1099900000000000000000000000000000000000C7
:1099A00000000000000000000000000000000000B7
:1099B00000000000000000000000000000000000A7
:1099C0000000000000000000000000000000000097
:1099D0000000000000000000000000000000000087
:1099E0000000000000000000000000000000000077
:1099F0000000000000000000000000000000000067
:109A00000000000000000000000000000000000056
:109A10000000000000000000000000000000000046
:109A20000000000000000000000000000000000036
:109A30000000000000000000000000000000000026
:109A40000000000000000000000000000000000016
:109A50000000000000000000000000000000000006
:109A600000000000000000000000000000000000F6
:109A700000000000000000000000000000000000E6
:109A800000000000000000000000000000000000D6
:109A900000000000000000000000000000000000C6
:109AA00000000000000000000000000000000000B6
:109AB00000000000000000000000000000000000A6
:109AC0000000000000000000000000000000000096
:109AD0000000000000000000000000000000000086
:109AE0000000000000000000000000000000000076
:109AF0000000000000000000000000000000000066
:109B00000000000000000000000000000000000055
:109B10000000000000000000000000000000000045
:109B20000000000000000000000000000000000035
:109B30000000000000000000000000000000000025
:109B40000000000000000000000000000000000015
:109B50000000000000000000000000000000000005
:109B600000000000000000000000000000000000F5
:109B700000000000000000000000000000000000E5
:109B800000000000000000000000000000000000D5
:109B900000000000000000000000000000000000C5
:109BA00000000000000000000000000000000000B5
:109BB00000000000000000000000000000000000A5
:109BC0000000000000000000000000000000000095
:109BD0000000000000000000000000000000000085
:109BE0000000000000000000000000000000000075
:109BF0000000000000000000000000000000000065
:109C00000000000000000000000000000000000054
:109C10000000000000000000000000000000000044
:109C20000000000000000000000000000000000034
:109C30000000000000000000000000000000000024
:109C40000000000000000000000000000000000014
:109C50000000000000000000000000000000000004
:109C600000000000000000000000000000000000F4
:109C700000000000000000000000000000000000E4
:109C800000000000000000000000000000000000D4
:109C900000000000000000000000000000000000C4
:109CA00000000000000000000000000000000000B4
:109CB00000000000000000000000000000000000A4
:109CC0000000000000000000000000000000000094
:109CD0000000000000000000000000000000000084
:109CE0000000000000000000000000000000000074
:109CF0000000000000000000000000000000000064
:109D00000000000000000000000000000000000053
:109D10000000000000000000000000000000000043
:109D20000000000000000000000000000000000033
:109D30000000000000000000000000000000000023
:109D40000000000000000000000000000000000013
:109D50000000000000000000000000000000000003
:109D600000000000000000000000000000000000F3
:109D700000000000000000000000000000000000E3
:109D800000000000000000000000000000000000D3
:109D900000000000000000000000000000000000C3
:109DA00000000000000000000000000000000000B3
:109DB00000000000000000000000000000000000A3
:109DC0000000000000000000000000000000000093
:109DD0000000000000000000000000000000000083
:109DE0000000000000000000000000000000000073
:109DF0000000000000000000000000000000000063
:109E00000000000000000000000000000000000052
:109E10000000000000000000000000000000000042
:109E20000000000000000000000000000000000032
:109E30000000000000000000000000000000000022
:109E40000000000000000000000000000000000012
:109E50000000000000000000000000000000000002
:109E600000000000000000000000000000000000F2
:109E700000000000000000000000000000000000E2
:109E800000000000000000000000000000000000D2
:109E900000000000000000000000000000000000C2
:109EA00000000000000000000000000000000000B2
:109EB00000000000000000000000000000000000A2
:109EC0000000000000000000000000000000000092
:109ED0000000000000000000000000000000000082
:109EE0000000000000000000000000000000000072
:109EF0000000000000000000000000000000000062
:109F00000000000000000000000000000000000051
:109F10000000000000000000000000000000000041
:109F20000000000000000000000000000000000031
:109F30000000000000000000000000000000000021
:109F40000000000000000000000000000000000011
:109F50000000000000000000000000000000000001
:109F600000000000000000000000000000000000F1
:109F700000000000000000000000000000000000E1
:109F800000000000000000000000000000000000D1
:109F900000000000000000000000000000000000C1
:109FA00000000000000000000000000000000000B1
:109FB00000000000000000000000000000000000A1
:109FC0000000000000000000000000000000000091
:109FD0000000000000000000000000000000000081
:109FE0000000000000000000000000000000000071
:109FF0000000000000000000000000000000000061
:10A000000000000000000000000000000000000050
:10A010000000000000000000000000000000000040
:10A020000000000000000000000000000000000030
:10A030000000000000000000000000000000000020
:10A040000000000000000000000000000000000010
:10A050000000000000000000000000000000000000
:10A0600000000000000000000000000000000000F0
:10A0700000000000000000000000000000000000E0
:10A0800000000000000000000000000000000000D0
:10A0900000000000000000000000000000000000C0
:10A0A00000000000000000000000000000000000B0
:10A0B00000000000000000000000000000000000A0
:10A0C0000000000000000000000000000000000090
:10A0D0000000000000000000000000000000000080
:10A0E0000000000000000000000000000000000070
:10A0F0000000000000000000000000000000000060
:10A10000000000000000000000000000000000004F
:10A11000000000000000000000000000000000003F
:10A12000000000000000000000000000000000002F
:10A13000000000000000000000000000000000001F
:10A14000000000000000000000000000000000000F
:10A1500000000000000000000000000000000000FF
:10A1600000000000000000000000000000000000EF
:10A1700000000000000000000000000000000000DF
:10A1800000000000000000000000000000000000CF
:10A1900000000000000000000000000000000000BF
:10A1A00000000000000000000000000000000000AF
:10A1B000000000000000000000000000000000009F
:10A1C000000000000000000000000000000000008F
:10A1D000000000000000000000000000000000007F
:10A1E000000000000000000000000000000000006F
:10A1F000000000000000000000000000000000005F
:10A20000000000000000000000000000000000004E
:10A21000000000000000000000000000000000003E
:10A22000000000000000000000000000000000002E
:10A23000000000000000000000000000000000001E
:10A24000000000000000000000000000000000000E
:10A2500000000000000000000000000000000000FE
:10A2600000000000000000000000000000000000EE
:10A2700000000000000000000000000000000000DE
:10A2800000000000000000000000000000000000CE
:10A2900000000000000000000000000000000000BE
:10A2A00000000000000000000000000000000000AE
:10A2B000000000000000000000000000000000009E
:10A2C000000000000000000000000000000000008E
:10A2D000000000000000000000000000000000007E
:10A2E000000000000000000000000000000000006E
:10A2F000000000000000000000000000000000005E
:10A30000000000000000000000000000000000004D
:10A31000000000000000000000000000000000003D
:10A32000000000000000000000000000000000002D
:10A33000000000000000000000000000000000001D
:10A34000000000000000000000000000000000000D
:10A3500000000000000000000000000000000000FD
:10A3600000000000000000000000000000000000ED
:10A3700000000000000000000000000000000000DD
:10A3800000000000000000000000000000000000CD
:10A3900000000000000000000000000000000000BD
:10A3A00000000000000000000000000000000000AD
:10A3B000000000000000000000000000000000009D
:10A3C000000000000000000000000000000000008D
:10A3D000000000000000000000000000000000007D
:10A3E000000000000000000000000000000000006D
:10A3F000000000000000000000000000000000005D
:10A40000000000000000000000000000000000004C
:10A41000000000000000000000000000000000003C
:10A42000000000000000000000000000000000002C
:10A43000000000000000000000000000000000001C
:10A44000000000000000000000000000000000000C
:10A4500000000000000000000000000000000000FC
:10A4600000000000000000000000000000000000EC
:10A4700000000000000000000000000000000000DC
:10A4800000000000000000000000000000000000CC
:10A4900000000000000000000000000000000000BC
:10A4A00000000000000000000000000000000000AC
:10A4B000000000000000000000000000000000009C
:10A4C000000000000000000000000000000000008C
:10A4D000000000000000000000000000000000007C
:10A4E000000000000000000000000000000000006C
:10A4F000000000000000000000000000000000005C
:10A50000000000000000000000000000000000004B
:10A51000000000000000000000000000000000003B
:10A52000000000000000000000000000000000002B
:10A53000000000000000000000000000000000001B
:10A54000000000000000000000000000000000000B
:10A5500000000000000000000000000000000000FB
:10A5600000000000000000000000000000000000EB
:10A5700000000000000000000000000000000000DB
:10A5800000000000000000000000000000000000CB
:10A5900000000000000000000000000000000000BB
:10A5A00000000000000000000000000000000000AB
:10A5B000000000000000000000000000000000009B
:10A5C000000000000000000000000000000000008B
:10A5D000000000000000000000000000000000007B
:10A5E000000000000000000000000000000000006B
:10A5F000000000000000000000000000000000005B
:10A60000000000000000000000000000000000004A
:10A61000000000000000000000000000000000003A
:10A62000000000000000000000000000000000002A
:10A63000000000000000000000000000000000001A
:10A64000000000000000000000000000000000000A
:10A6500000000000000000000000000000000000FA
:10A6600000000000000000000000000000000000EA
:10A6700000000000000000000000000000000000DA
:10A6800000000000000000000000000000000000CA
:10A6900000000000000000000000000000000000BA
:10A6A00000000000000000000000000000000000AA
:10A6B000000000000000000000000000000000009A
:10A6C000000000000000000000000000000000008A
:10A6D000000000000000000000000000000000007A
:10A6E000000000000000000000000000000000006A
:10A6F000000000000000000000000000000000005A
:10A700000000000000000000000000000000000049
:10A710000000000000000000000000000000000039
:10A720000000000000000000000000000000000029
:10A730000000000000000000000000000000000019
:10A740000000000000000000000000000000000009
:10A7500000000000000000000000000000000000F9
:10A7600000000000000000000000000000000000E9
:10A7700000000000000000000000000000000000D9
:10A7800000000000000000000000000000000000C9
:10A7900000000000000000000000000000000000B9
:10A7A00000000000000000000000000000000000A9
:10A7B0000000000000000000000000000000000099
:10A7C0000000000000000000000000000000000089
:10A7D0000000000000000000000000000000000079
:10A7E0000000000000000000000000000000000069
:10A7F0000000000000000000000000000000000059
:10A800000000000000000000000000000000000048
:10A810000000000000000000000000000000000038
:10A820000000000000000000000000000000000028
:10A830000000000000000000000000000000000018
:10A840000000000000000000000000000000000008
:10A8500000000000000000000000000000000000F8
:10A8600000000000000000000000000000000000E8
:10A8700000000000000000000000000000000000D8
:10A8800000000000000000000000000000000000C8
:10A8900000000000000000000000000000000000B8
:10A8A00000000000000000000000000000000000A8
:10A8B0000000000000000000000000000000000098
:10A8C0000000000000000000000000000000000088
:10A8D0000000000000000000000000000000000078
:10A8E0000000000000000000000000000000000068
:10A8F0000000000000000000000000000000000058
:10A900000000000000000000000000000000000047
:10A910000000000000000000000000000000000037
:10A920000000000000000000000000000000000027
:10A930000000000000000000000000000000000017
:10A940000000000000000000000000000000000007
:10A9500000000000000000000000000000000000F7
:10A9600000000000000000000000000000000000E7
:10A9700000000000000000000000000000000000D7
:10A9800000000000000000000000000000000000C7
:10A9900000000000000000000000000000000000B7
:10A9A00000000000000000000000000000000000A7
:10A9B0000000000000000000000000000000000097
:10A9C0000000000000000000000000000000000087
:10A9D0000000000000000000000000000000000077
:10A9E0000000000000000000000000000000000067
:10A9F0000000000000000000000000000000000057
:10AA00000000000000000000000000000000000046
:10AA10000000000000000000000000000000000036
:10AA20000000000000000000000000000000000026
:10AA30000000000000000000000000000000000016
:10AA40000000000000000000000000000000000006
:10AA500000000000000000000000000000000000F6
:10AA600000000000000000000000000000000000E6
:10AA700000000000000000000000000000000000D6
:10AA800000000000000000000000000000000000C6
:10AA900000000000000000000000000000000000B6
:10AAA00000000000000000000000000000000000A6
:10AAB0000000000000000000000000000000000096
:10AAC0000000000000000000000000000000000086
:10AAD0000000000000000000000000000000000076
:10AAE0000000000000000000000000000000000066
:10AAF0000000000000000000000000000000000056
:10AB00000000000000000000000000000000000045
:10AB10000000000000000000000000000000000035
:10AB20000000000000000000000000000000000025
:10AB30000000000000000000000000000000000015
:10AB40000000000000000000000000000000000005
:10AB500000000000000000000000000000000000F5
:10AB600000000000000000000000000000000000E5
:10AB700000000000000000000000000000000000D5
:10AB800000000000000000000000000000000000C5
:10AB900000000000000000000000000000000000B5
:10ABA00000000000000000000000000000000000A5
:10ABB0000000000000000000000000000000000095
:10ABC0000000000000000000000000000000000085
:10ABD0000000000000000000000000000000000075
:10ABE0000000000000000000000000000000000065
:10ABF0000000000000000000000000000000000055
:10AC00000000000000000000000000000000000044
:10AC10000000000000000000000000000000000034
:10AC20000000000000000000000000000000000024
:10AC30000000000000000000000000000000000014
:10AC40000000000000000000000000000000000004
:10AC500000000000000000000000000000000000F4
:10AC600000000000000000000000000000000000E4
:10AC700000000000000000000000000000000000D4
:10AC800000000000000000000000000000000000C4
:10AC900000000000000000000000000000000000B4
:10ACA00000000000000000000000000000000000A4
:10ACB0000000000000000000000000000000000094
:10ACC0000000000000000000000000000000000084
:10ACD0000000000000000000000000000000000074
:10ACE0000000000000000000000000000000000064
:10ACF0000000000000000000000000000000000054
:10AD00000000000000000000000000000000000043
:10AD10000000000000000000000000000000000033
:10AD20000000000000000000000000000000000023
:10AD30000000000000000000000000000000000013
:10AD40000000000000000000000000000000000003
:10AD500000000000000000000000000000000000F3
:10AD600000000000000000000000000000000000E3
:10AD700000000000000000000000000000000000D3
:10AD800000000000000000000000000000000000C3
:10AD900000000000000000000000000000000000B3
:10ADA00000000000000000000000000000000000A3
:10ADB0000000000000000000000000000000000093
:10ADC0000000000000000000000000000000000083
:10ADD0000000000000000000000000000000000073
:10ADE0000000000000000000000000000000000063
:10ADF0000000000000000000000000000000000053
:10AE00000000000000000000000000000000000042
:10AE10000000000000000000000000000000000032
:10AE20000000000000000000000000000000000022
:10AE30000000000000000000000000000000000012
:10AE40000000000000000000000000000000000002
:10AE500000000000000000000000000000000000F2
:10AE600000000000000000000000000000000000E2
:10AE700000000000000000000000000000000000D2
:10AE800000000000000000000000000000000000C2
:10AE900000000000000000000000000000000000B2
:10AEA00000000000000000000000000000000000A2
:10AEB0000000000000000000000000000000000092
:10AEC0000000000000000000000000000000000082
:10AED0000000000000000000000000000000000072
:10AEE0000000000000000000000000000000000062
:10AEF0000000000000000000000000000000000052
:10AF00000000000000000000000000000000000041
:10AF10000000000000000000000000000000000031
:10AF20000000000000000000000000000000000021
:10AF30000000000000000000000000000000000011
:10AF40000000000000000000000000000000000001
:10AF500000000000000000000000000000000000F1
:10AF600000000000000000000000000000000000E1
:10AF700000000000000000000000000000000000D1
:10AF800000000000000000000000000000000000C1
:10AF900000000000000000000000000000000000B1
:10AFA00000000000000000000000000000000000A1
:10AFB0000000000000000000000000000000000091
:10AFC0000000000000000000000000000000000081
:10AFD0000000000000000000000000000000000071
:10AFE0000000000000000000000000000000000061
:10AFF0000000000000000000000000000000000051
:10B000000000000000000000000000000000000040
:10B010000000000000000000000000000000000030
:10B020000000000000000000000000000000000020
:10B030000000000000000000000000000000000010
:10B040000000000000000000000000000000000000
:10B0500000000000000000000000000000000000F0
:10B0600000000000000000000000000000000000E0
:10B0700000000000000000000000000000000000D0
:10B0800000000000000000000000000000000000C0
:10B0900000000000000000000000000000000000B0
:10B0A00000000000000000000000000000000000A0
:10B0B0000000000000000000000000000000000090
:10B0C0000000000000000000000000000000000080
:10B0D0000000000000000000000000000000000070
:10B0E0000000000000000000000000000000000060
:10B0F0000000000000000000000000000000000050
:10B10000000000000000000000000000000000003F
:10B11000000000000000000000000000000000002F
:10B12000000000000000000000000000000000001F
:10B13000000000000000000000000000000000000F
:10B1400000000000000000000000000000000000FF
:10B1500000000000000000000000000000000000EF
:10B1600000000000000000000000000000000000DF
:10B1700000000000000000000000000000000000CF
:10B1800000000000000000000000000000000000BF
:10B1900000000000000000000000000000000000AF
:10B1A000000000000000000000000000000000009F
:10B1B000000000000000000000000000000000008F
:10B1C000000000000000000000000000000000007F
:10B1D000000000000000000000000000000000006F
:10B1E000000000000000000000000000000000005F
:10B1F000000000000000000000000000000000004F
:10B20000000000000000000000000000000000003E
:10B21000000000000000000000000000000000002E
:10B22000000000000000000000000000000000001E
:10B23000000000000000000000000000000000000E
:10B2400000000000000000000000000000000000FE
:10B2500000000000000000000000000000000000EE
:10B2600000000000000000000000000000000000DE
:10B2700000000000000000000000000000000000CE
:10B2800000000000000000000000000000000000BE
:10B2900000000000000000000000000000000000AE
:10B2A000000000000000000000000000000000009E
:10B2B000000000000000000000000000000000008E
:10B2C000000000000000000000000000000000007E
:10B2D000000000000000000000000000000000006E
:10B2E000000000000000000000000000000000005E
:10B2F000000000000000000000000000000000004E
:10B30000000000000000000000000000000000003D
:10B31000000000000000000000000000000000002D
:10B32000000000000000000000000000000000001D
:10B33000000000000000000000000000000000000D
:10B3400000000000000000000000000000000000FD
:10B3500000000000000000000000000000000000ED
:10B3600000000000000000000000000000000000DD
:10B3700000000000000000000000000000000000CD
:10B3800000000000000000000000000000000000BD
:10B3900000000000000000000000000000000000AD
:10B3A000000000000000000000000000000000009D
:10B3B000000000000000000000000000000000008D
:10B3C000000000000000000000000000000000007D
:10B3D000000000000000000000000000000000006D
:10B3E000000000000000000000000000000000005D
:10B3F000000000000000000000000000000000004D
:10B40000000000000000000000000000000000003C
:10B41000000000000000000000000000000000002C
:10B42000000000000000000000000000000000001C
:10B43000000000000000000000000000000000000C
:10B4400000000000000000000000000000000000FC
:10B4500000000000000000000000000000000000EC
:10B4600000000000000000000000000000000000DC
:10B4700000000000000000000000000000000000CC
:10B4800000000000000000000000000000000000BC
:10B4900000000000000000000000000000000000AC
:10B4A000000000000000000000000000000000009C
:10B4B000000000000000000000000000000000008C
:10B4C000000000000000000000000000000000007C
:10B4D000000000000000000000000000000000006C
:10B4E000000000000000000000000000000000005C
:10B4F000000000000000000000000000000000004C
:10B50000000000000000000000000000000000003B
:10B51000000000000000000000000000000000002B
:10B52000000000000000000000000000000000001B
:10B53000000000000000000000000000000000000B
:10B5400000000000000000000000000000000000FB
:10B5500000000000000000000000000000000000EB
:10B5600000000000000000000000000000000000DB
:10B5700000000000000000000000000000000000CB
:10B5800000000000000000000000000000000000BB
:10B5900000000000000000000000000000000000AB
:10B5A000000000000000000000000000000000009B
:10B5B000000000000000000000000000000000008B
:10B5C000000000000000000000000000000000007B
:10B5D000000000000000000000000000000000006B
:10B5E000000000000000000000000000000000005B
:10B5F000000000000000000000000000000000004B
:10B60000000000000000000000000000000000003A
:10B61000000000000000000000000000000000002A
:10B62000000000000000000000000000000000001A
:10B63000000000000000000000000000000000000A
:10B6400000000000000000000000000000000000FA
:10B6500000000000000000000000000000000000EA
:10B6600000000000000000000000000000000000DA
:10B6700000000000000000000000000000000000CA
:10B6800000000000000000000000000000000000BA
:10B6900000000000000000000000000000000000AA
:10B6A000000000000000000000000000000000009A
:10B6B000000000000000000000000000000000008A
:10B6C000000000000000000000000000000000007A
:10B6D000000000000000000000000000000000006A
:10B6E000000000000000000000000000000000005A
:10B6F000000000000000000000000000000000004A
:10B700000000000000000000000000000000000039
:10B710000000000000000000000000000000000029
:10B720000000000000000000000000000000000019
:10B730000000000000000000000000000000000009
:10B7400000000000000000000000000000000000F9
:10B7500000000000000000000000000000000000E9
:10B7600000000000000000000000000000000000D9
:10B7700000000000000000000000000000000000C9
:10B7800000000000000000000000000000000000B9
:10B7900000000000000000000000000000000000A9
:10B7A0000000000000000000000000000000000099
:10B7B0000000000000000000000000000000000089
:10B7C0000000000000000000000000000000000079
:10B7D0000000000000000000000000000000000069
:10B7E0000000000000000000000000000000000059
:10B7F0000000000000000000000000000000000049
:10B800000000000000000000000000000000000038
:10B810000000000000000000000000000000000028
:10B820000000000000000000000000000000000018
:10B830000000000000000000000000000000000008
:10B8400000000000000000000000000000000000F8
:10B8500000000000000000000000000000000000E8
:10B8600000000000000000000000000000000000D8
:10B8700000000000000000000000000000000000C8
:10B8800000000000000000000000000000000000B8
:10B8900000000000000000000000000000000000A8
:10B8A0000000000000000000000000000000000098
:10B8B0000000000000000000000000000000000088
:10B8C0000000000000000000000000000000000078
:10B8D0000000000000000000000000000000000068
:10B8E0000000000000000000000000000000000058
:10B8F0000000000000000000000000000000000048
:10B900000000000000000000000000000000000037
:10B910000000000000000000000000000000000027
:10B920000000000000000000000000000000000017
:10B930000000000000000000000000000000000007
:10B9400000000000000000000000000000000000F7
:10B9500000000000000000000000000000000000E7
:10B9600000000000000000000000000000000000D7
:10B9700000000000000000000000000000000000C7
:10B9800000000000000000000000000000000000B7
:10B9900000000000000000000000000000000000A7
:10B9A0000000000000000000000000000000000097
:10B9B0000000000000000000000000000000000087
:10B9C0000000000000000000000000000000000077
:10B9D0000000000000000000000000000000000067
:10B9E0000000000000000000000000000000000057
:10B9F0000000000000000000000000000000000047
:10BA00000000000000000000000000000000000036
:10BA10000000000000000000000000000000000026
:10BA20000000000000000000000000000000000016
:10BA30000000000000000000000000000000000006
:10BA400000000000000000000000000000000000F6
:10BA500000000000000000000000000000000000E6
:10BA600000000000000000000000000000000000D6
:10BA700000000000000000000000000000000000C6
:10BA800000000000000000000000000000000000B6
:10BA900000000000000000000000000000000000A6
:10BAA0000000000000000000000000000000000096
:10BAB0000000000000000000000000000000000086
:10BAC0000000000000000000000000000000000076
:10BAD0000000000000000000000000000000000066
:10BAE0000000000000000000000000000000000056
:10BAF0000000000000000000000000000000000046
:10BB00000000000000000000000000000000000035
:10BB10000000000000000000000000000000000025
:10BB20000000000000000000000000000000000015
:10BB30000000000000000000000000000000000005
:10BB400000000000000000000000000000000000F5
:10BB500000000000000000000000000000000000E5
:10BB600000000000000000000000000000000000D5
:10BB700000000000000000000000000000000000C5
:10BB800000000000000000000000000000000000B5
:10BB900000000000000000000000000000000000A5
:10BBA0000000000000000000000000000000000095
:10BBB0000000000000000000000000000000000085
:10BBC0000000000000000000000000000000000075
:10BBD0000000000000000000000000000000000065
:10BBE0000000000000000000000000000000000055
:10BBF0000000000000000000000000000000000045
:10BC00000000000000000000000000000000000034
:10BC10000000000000000000000000000000000024
:10BC20000000000000000000000000000000000014
:10BC30000000000000000000000000000000000004
:10BC400000000000000000000000000000000000F4
:10BC500000000000000000000000000000000000E4
:10BC600000000000000000000000000000000000D4
:10BC700000000000000000000000000000000000C4
:10BC800000000000000000000000000000000000B4
:10BC900000000000000000000000000000000000A4
:10BCA0000000000000000000000000000000000094
:10BCB0000000000000000000000000000000000084
:10BCC0000000000000000000000000000000000074
:10BCD0000000000000000000000000000000000064
:10BCE0000000000000000000000000000000000054
:10BCF0000000000000000000000000000000000044
:10BD00000000000000000000000000000000000033
:10BD10000000000000000000000000000000000023
:10BD20000000000000000000000000000000000013
:10BD30000000000000000000000000000000000003
:10BD400000000000000000000000000000000000F3
:10BD500000000000000000000000000000000000E3
:10BD600000000000000000000000000000000000D3
:10BD700000000000000000000000000000000000C3
:10BD800000000000000000000000000000000000B3
:10BD900000000000000000000000000000000000A3
:10BDA0000000000000000000000000000000000093
:10BDB0000000000000000000000000000000000083
:10BDC0000000000000000000000000000000000073
:10BDD0000000000000000000000000000000000063
:10BDE0000000000000000000000000000000000053
:10BDF0000000000000000000000000000000000043
:10BE00000000000000000000000000000000000032
:10BE10000000000000000000000000000000000022
:10BE20000000000000000000000000000000000012
:10BE30000000000000000000000000000000000002
:10BE400000000000000000000000000000000000F2
:10BE500000000000000000000000000000000000E2
:10BE600000000000000000000000000000000000D2
:10BE700000000000000000000000000000000000C2
:10BE800000000000000000000000000000000000B2
:10BE900000000000000000000000000000000000A2
:10BEA0000000000000000000000000000000000092
:10BEB0000000000000000000000000000000000082
:10BEC0000000000000000000000000000000000072
:10BED0000000000000000000000000000000000062
:10BEE0000000000000000000000000000000000052
:10BEF0000000000000000000000000000000000042
:10BF00000000000000000000000000000000000031
:10BF10000000000000000000000000000000000021
:10BF20000000000000000000000000000000000011
:10BF30000000000000000000000000000000000001
:10BF400000000000000000000000000000000000F1
:10BF500000000000000000000000000000000000E1
:10BF600000000000000000000000000000000000D1
:10BF700000000000000000000000000000000000C1
:10BF800000000000000000000000000000000000B1
:10BF900000000000000000000000000000000000A1
:10BFA0000000000000000000000000000000000091
:10BFB0000000000000000000000000000000000081
:10BFC0000000000000000000000000000000000071
:10BFD0000000000000000000000000000000000061
:10BFE0000000000000000000000000000000000051
:10BFF0000000000000000000000000000000000041
:10C000000000000000000000000000000000000030
:10C010000000000000000000000000000000000020
:10C020000000000000000000000000000000000010
:10C030000000000000000000000000000000000000
:10C0400000000000000000000000000000000000F0
:10C0500000000000000000000000000000000000E0
:10C0600000000000000000000000000000000000D0
:10C0700000000000000000000000000000000000C0
:10C0800000000000000000000000000000000000B0
:10C0900000000000000000000000000000000000A0
:10C0A0000000000000000000000000000000000090
:10C0B0000000000000000000000000000000000080
:10C0C0000000000000000000000000000000000070
:10C0D0000000000000000000000000000000000060
:10C0E0000000000000000000000000000000000050
:10C0F0000000000000000000000000000000000040
:10C10000000000000000000000000000000000002F
:10C11000000000000000000000000000000000001F
:10C12000000000000000000000000000000000000F
:10C1300000000000000000000000000000000000FF
:10C1400000000000000000000000000000000000EF
:10C1500000000000000000000000000000000000DF
:10C1600000000000000000000000000000000000CF
:10C1700000000000000000000000000000000000BF
:10C1800000000000000000000000000000000000AF
:10C19000000000000000000000000000000000009F
:10C1A000000000000000000000000000000000008F
:10C1B000000000000000000000000000000000007F
:10C1C000000000000000000000000000000000006F
:10C1D000000000000000000000000000000000005F
:10C1E000000000000000000000000000000000004F
:10C1F000000000000000000000000000000000003F
:10C20000000000000000000000000000000000002E
:10C21000000000000000000000000000000000001E
:10C22000000000000000000000000000000000000E
:10C2300000000000000000000000000000000000FE
:10C2400000000000000000000000000000000000EE
:10C2500000000000000000000000000000000000DE
:10C2600000000000000000000000000000000000CE
:10C2700000000000000000000000000000000000BE
:10C2800000000000000000000000000000000000AE
:10C29000000000000000000000000000000000009E
:10C2A000000000000000000000000000000000008E
:10C2B000000000000000000000000000000000007E
:10C2C000000000000000000000000000000000006E
:10C2D000000000000000000000000000000000005E
:10C2E000000000000000000000000000000000004E
:10C2F000000000000000000000000000000000003E
:10C30000000000000000000000000000000000002D
:10C31000000000000000000000000000000000001D
:10C32000000000000000000000000000000000000D
:10C3300000000000000000000000000000000000FD
:10C3400000000000000000000000000000000000ED
:10C3500000000000000000000000000000000000DD
:10C3600000000000000000000000000000000000CD
:10C3700000000000000000000000000000000000BD
:10C3800000000000000000000000000000000000AD
:10C39000000000000000000000000000000000009D
:10C3A000000000000000000000000000000000008D
:10C3B000000000000000000000000000000000007D
:10C3C000000000000000000000000000000000006D
:10C3D000000000000000000000000000000000005D
:10C3E000000000000000000000000000000000004D
:10C3F000000000000000000000000000000000003D
:10C40000000000000000000000000000000000002C
:10C41000000000000000000000000000000000001C
:10C42000000000000000000000000000000000000C
:10C4300000000000000000000000000000000000FC
:10C4400000000000000000000000000000000000EC
:10C4500000000000000000000000000000000000DC
:10C4600000000000000000000000000000000000CC
:10C4700000000000000000000000000000000000BC
:10C4800000000000000000000000000000000000AC
:10C49000000000000000000000000000000000009C
:10C4A000000000000000000000000000000000008C
:10C4B000000000000000000000000000000000007C
:10C4C000000000000000000000000000000000006C
:10C4D000000000000000000000000000000000005C
:10C4E000000000000000000000000000000000004C
:10C4F000000000000000000000000000000000003C
:10C50000000000000000000000000000000000002B
:10C51000000000000000000000000000000000001B
:10C52000000000000000000000000000000000000B
:10C5300000000000000000000000000000000000FB
:10C5400000000000000000000000000000000000EB
:10C5500000000000000000000000000000000000DB
:10C5600000000000000000000000000000000000CB
:10C5700000000000000000000000000000000000BB
:10C5800000000000000000000000000000000000AB
:10C59000000000000000000000000000000000009B
:10C5A000000000000000000000000000000000008B
:10C5B000000000000000000000000000000000007B
:10C5C000000000000000000000000000000000006B
:10C5D000000000000000000000000000000000005B
:10C5E000000000000000000000000000000000004B
:10C5F000000000000000000000000000000000003B
:10C60000000000000000000000000000000000002A
:10C61000000000000000000000000000000000001A
:10C62000000000000000000000000000000000000A
:10C6300000000000000000000000000000000000FA
:10C6400000000000000000000000000000000000EA
:10C6500000000000000000000000000000000000DA
:10C6600000000000000000000000000000000000CA
:10C6700000000000000000000000000000000000BA
:10C6800000000000000000000000000000000000AA
:10C69000000000000000000000000000000000009A
:10C6A000000000000000000000000000000000008A
:10C6B000000000000000000000000000000000007A
:10C6C000000000000000000000000000000000006A
:10C6D000000000000000000000000000000000005A
:10C6E000000000000000000000000000000000004A
:10C6F000000000000000000000000000000000003A
:10C700000000000000000000000000000000000029
:10C710000000000000000000000000000000000019
:10C720000000000000000000000000000000000009
:10C7300000000000000000000000000000000000F9
:10C7400000000000000000000000000000000000E9
:10C7500000000000000000000000000000000000D9
:10C7600000000000000000000000000000000000C9
:10C7700000000000000000000000000000000000B9
:10C7800000000000000000000000000000000000A9
:10C790000000000000000000000000000000000099
:10C7A0000000000000000000000000000000000089
:10C7B0000000000000000000000000000000000079
:10C7C0000000000000000000000000000000000069
:10C7D0000000000000000000000000000000000059
:10C7E0000000000000000000000000000000000049
:10C7F0000000000000000000000000000000000039
:10C800000000000000000000000000000000000028
:10C810000000000000000000000000000000000018
:10C820000000000000000000000000000000000008
:10C8300000000000000000000000000000000000F8
:10C8400000000000000000000000000000000000E8
:10C8500000000000000000000000000000000000D8
:10C8600000000000000000000000000000000000C8
:10C8700000000000000000000000000000000000B8
:10C8800000000000000000000000000000000000A8
:10C890000000000000000000000000000000000098
:10C8A0000000000000000000000000000000000088
:10C8B0000000000000000000000000000000000078
:10C8C0000000000000000000000000000000000068
:10C8D0000000000000000000000000000000000058
:10C8E0000000000000000000000000000000000048
:10C8F0000000000000000000000000000000000038
:10C900000000000000000000000000000000000027
:10C910000000000000000000000000000000000017
:10C920000000000000000000000000000000000007
:10C9300000000000000000000000000000000000F7
:10C9400000000000000000000000000000000000E7
:10C9500000000000000000000000000000000000D7
:10C9600000000000000000000000000000000000C7
:10C9700000000000000000000000000000000000B7
:10C9800000000000000000000000000000000000A7
:10C990000000000000000000000000000000000097
:10C9A0000000000000000000000000000000000087
:10C9B0000000000000000000000000000000000077
:10C9C0000000000000000000000000000000000067
:10C9D0000000000000000000000000000000000057
:10C9E0000000000000000000000000000000000047
:10C9F0000000000000000000000000000000000037
:10CA00000000000000000000000000000000000026
:10CA10000000000000000000000000000000000016
:10CA20000000000000000000000000000000000006
:10CA300000000000000000000000000000000000F6
:10CA400000000000000000000000000000000000E6
:10CA500000000000000000000000000000000000D6
:10CA600000000000000000000000000000000000C6
:10CA700000000000000000000000000000000000B6
:10CA800000000000000000000000000000000000A6
:10CA90000000000000000000000000000000000096
:10CAA0000000000000000000000000000000000086
:10CAB0000000000000000000000000000000000076
:10CAC0000000000000000000000000000000000066
:10CAD0000000000000000000000000000000000056
:10CAE0000000000000000000000000000000000046
:10CAF0000000000000000000000000000000000036
:10CB00000000000000000000000000000000000025
:10CB10000000000000000000000000000000000015
:10CB20000000000000000000000000000000000005
:10CB300000000000000000000000000000000000F5
:10CB400000000000000000000000000000000000E5
:10CB500000000000000000000000000000000000D5
:10CB600000000000000000000000000000000000C5
:10CB700000000000000000000000000000000000B5
:10CB800000000000000000000000000000000000A5
:10CB90000000000000000000000000000000000095
:10CBA0000000000000000000000000000000000085
:10CBB0000000000000000000000000000000000075
:10CBC0000000000000000000000000000000000065
:10CBD0000000000000000000000000000000000055
:10CBE0000000000000000000000000000000000045
:10CBF0000000000000000000000000000000000035
:10CC00000000000000000000000000000000000024
:10CC10000000000000000000000000000000000014
:10CC20000000000000000000000000000000000004
:10CC300000000000000000000000000000000000F4
:10CC400000000000000000000000000000000000E4
:10CC500000000000000000000000000000000000D4
:10CC600000000000000000000000000000000000C4
:10CC700000000000000000000000000000000000B4
:10CC800000000000000000000000000000000000A4
:10CC90000000000000000000000000000000000094
:10CCA0000000000000000000000000000000000084
:10CCB0000000000000000000000000000000000074
:10CCC0000000000000000000000000000000000064
:10CCD0000000000000000000000000000000000054
:10CCE0000000000000000000000000000000000044
:10CCF0000000000000000000000000000000000034
:10CD00000000000000000000000000000000000023
:10CD10000000000000000000000000000000000013
:10CD20000000000000000000000000000000000003
:10CD300000000000000000000000000000000000F3
:10CD400000000000000000000000000000000000E3
:10CD500000000000000000000000000000000000D3
:10CD600000000000000000000000000000000000C3
:10CD700000000000000000000000000000000000B3
:10CD800000000000000000000000000000000000A3
:10CD90000000000000000000000000000000000093
:10CDA0000000000000000000000000000000000083
:10CDB0000000000000000000000000000000000073
:10CDC0000000000000000000000000000000000063
:10CDD0000000000000000000000000000000000053
:10CDE0000000000000000000000000000000000043
:10CDF0000000000000000000000000000000000033
:10CE00000000000000000000000000000000000022
:10CE10000000000000000000000000000000000012
:10CE20000000000000000000000000000000000002
:10CE300000000000000000000000000000000000F2
:10CE400000000000000000000000000000000000E2
:10CE500000000000000000000000000000000000D2
:10CE600000000000000000000000000000000000C2
:10CE700000000000000000000000000000000000B2
:10CE800000000000000000000000000000000000A2
:10CE90000000000000000000000000000000000092
:10CEA0000000000000000000000000000000000082
:10CEB0000000000000000000000000000000000072
:10CEC0000000000000000000000000000000000062
:10CED0000000000000000000000000000000000052
:10CEE0000000000000000000000000000000000042
:10CEF0000000000000000000000000000000000032
:10CF00000000000000000000000000000000000021
:10CF10000000000000000000000000000000000011
:10CF20000000000000000000000000000000000001
:10CF300000000000000000000000000000000000F1
:10CF400000000000000000000000000000000000E1
:10CF500000000000000000000000000000000000D1
:10CF600000000000000000000000000000000000C1
:10CF700000000000000000000000000000000000B1
:10CF800000000000000000000000000000000000A1
:10CF90000000000000000000000000000000000091
:10CFA0000000000000000000000000000000000081
:10CFB0000000000000000000000000000000000071
:10CFC0000000000000000000000000000000000061
:10CFD0000000000000000000000000000000000051
:10CFE0000000000000000000000000000000000041
:10CFF0000000000000000000000000000000000031
:10D000000000000000000000000000000000000020
:10D010000000000000000000000000000000000010
:10D020000000000000000000000000000000000000
:10D0300000000000000000000000000000000000F0
:10D0400000000000000000000000000000000000E0
:10D0500000000000000000000000000000000000D0
:10D0600000000000000000000000000000000000C0
:10D0700000000000000000000000000000000000B0
:10D0800000000000000000000000000000000000A0
:10D090000000000000000000000000000000000090
:10D0A0000000000000000000000000000000000080
:10D0B0000000000000000000000000000000000070
:10D0C0000000000000000000000000000000000060
:10D0D0000000000000000000000000000000000050
:10D0E0000000000000000000000000000000000040
:10D0F0000000000000000000000000000000000030
:10D10000000000000000000000000000000000001F
:10D11000000000000000000000000000000000000F
:10D1200000000000000000000000000000000000FF
:10D1300000000000000000000000000000000000EF
:10D1400000000000000000000000000000000000DF
:10D1500000000000000000000000000000000000CF
:10D1600000000000000000000000000000000000BF
:10D1700000000000000000000000000000000000AF
:10D18000000000000000000000000000000000009F
:10D19000000000000000000000000000000000008F
:10D1A000000000000000000000000000000000007F
:10D1B000000000000000000000000000000000006F
:10D1C000000000000000000000000000000000005F
:10D1D000000000000000000000000000000000004F
:10D1E000000000000000000000000000000000003F
:10D1F000000000000000000000000000000000002F
:10D20000000000000000000000000000000000001E
:10D21000000000000000000000000000000000000E
:10D2200000000000000000000000000000000000FE
:10D2300000000000000000000000000000000000EE
:10D2400000000000000000000000000000000000DE
:10D2500000000000000000000000000000000000CE
:10D2600000000000000000000000000000000000BE
:10D2700000000000000000000000000000000000AE
:10D28000000000000000000000000000000000009E
:10D29000000000000000000000000000000000008E
:10D2A000000000000000000000000000000000007E
:10D2B000000000000000000000000000000000006E
:10D2C000000000000000000000000000000000005E
:10D2D000000000000000000000000000000000004E
:10D2E000000000000000000000000000000000003E
:10D2F000000000000000000000000000000000002E
:10D30000000000000000000000000000000000001D
:10D31000000000000000000000000000000000000D
:10D3200000000000000000000000000000000000FD
:10D3300000000000000000000000000000000000ED
:10D3400000000000000000000000000000000000DD
:10D3500000000000000000000000000000000000CD
:10D3600000000000000000000000000000000000BD
:10D3700000000000000000000000000000000000AD
:10D38000000000000000000000000000000000009D
:10D39000000000000000000000000000000000008D
:10D3A000000000000000000000000000000000007D
:10D3B000000000000000000000000000000000006D
:10D3C000000000000000000000000000000000005D
:10D3D000000000000000000000000000000000004D
:10D3E000000000000000000000000000000000003D
:10D3F000000000000000000000000000000000002D
:10D40000000000000000000000000000000000001C
:10D41000000000000000000000000000000000000C
:10D4200000000000000000000000000000000000FC
:10D4300000000000000000000000000000000000EC
:10D4400000000000000000000000000000000000DC
:10D4500000000000000000000000000000000000CC
:10D4600000000000000000000000000000000000BC
:10D4700000000000000000000000000000000000AC
:10D48000000000000000000000000000000000009C
:10D49000000000000000000000000000000000008C
:10D4A000000000000000000000000000000000007C
:10D4B000000000000000000000000000000000006C
:10D4C000000000000000000000000000000000005C
:10D4D000000000000000000000000000000000004C
:10D4E000000000000000000000000000000000003C
:10D4F000000000000000000000000000000000002C
:10D50000000000000000000000000000000000001B
:10D51000000000000000000000000000000000000B
:10D5200000000000000000000000000000000000FB
:10D5300000000000000000000000000000000000EB
:10D5400000000000000000000000000000000000DB
:10D5500000000000000000000000000000000000CB
:10D5600000000000000000000000000000000000BB
:10D5700000000000000000000000000000000000AB
:10D58000000000000000000000000000000000009B
:10D59000000000000000000000000000000000008B
:10D5A000000000000000000000000000000000007B
:10D5B000000000000000000000000000000000006B
:10D5C000000000000000000000000000000000005B
:10D5D000000000000000000000000000000000004B
:10D5E000000000000000000000000000000000003B
:10D5F000000000000000000000000000000000002B
:10D60000000000000000000000000000000000001A
:10D61000000000000000000000000000000000000A
:10D6200000000000000000000000000000000000FA
:10D6300000000000000000000000000000000000EA
:10D6400000000000000000000000000000000000DA
:10D6500000000000000000000000000000000000CA
:10D6600000000000000000000000000000000000BA
:10D6700000000000000000000000000000000000AA
:10D68000000000000000000000000000000000009A
:10D69000000000000000000000000000000000008A
:10D6A000000000000000000000000000000000007A
:10D6B000000000000000000000000000000000006A
:10D6C000000000000000000000000000000000005A
:10D6D000000000000000000000000000000000004A
:10D6E000000000000000000000000000000000003A
:10D6F000000000000000000000000000000000002A
:10D700000000000000000000000000000000000019
:10D710000000000000000000000000000000000009
:10D7200000000000000000000000000000000000F9
:10D7300000000000000000000000000000000000E9
:10D7400000000000000000000000000000000000D9
:10D7500000000000000000000000000000000000C9
:10D7600000000000000000000000000000000000B9
:10D7700000000000000000000000000000000000A9
:10D780000000000000000000000000000000000099
:10D790000000000000000000000000000000000089
:10D7A0000000000000000000000000000000000079
:10D7B0000000000000000000000000000000000069
:10D7C0000000000000000000000000000000000059
:10D7D0000000000000000000000000000000000049
:10D7E0000000000000000000000000000000000039
:10D7F0000000000000000000000000000000000029
:10D800000000000000000000000000000000000018
:10D810000000000000000000000000000000000008
:10D8200000000000000000000000000000000000F8
:10D8300000000000000000000000000000000000E8
:10D8400000000000000000000000000000000000D8
:10D8500000000000000000000000000000000000C8
:10D8600000000000000000000000000000000000B8
:10D8700000000000000000000000000000000000A8
:10D880000000000000000000000000000000000098
:10D890000000000000000000000000000000000088
:10D8A0000000000000000000000000000000000078
:10D8B0000000000000000000000000000000000068
:10D8C0000000000000000000000000000000000058
:10D8D0000000000000000000000000000000000048
:10D8E0000000000000000000000000000000000038
:10D8F0000000000000000000000000000000000028
:10D900000000000000000000000000000000000017
:10D910000000000000000000000000000000000007
:10D9200000000000000000000000000000000000F7
:10D9300000000000000000000000000000000000E7
:10D9400000000000000000000000000000000000D7
:10D9500000000000000000000000000000000000C7
:10D9600000000000000000000000000000000000B7
:10D9700000000000000000000000000000000000A7
:10D980000000000000000000000000000000000097
:10D990000000000000000000000000000000000087
:10D9A0000000000000000000000000000000000077
:10D9B0000000000000000000000000000000000067
:10D9C0000000000000000000000000000000000057
:10D9D0000000000000000000000000000000000047
:10D9E0000000000000000000000000000000000037
:10D9F0000000000000000000000000000000000027
:10DA00000000000000000000000000000000000016
:10DA10000000000000000000000000000000000006
:10DA200000000000000000000000000000000000F6
:10DA300000000000000000000000000000000000E6
:10DA400000000000000000000000000000000000D6
:10DA500000000000000000000000000000000000C6
:10DA600000000000000000000000000000000000B6
:10DA700000000000000000000000000000000000A6
:10DA80000000000000000000000000000000000096
:10DA90000000000000000000000000000000000086
:10DAA0000000000000000000000000000000000076
:10DAB0000000000000000000000000000000000066
:10DAC0000000000000000000000000000000000056
:10DAD0000000000000000000000000000000000046
:10DAE0000000000000000000000000000000000036
:10DAF0000000000000000000000000000000000026
:10DB00000000000000000000000000000000000015
:10DB10000000000000000000000000000000000005
:10DB200000000000000000000000000000000000F5
:10DB300000000000000000000000000000000000E5
:10DB400000000000000000000000000000000000D5
:10DB500000000000000000000000000000000000C5
:10DB600000000000000000000000000000000000B5
:10DB700000000000000000000000000000000000A5
:10DB80000000000000000000000000000000000095
:10DB90000000000000000000000000000000000085
:10DBA0000000000000000000000000000000000075
:10DBB0000000000000000000000000000000000065
:10DBC0000000000000000000000000000000000055
:10DBD0000000000000000000000000000000000045
:10DBE0000000000000000000000000000000000035
:10DBF0000000000000000000000000000000000025
:10DC00000000000000000000000000000000000014
:10DC10000000000000000000000000000000000004
:10DC200000000000000000000000000000000000F4
:10DC300000000000000000000000000000000000E4
:10DC400000000000000000000000000000000000D4
:10DC500000000000000000000000000000000000C4
:10DC600000000000000000000000000000000000B4
:10DC700000000000000000000000000000000000A4
:10DC80000000000000000000000000000000000094
:10DC90000000000000000000000000000000000084
:10DCA0000000000000000000000000000000000074
:10DCB0000000000000000000000000000000000064
:10DCC0000000000000000000000000000000000054
:10DCD0000000000000000000000000000000000044
:10DCE0000000000000000000000000000000000034
:10DCF0000000000000000000000000000000000024
:10DD00000000000000000000000000000000000013
:10DD10000000000000000000000000000000000003
:10DD200000000000000000000000000000000000F3
:10DD300000000000000000000000000000000000E3
:10DD400000000000000000000000000000000000D3
:10DD500000000000000000000000000000000000C3
:10DD600000000000000000000000000000000000B3
:10DD700000000000000000000000000000000000A3
:10DD80000000000000000000000000000000000093
:10DD90000000000000000000000000000000000083
:10DDA0000000000000000000000000000000000073
:10DDB0000000000000000000000000000000000063
:10DDC0000000000000000000000000000000000053
:10DDD0000000000000000000000000000000000043
:10DDE0000000000000000000000000000000000033
:10DDF0000000000000000000000000000000000023
:10DE00000000000000000000000000000000000012
:10DE10000000000000000000000000000000000002
:10DE200000000000000000000000000000000000F2
:10DE300000000000000000000000000000000000E2
:10DE400000000000000000000000000000000000D2
:10DE500000000000000000000000000000000000C2
:10DE600000000000000000000000000000000000B2
:10DE700000000000000000000000000000000000A2
:10DE80000000000000000000000000000000000092
:10DE90000000000000000000000000000000000082
:10DEA0000000000000000000000000000000000072
:10DEB0000000000000000000000000000000000062
:10DEC0000000000000000000000000000000000052
:10DED0000000000000000000000000000000000042
:10DEE0000000000000000000000000000000000032
:10DEF0000000000000000000000000000000000022
:10DF00000000000000000000000000000000000011
:10DF10000000000000000000000000000000000001
:10DF200000000000000000000000000000000000F1
:10DF300000000000000000000000000000000000E1
:10DF400000000000000000000000000000000000D1
:10DF500000000000000000000000000000000000C1
:10DF600000000000000000000000000000000000B1
:10DF700000000000000000000000000000000000A1
:10DF80000000000000000000000000000000000091
:10DF90000000000000000000000000000000000081
:10DFA0000000000000000000000000000000000071
:10DFB0000000000000000000000000000000000061
:10DFC0000000000000000000000000000000000051
:10DFD0000000000000000000000000000000000041
:10DFE0000000000000000000000000000000000031
:10DFF0000000000000000000000000000000000021
:10E000000000000000000000000000000000000010
:10E010000000000000000000000000000000000000
:10E0200000000000000000000000000000000000F0
:10E0300000000000000000000000000000000000E0
:10E0400000000000000000000000000000000000D0
:10E0500000000000000000000000000000000000C0
:10E0600000000000000000000000000000000000B0
:10E0700000000000000000000000000000000000A0
:10E080000000000000000000000000000000000090
:10E090000000000000000000000000000000000080
:10E0A0000000000000000000000000000000000070
:10E0B0000000000000000000000000000000000060
:10E0C0000000000000000000000000000000000050
:10E0D0000000000000000000000000000000000040
:10E0E0000000000000000000000000000000000030
:10E0F0000000000000000000000000000000000020
:10E10000000000000000000000000000000000000F
:10E1100000000000000000000000000000000000FF
:10E1200000000000000000000000000000000000EF
:10E1300000000000000000000000000000000000DF
:10E1400000000000000000000000000000000000CF
:10E1500000000000000000000000000000000000BF
:10E1600000000000000000000000000000000000AF
:10E17000000000000000000000000000000000009F
:10E18000000000000000000000000000000000008F
:10E19000000000000000000000000000000000007F
:10E1A000000000000000000000000000000000006F
:10E1B000000000000000000000000000000000005F
:10E1C000000000000000000000000000000000004F
:10E1D000000000000000000000000000000000003F
:10E1E000000000000000000000000000000000002F
:10E1F000000000000000000000000000000000001F
:10E20000000000000000000000000000000000000E
:10E2100000000000000000000000000000000000FE
:10E2200000000000000000000000000000000000EE
:10E2300000000000000000000000000000000000DE
:10E2400000000000000000000000000000000000CE
:10E2500000000000000000000000000000000000BE
:10E2600000000000000000000000000000000000AE
:10E27000000000000000000000000000000000009E
:10E28000000000000000000000000000000000008E
:10E29000000000000000000000000000000000007E
:10E2A000000000000000000000000000000000006E
:10E2B000000000000000000000000000000000005E
:10E2C000000000000000000000000000000000004E
:10E2D000000000000000000000000000000000003E
:10E2E000000000000000000000000000000000002E
:10E2F000000000000000000000000000000000001E
:10E30000000000000000000000000000000000000D
:10E3100000000000000000000000000000000000FD
:10E3200000000000000000000000000000000000ED
:10E3300000000000000000000000000000000000DD
:10E3400000000000000000000000000000000000CD
:10E3500000000000000000000000000000000000BD
:10E3600000000000000000000000000000000000AD
:10E37000000000000000000000000000000000009D
:10E38000000000000000000000000000000000008D
:10E39000000000000000000000000000000000007D
:10E3A000000000000000000000000000000000006D
:10E3B000000000000000000000000000000000005D
:10E3C000000000000000000000000000000000004D
:10E3D000000000000000000000000000000000003D
:10E3E000000000000000000000000000000000002D
:10E3F000000000000000000000000000000000001D
:10E40000000000000000000000000000000000000C
:10E4100000000000000000000000000000000000FC
:10E4200000000000000000000000000000000000EC
:10E4300000000000000000000000000000000000DC
:10E4400000000000000000000000000000000000CC
:10E4500000000000000000000000000000000000BC
:10E4600000000000000000000000000000000000AC
:10E47000000000000000000000000000000000009C
:10E48000000000000000000000000000000000008C
:10E49000000000000000000000000000000000007C
:10E4A000000000000000000000000000000000006C
:10E4B000000000000000000000000000000000005C
:10E4C000000000000000000000000000000000004C
:10E4D000000000000000000000000000000000003C
:10E4E000000000000000000000000000000000002C
:10E4F000000000000000000000000000000000001C
:10E50000000000000000000000000000000000000B
:10E5100000000000000000000000000000000000FB
:10E5200000000000000000000000000000000000EB
:10E5300000000000000000000000000000000000DB
:10E5400000000000000000000000000000000000CB
:10E5500000000000000000000000000000000000BB
:10E5600000000000000000000000000000000000AB
:10E57000000000000000000000000000000000009B
:10E58000000000000000000000000000000000008B
:10E59000000000000000000000000000000000007B
:10E5A000000000000000000000000000000000006B
:10E5B000000000000000000000000000000000005B
:10E5C000000000000000000000000000000000004B
:10E5D000000000000000000000000000000000003B
:10E5E000000000000000000000000000000000002B
:10E5F000000000000000000000000000000000001B
:10E60000000000000000000000000000000000000A
:10E6100000000000000000000000000000000000FA
:10E6200000000000000000000000000000000000EA
:10E6300000000000000000000000000000000000DA
:10E6400000000000000000000000000000000000CA
:10E6500000000000000000000000000000000000BA
:10E6600000000000000000000000000000000000AA
:10E67000000000000000000000000000000000009A
:10E68000000000000000000000000000000000008A
:10E69000000000000000000000000000000000007A
:10E6A000000000000000000000000000000000006A
:10E6B000000000000000000000000000000000005A
:10E6C000000000000000000000000000000000004A
:10E6D000000000000000000000000000000000003A
:10E6E000000000000000000000000000000000002A
:10E6F000000000000000000000000000000000001A
:10E700000000000000000000000000000000000009
:10E7100000000000000000000000000000000000F9
:10E7200000000000000000000000000000000000E9
:10E7300000000000000000000000000000000000D9
:10E7400000000000000000000000000000000000C9
:10E7500000000000000000000000000000000000B9
:10E7600000000000000000000000000000000000A9
:10E770000000000000000000000000000000000099
:10E780000000000000000000000000000000000089
:10E790000000000000000000000000000000000079
:10E7A0000000000000000000000000000000000069
:10E7B0000000000000000000000000000000000059
:10E7C0000000000000000000000000000000000049
:10E7D0000000000000000000000000000000000039
:10E7E0000000000000000000000000000000000029
:10E7F0000000000000000000000000000000000019
:10E800000000000000000000000000000000000008
:10E8100000000000000000000000000000000000F8
:10E8200000000000000000000000000000000000E8
:10E8300000000000000000000000000000000000D8
:10E8400000000000000000000000000000000000C8
:10E8500000000000000000000000000000000000B8
:10E8600000000000000000000000000000000000A8
:10E870000000000000000000000000000000000098
:10E880000000000000000000000000000000000088
:10E890000000000000000000000000000000000078
:10E8A0000000000000000000000000000000000068
:10E8B0000000000000000000000000000000000058
:10E8C0000000000000000000000000000000000048
:10E8D0000000000000000000000000000000000038
:10E8E0000000000000000000000000000000000028
:10E8F0000000000000000000000000000000000018
:10E900000000000000000000000000000000000007
:10E9100000000000000000000000000000000000F7
:10E9200000000000000000000000000000000000E7
:10E9300000000000000000000000000000000000D7
:10E9400000000000000000000000000000000000C7
:10E9500000000000000000000000000000000000B7
:10E9600000000000000000000000000000000000A7
:10E970000000000000000000000000000000000097
:10E980000000000000000000000000000000000087
:10E990000000000000000000000000000000000077
:10E9A0000000000000000000000000000000000067
:10E9B0000000000000000000000000000000000057
:10E9C0000000000000000000000000000000000047
:10E9D0000000000000000000000000000000000037
:10E9E0000000000000000000000000000000000027
:10E9F0000000000000000000000000000000000017
:10EA00000000000000000000000000000000000006
:10EA100000000000000000000000000000000000F6
:10EA200000000000000000000000000000000000E6
:10EA300000000000000000000000000000000000D6
:10EA400000000000000000000000000000000000C6
:10EA500000000000000000000000000000000000B6
:10EA600000000000000000000000000000000000A6
:10EA70000000000000000000000000000000000096
:10EA80000000000000000000000000000000000086
:10EA90000000000000000000000000000000000076
:10EAA0000000000000000000000000000000000066
:10EAB0000000000000000000000000000000000056
:10EAC0000000000000000000000000000000000046
:10EAD0000000000000000000000000000000000036
:10EAE0000000000000000000000000000000000026
:10EAF0000000000000000000000000000000000016
:10EB00000000000000000000000000000000000005
:10EB100000000000000000000000000000000000F5
:10EB200000000000000000000000000000000000E5
:10EB300000000000000000000000000000000000D5
:10EB400000000000000000000000000000000000C5
:10EB500000000000000000000000000000000000B5
:10EB600000000000000000000000000000000000A5
:10EB70000000000000000000000000000000000095
:10EB80000000000000000000000000000000000085
:10EB90000000000000000000000000000000000075
:10EBA0000000000000000000000000000000000065
:10EBB0000000000000000000000000000000000055
:10EBC0000000000000000000000000000000000045
:10EBD0000000000000000000000000000000000035
:10EBE0000000000000000000000000000000000025
:10EBF0000000000000000000000000000000000015
:10EC00000000000000000000000000000000000004
:10EC100000000000000000000000000000000000F4
:10EC200000000000000000000000000000000000E4
:10EC300000000000000000000000000000000000D4
:10EC400000000000000000000000000000000000C4
:10EC500000000000000000000000000000000000B4
:10EC600000000000000000000000000000000000A4
:10EC70000000000000000000000000000000000094
:10EC80000000000000000000000000000000000084
:10EC90000000000000000000000000000000000074
:10ECA0000000000000000000000000000000000064
:10ECB0000000000000000000000000000000000054
:10ECC0000000000000000000000000000000000044
:10ECD0000000000000000000000000000000000034
:10ECE0000000000000000000000000000000000024
:10ECF0000000000000000000000000000000000014
:10ED00000000000000000000000000000000000003
:10ED100000000000000000000000000000000000F3
:10ED200000000000000000000000000000000000E3
:10ED300000000000000000000000000000000000D3
:10ED400000000000000000000000000000000000C3
:10ED500000000000000000000000000000000000B3
:10ED600000000000000000000000000000000000A3
:10ED70000000000000000000000000000000000093
:10ED80000000000000000000000000000000000083
:10ED90000000000000000000000000000000000073
:10EDA0000000000000000000000000000000000063
:10EDB0000000000000000000000000000000000053
:10EDC0000000000000000000000000000000000043
:10EDD0000000000000000000000000000000000033
:10EDE0000000000000000000000000000000000023
:10EDF0000000000000000000000000000000000013
:10EE00000000000000000000000000000000000002
:10EE100000000000000000000000000000000000F2
:10EE200000000000000000000000000000000000E2
:10EE300000000000000000000000000000000000D2
:10EE400000000000000000000000000000000000C2
:10EE500000000000000000000000000000000000B2
:10EE600000000000000000000000000000000000A2
:10EE70000000000000000000000000000000000092
:10EE80000000000000000000000000000000000082
:10EE90000000000000000000000000000000000072
:10EEA0000000000000000000000000000000000062
:10EEB0000000000000000000000000000000000052
:10EEC0000000000000000000000000000000000042
:10EED0000000000000000000000000000000000032
:10EEE0000000000000000000000000000000000022
:10EEF0000000000000000000000000000000000012
:10EF00000000000000000000000000000000000001
:10EF100000000000000000000000000000000000F1
:10EF200000000000000000000000000000000000E1
:10EF300000000000000000000000000000000000D1
:10EF400000000000000000000000000000000000C1
:10EF500000000000000000000000000000000000B1
:10EF600000000000000000000000000000000000A1
:10EF70000000000000000000000000000000000091
:10EF80000000000000000000000000000000000081
:10EF90000000000000000000000000000000000071
:10EFA0000000000000000000000000000000000061
:10EFB0000000000000000000000000000000000051
:10EFC0000000000000000000000000000000000041
:10EFD0000000000000000000000000000000000031
:10EFE0000000000000000000000000000000000021
:10EFF0000000000000000000000000000000000011
:10F000000000000000000000000000000000000000
:10F0100000000000000000000000000000000000F0
:10F0200000000000000000000000000000000000E0
:10F0300000000000000000000000000000000000D0
:10F0400000000000000000000000000000000000C0
:10F0500000000000000000000000000000000000B0
:10F0600000000000000000000000000000000000A0
:10F070000000000000000000000000000000000090
:10F080000000000000000000000000000000000080
:10F090000000000000000000000000000000000070
:10F0A0000000000000000000000000000000000060
:10F0B0000000000000000000000000000000000050
:10F0C0000000000000000000000000000000000040
:10F0D0000000000000000000000000000000000030
:10F0E0000000000000000000000000000000000020
:10F0F0000000000000000000000000000000000010
:10F1000000000000000000000000000000000000FF
:10F1100000000000000000000000000000000000EF
:10F1200000000000000000000000000000000000DF
:10F1300000000000000000000000000000000000CF
:10F1400000000000000000000000000000000000BF
:10F1500000000000000000000000000000000000AF
:10F16000000000000000000000000000000000009F
:10F17000000000000000000000000000000000008F
:10F18000000000000000000000000000000000007F
:10F19000000000000000000000000000000000006F
:10F1A000000000000000000000000000000000005F
:10F1B000000000000000000000000000000000004F
:10F1C000000000000000000000000000000000003F
:10F1D000000000000000000000000000000000002F
:10F1E000000000000000000000000000000000001F
:10F1F000000000000000000000000000000000000F
:10F2000000000000000000000000000000000000FE
:10F2100000000000000000000000000000000000EE
:10F2200000000000000000000000000000000000DE
:10F2300000000000000000000000000000000000CE
:10F2400000000000000000000000000000000000BE
:10F2500000000000000000000000000000000000AE
:10F26000000000000000000000000000000000009E
:10F27000000000000000000000000000000000008E
:10F28000000000000000000000000000000000007E
:10F29000000000000000000000000000000000006E
:10F2A000000000000000000000000000000000005E
:10F2B000000000000000000000000000000000004E
:10F2C000000000000000000000000000000000003E
:10F2D000000000000000000000000000000000002E
:10F2E000000000000000000000000000000000001E
:10F2F000000000000000000000000000000000000E
:10F3000000000000000000000000000000000000FD
:10F3100000000000000000000000000000000000ED
:10F3200000000000000000000000000000000000DD
:10F3300000000000000000000000000000000000CD
:10F3400000000000000000000000000000000000BD
:10F3500000000000000000000000000000000000AD
:10F36000000000000000000000000000000000009D
:10F37000000000000000000000000000000000008D
:10F38000000000000000000000000000000000007D
:10F39000000000000000000000000000000000006D
:10F3A000000000000000000000000000000000005D
:10F3B000000000000000000000000000000000004D
:10F3C000000000000000000000000000000000003D
:10F3D000000000000000000000000000000000002D
:10F3E000000000000000000000000000000000001D
:10F3F000000000000000000000000000000000000D
:10F4000000000000000000000000000000000000FC
:10F4100000000000000000000000000000000000EC
:10F4200000000000000000000000000000000000DC
:10F4300000000000000000000000000000000000CC
:10F4400000000000000000000000000000000000BC
:10F4500000000000000000000000000000000000AC
:10F46000000000000000000000000000000000009C
:10F47000000000000000000000000000000000008C
:10F48000000000000000000000000000000000007C
:10F49000000000000000000000000000000000006C
:10F4A000000000000000000000000000000000005C
:10F4B000000000000000000000000000000000004C
:10F4C000000000000000000000000000000000003C
:10F4D000000000000000000000000000000000002C
:10F4E000000000000000000000000000000000001C
:10F4F000000000000000000000000000000000000C
:10F5000000000000000000000000000000000000FB
:10F5100000000000000000000000000000000000EB
:10F5200000000000000000000000000000000000DB
:10F5300000000000000000000000000000000000CB
:10F5400000000000000000000000000000000000BB
:10F5500000000000000000000000000000000000AB
:10F56000000000000000000000000000000000009B
:10F57000000000000000000000000000000000008B
:10F58000000000000000000000000000000000007B
:10F59000000000000000000000000000000000006B
:10F5A000000000000000000000000000000000005B
:10F5B000000000000000000000000000000000004B
:10F5C000000000000000000000000000000000003B
:10F5D000000000000000000000000000000000002B
:10F5E000000000000000000000000000000000001B
:10F5F000000000000000000000000000000000000B
:10F6000000000000000000000000000000000000FA
:10F6100000000000000000000000000000000000EA
:10F6200000000000000000000000000000000000DA
:10F6300000000000000000000000000000000000CA
:10F6400000000000000000000000000000000000BA
:10F6500000000000000000000000000000000000AA
:10F66000000000000000000000000000000000009A
:10F67000000000000000000000000000000000008A
:10F68000000000000000000000000000000000007A
:10F69000000000000000000000000000000000006A
:10F6A000000000000000000000000000000000005A
:10F6B000000000000000000000000000000000004A
:10F6C000000000000000000000000000000000003A
:10F6D000000000000000000000000000000000002A
:10F6E000000000000000000000000000000000001A
:10F6F000000000000000000000000000000000000A
:10F7000000000000000000000000000000000000F9
:10F7100000000000000000000000000000000000E9
:10F7200000000000000000000000000000000000D9
:10F7300000000000000000000000000000000000C9
:10F7400000000000000000000000000000000000B9
:10F7500000000000000000000000000000000000A9
:10F760000000000000000000000000000000000099
:10F770000000000000000000000000000000000089
:10F780000000000000000000000000000000000079
:10F790000000000000000000000000000000000069
:10F7A0000000000000000000000000000000000059
:10F7B0000000000000000000000000000000000049
:10F7C0000000000000000000000000000000000039
:10F7D0000000000000000000000000000000000029
:10F7E0000000000000000000000000000000000019
:10F7F0000000000000000000000000000000000009
:10F8000000000000000000000000000000000000F8
:10F8100000000000000000000000000000000000E8
:10F8200000000000000000000000000000000000D8
:10F8300000000000000000000000000000000000C8
:10F8400000000000000000000000000000000000B8
:10F8500000000000000000000000000000000000A8
:10F860000000000000000000000000000000000098
:10F870000000000000000000000000000000000088
:10F880000000000000000000000000000000000078
:10F890000000000000000000000000000000000068
:10F8A0000000000000000000000000000000000058
:10F8B0000000000000000000000000000000000048
:10F8C0000000000000000000000000000000000038
:10F8D0000000000000000000000000000000000028
:10F8E0000000000000000000000000000000000018
:10F8F0000000000000000000000000000000000008
:10F9000000000000000000000000000000000000F7
:10F9100000000000000000000000000000000000E7
:10F9200000000000000000000000000000000000D7
:10F9300000000000000000000000000000000000C7
:10F9400000000000000000000000000000000000B7
:10F9500000000000000000000000000000000000A7
:10F960000000000000000000000000000000000097
:10F970000000000000000000000000000000000087
:10F980000000000000000000000000000000000077
:10F990000000000000000000000000000000000067
:10F9A0000000000000000000000000000000000057
:10F9B0000000000000000000000000000000000047
:10F9C0000000000000000000000000000000000037
:10F9D0000000000000000000000000000000000027
:10F9E0000000000000000000000000000000000017
:10F9F0000000000000000000000000000000000007
:10FA000000000000000000000000000000000000F6
:10FA100000000000000000000000000000000000E6
:10FA200000000000000000000000000000000000D6
:10FA300000000000000000000000000000000000C6
:10FA400000000000000000000000000000000000B6
:10FA500000000000000000000000000000000000A6
:10FA60000000000000000000000000000000000096
:10FA70000000000000000000000000000000000086
:10FA80000000000000000000000000000000000076
:10FA90000000000000000000000000000000000066
:10FAA0000000000000000000000000000000000056
:10FAB0000000000000000000000000000000000046
:10FAC0000000000000000000000000000000000036
:10FAD0000000000000000000000000000000000026
:10FAE0000000000000000000000000000000000016
:10FAF0000000000000000000000000000000000006
:10FB000000000000000000000000000000000000F5
:10FB100000000000000000000000000000000000E5
:10FB200000000000000000000000000000000000D5
:10FB300000000000000000000000000000000000C5
:10FB400000000000000000000000000000000000B5
:10FB500000000000000000000000000000000000A5
:10FB60000000000000000000000000000000000095
:10FB70000000000000000000000000000000000085
:10FB80000000000000000000000000000000000075
:10FB90000000000000000000000000000000000065
:10FBA0000000000000000000000000000000000055
:10FBB0000000000000000000000000000000000045
:10FBC0000000000000000000000000000000000035
:10FBD0000000000000000000000000000000000025
:10FBE0000000000000000000000000000000000015
:10FBF0000000000000000000000000000000000005
:10FC000000000000000000000000000000000000F4
:10FC100000000000000000000000000000000000E4
:10FC200000000000000000000000000000000000D4
:10FC300000000000000000000000000000000000C4
:10FC400000000000000000000000000000000000B4
:10FC500000000000000000000000000000000000A4
:10FC60000000000000000000000000000000000094
:10FC70000000000000000000000000000000000084
:10FC80000000000000000000000000000000000074
:10FC90000000000000000000000000000000000064
:10FCA0000000000000000000000000000000000054
:10FCB0000000000000000000000000000000000044
:10FCC0000000000000000000000000000000000034
:10FCD0000000000000000000000000000000000024
:10FCE0000000000000000000000000000000000014
:10FCF0000000000000000000000000000000000004
:10FD000000000000000000000000000000000000F3
:10FD100000000000000000000000000000000000E3
:10FD200000000000000000000000000000000000D3
:10FD300000000000000000000000000000000000C3
:10FD400000000000000000000000000000000000B3
:10FD500000000000000000000000000000000000A3
:10FD60000000000000000000000000000000000093
:10FD70000000000000000000000000000000000083
:10FD80000000000000000000000000000000000073
:10FD90000000000000000000000000000000000063
:10FDA0000000000000000000000000000000000053
:10FDB0000000000000000000000000000000000043
:10FDC0000000000000000000000000000000000033
:10FDD0000000000000000000000000000000000023
:10FDE0000000000000000000000000000000000013
:10FDF0000000000000000000000000000000000003
:10FE000000000000000000000000000000000000F2
:10FE100000000000000000000000000000000000E2
:10FE200000000000000000000000000000000000D2
:10FE300000000000000000000000000000000000C2
:10FE400000000000000000000000000000000000B2
:10FE500000000000000000000000000000000000A2
:10FE60000000000000000000000000000000000092
:10FE70000000000000000000000000000000000082
:10FE80000000000000000000000000000000000072
:10FE90000000000000000000000000000000000062
:10FEA0000000000000000000000000000000000052
:10FEB0000000000000000000000000000000000042
:10FEC0000000000000000000000000000000000032
:10FED0000000000000000000000000000000000022
:10FEE0000000000000000000000000000000000012
:10FEF0000000000000000000000000000000000002
:10FF000000000000000000000000000000000000F1
:10FF100000000000000000000000000000000000E1
:10FF200000000000000000000000000000000000D1
:10FF300000000000000000000000000000000000C1
:10FF400000000000000000000000000000000000B1
:10FF500000000000000000000000000000000000A1
:10FF60000000000000000000000000000000000091
:10FF70000000000000000000000000000000000081
:10FF80000000000000000000000000000000000071
:10FF90000000000000000000000000000000000061
:10FFA0000000000000000000000000000000000051
:10FFB0000000000000000000000000000000000041
:10FFC0000000000000000000000000000000000031
:10FFD0000000000000000000000000000000000021
:10FFE0000000000000000000000000000000000011
:10FFF0000000000000000000000000000000000001
:02000004100BDF
:1000000000000000000000000000000000000000F0
:1000100000000000000000000000000000000000E0
:1000200000000000000000000000000000000000D0
:1000300000000000000000000000000000000000C0
:1000400000000000000000000000000000000000B0
:1000500000000000000000000000000000000000A0
:100060000000000000000000000000000000000090
:100070000000000000000000000000000000000080
:100080000000000000000000000000000000000070
:100090000000000000000000000000000000000060
:1000A0000000000000000000000000000000000050
:1000B0000000000000000000000000000000000040
:1000C0000000000000000000000000000000000030
:1000D0000000000000000000000000000000000020
:1000E0000000000000000000000000000000000010
:1000F0000000000000000000000000000000000000
:1001000000000000000000000000000000000000EF
:1001100000000000000000000000000000000000DF
:1001200000000000000000000000000000000000CF
:1001300000000000000000000000000000000000BF
:1001400000000000000000000000000000000000AF
:10015000000000000000000000000000000000009F
:10016000000000000000000000000000000000008F
:10017000000000000000000000000000000000007F
:10018000000000000000000000000000000000006F
:10019000000000000000000000000000000000005F
:1001A000000000000000000000000000000000004F
:1001B000000000000000000000000000000000003F
:1001C000000000000000000000000000000000002F
:1001D000000000000000000000000000000000001F
:1001E000000000000000000000000000000000000F
:1001F00000000000000000000000000000000000FF
:1002000000000000000000000000000000000000EE
:1002100000000000000000000000000000000000DE
:1002200000000000000000000000000000000000CE
:1002300000000000000000000000000000000000BE
:1002400000000000000000000000000000000000AE
:10025000000000000000000000000000000000009E
:10026000000000000000000000000000000000008E
:10027000000000000000000000000000000000007E
:10028000000000000000000000000000000000006E
:10029000000000000000000000000000000000005E
:1002A000000000000000000000000000000000004E
:1002B000000000000000000000000000000000003E
:1002C000000000000000000000000000000000002E
:1002D000000000000000000000000000000000001E
:1002E000000000000000000000000000000000000E
:1002F00000000000000000000000000000000000FE
:1003000000000000000000000000000000000000ED
:1003100000000000000000000000000000000000DD
:1003200000000000000000000000000000000000CD
:1003300000000000000000000000000000000000BD
:1003400000000000000000000000000000000000AD
:10035000000000000000000000000000000000009D
:10036000000000000000000000000000000000008D
:10037000000000000000000000000000000000007D
:10038000000000000000000000000000000000006D
:10039000000000000000000000000000000000005D
:1003A000000000000000000000000000000000004D
:1003B000000000000000000000000000000000003D
:1003C000000000000000000000000000000000002D
:1003D000000000000000000000000000000000001D
:1003E000000000000000000000000000000000000D
:1003F00000000000000000000000000000000000FD
:1004000000000000000000000000000000000000EC
:1004100000000000000000000000000000000000DC
:1004200000000000000000000000000000000000CC
:1004300000000000000000000000000000000000BC
:1004400000000000000000000000000000000000AC
:10045000000000000000000000000000000000009C
:10046000000000000000000000000000000000008C
:10047000000000000000000000000000000000007C
:10048000000000000000000000000000000000006C
:10049000000000000000000000000000000000005C
:1004A000000000000000000000000000000000004C
:1004B000000000000000000000000000000000003C
:1004C000000000000000000000000000000000002C
:1004D000000000000000000000000000000000001C
:1004E000000000000000000000000000000000000C
:1004F00000000000000000000000000000000000FC
:1005000000000000000000000000000000000000EB
:1005100000000000000000000000000000000000DB
:1005200000000000000000000000000000000000CB
:1005300000000000000000000000000000000000BB
:1005400000000000000000000000000000000000AB
:10055000000000000000000000000000000000009B
:10056000000000000000000000000000000000008B
:10057000000000000000000000000000000000007B
:10058000000000000000000000000000000000006B
:10059000000000000000000000000000000000005B
:1005A000000000000000000000000000000000004B
:1005B000000000000000000000000000000000003B
:1005C000000000000000000000000000000000002B
:1005D000000000000000000000000000000000001B
:1005E000000000000000000000000000000000000B
:1005F00000000000000000000000000000000000FB
:1006000000000000000000000000000000000000EA
:1006100000000000000000000000000000000000DA
:1006200000000000000000000000000000000000CA
:1006300000000000000000000000000000000000BA
:1006400000000000000000000000000000000000AA
:10065000000000000000000000000000000000009A
:10066000000000000000000000000000000000008A
:10067000000000000000000000000000000000007A
:10068000000000000000000000000000000000006A
:10069000000000000000000000000000000000005A
:1006A000000000000000000000000000000000004A
:1006B000000000000000000000000000000000003A
:1006C000000000000000000000000000000000002A
:1006D000000000000000000000000000000000001A
:1006E000000000000000000000000000000000000A
:1006F00000000000000000000000000000000000FA
:1007000000000000000000000000000000000000E9
:1007100000000000000000000000000000000000D9
:1007200000000000000000000000000000000000C9
:1007300000000000000000000000000000000000B9
:1007400000000000000000000000000000000000A9
:100750000000000000000000000000000000000099
:100760000000000000000000000000000000000089
:100770000000000000000000000000000000000079
:100780000000000000000000000000000000000069
:100790000000000000000000000000000000000059
:1007A0000000000000000000000000000000000049
:1007B0000000000000000000000000000000000039
:1007C0000000000000000000000000000000000029
:1007D0000000000000000000000000000000000019
:1007E0000000000000000000000000000000000009
:1007F00000000000000000000000000000000000F9
:1008000000000000000000000000000000000000E8
:1008100000000000000000000000000000000000D8
:1008200000000000000000000000000000000000C8
:1008300000000000000000000000000000000000B8
:1008400000000000000000000000000000000000A8
:100850000000000000000000000000000000000098
:100860000000000000000000000000000000000088
:100870000000000000000000000000000000000078
:100880000000000000000000000000000000000068
:100890000000000000000000000000000000000058
:1008A0000000000000000000000000000000000048
:1008B0000000000000000000000000000000000038
:1008C0000000000000000000000000000000000028
:1008D0000000000000000000000000000000000018
:1008E0000000000000000000000000000000000008
:1008F00000000000000000000000000000000000F8
:1009000000000000000000000000000000000000E7
:1009100000000000000000000000000000000000D7
:1009200000000000000000000000000000000000C7
:1009300000000000000000000000000000000000B7
:1009400000000000000000000000000000000000A7
:100950000000000000000000000000000000000097
:100960000000000000000000000000000000000087
:100970000000000000000000000000000000000077
:100980000000000000000000000000000000000067
:100990000000000000000000000000000000000057
:1009A0000000000000000000000000000000000047
:1009B0000000000000000000000000000000000037
:1009C0000000000000000000000000000000000027
:1009D0000000000000000000000000000000000017
:1009E0000000000000000000000000000000000007
:1009F00000000000000000000000000000000000F7
:100A000000000000000000000000000000000000E6
:100A100000000000000000000000000000000000D6
:100A200000000000000000000000000000000000C6
:100A300000000000000000000000000000000000B6
:100A400000000000000000000000000000000000A6
:100A50000000000000000000000000000000000096
:100A60000000000000000000000000000000000086
:100A70000000000000000000000000000000000076
:100A80000000000000000000000000000000000066
:100A90000000000000000000000000000000000056
:100AA0000000000000000000000000000000000046
:100AB0000000000000000000000000000000000036
:100AC0000000000000000000000000000000000026
:100AD0000000000000000000000000000000000016
:100AE0000000000000000000000000000000000006
:100AF00000000000000000000000000000000000F6
:100B000000000000000000000000000000000000E5
:100B100000000000000000000000000000000000D5
:100B200000000000000000000000000000000000C5
:100B300000000000000000000000000000000000B5
:100B400000000000000000000000000000000000A5
:100B50000000000000000000000000000000000095
:100B60000000000000000000000000000000000085
:100B70000000000000000000000000000000000075
:100B80000000000000000000000000000000000065
:100B90000000000000000000000000000000000055
:100BA0000000000000000000000000000000000045
:100BB0000000000000000000000000000000000035
:100BC0000000000000000000000000000000000025
:100BD0000000000000000000000000000000000015
:100BE0000000000000000000000000000000000005
:100BF00000000000000000000000000000000000F5
:100C000000000000000000000000000000000000E4
:100C100000000000000000000000000000000000D4
:100C200000000000000000000000000000000000C4
:100C300000000000000000000000000000000000B4
:100C400000000000000000000000000000000000A4
:100C50000000000000000000000000000000000094
:100C60000000000000000000000000000000000084
:100C70000000000000000000000000000000000074
:100C80000000000000000000000000000000000064
:100C90000000000000000000000000000000000054
:100CA0000000000000000000000000000000000044
:100CB0000000000000000000000000000000000034
:100CC0000000000000000000000000000000000024
:100CD0000000000000000000000000000000000014
:100CE0000000000000000000000000000000000004
:100CF00000000000000000000000000000000000F4
:100D000000000000000000000000000000000000E3
:100D100000000000000000000000000000000000D3
:100D200000000000000000000000000000000000C3
:100D300000000000000000000000000000000000B3
:100D400000000000000000000000000000000000A3
:100D50000000000000000000000000000000000093
:100D60000000000000000000000000000000000083
:100D70000000000000000000000000000000000073
:100D80000000000000000000000000000000000063
:100D90000000000000000000000000000000000053
:100DA0000000000000000000000000000000000043
:100DB0000000000000000000000000000000000033
:100DC0000000000000000000000000000000000023
:100DD0000000000000000000000000000000000013
:100DE0000000000000000000000000000000000003
:100DF00000000000000000000000000000000000F3
:100E000000000000000000000000000000000000E2
:100E100000000000000000000000000000000000D2
:100E200000000000000000000000000000000000C2
:100E300000000000000000000000000000000000B2
:100E400000000000000000000000000000000000A2
:100E50000000000000000000000000000000000092
:100E60000000000000000000000000000000000082
:100E70000000000000000000000000000000000072
:100E80000000000000000000000000000000000062
:100E90000000000000000000000000000000000052
:100EA0000000000000000000000000000000000042
:100EB0000000000000000000000000000000000032
:100EC0000000000000000000000000000000000022
:100ED0000000000000000000000000000000000012
:100EE0000000000000000000000000000000000002
:100EF00000000000000000000000000000000000F2
:100F000000000000000000000000000000000000E1
:100F100000000000000000000000000000000000D1
:100F200000000000000000000000000000000000C1
:100F300000000000000000000000000000000000B1
:100F400000000000000000000000000000000000A1
:100F50000000000000000000000000000000000091
:100F60000000000000000000000000000000000081
:100F70000000000000000000000000000000000071
:100F80000000000000000000000000000000000061
:100F90000000000000000000000000000000000051
:100FA0000000000000000000000000000000000041
:100FB0000000000000000000000000000000000031
:100FC0000000000000000000000000000000000021
:100FD0000000000000000000000000000000000011
:100FE0000000000000000000000000000000000001
:100FF00000000000000000000000000000000000F1
:1010000000000000000000000000000000000000E0
:1010100000000000000000000000000000000000D0
:1010200000000000000000000000000000000000C0
:1010300000000000000000000000000000000000B0
:1010400000000000000000000000000000000000A0
:101050000000000000000000000000000000000090
:101060000000000000000000000000000000000080
:101070000000000000000000000000000000000070
:101080000000000000000000000000000000000060
:101090000000000000000000000000000000000050
:1010A0000000000000000000000000000000000040
:1010B0000000000000000000000000000000000030
:1010C0000000000000000000000000000000000020
:1010D0000000000000000000000000000000000010
:1010E0000000000000000000000000000000000000
:1010F00000000000000000000000000000000000F0
:1011000000000000000000000000000000000000DF
:1011100000000000000000000000000000000000CF
:1011200000000000000000000000000000000000BF
:1011300000000000000000000000000000000000AF
:10114000000000000000000000000000000000009F
:10115000000000000000000000000000000000008F
:10116000000000000000000000000000000000007F
:10117000000000000000000000000000000000006F
:10118000000000000000000000000000000000005F
:10119000000000000000000000000000000000004F
:1011A000000000000000000000000000000000003F
:1011B000000000000000000000000000000000002F
:1011C000000000000000000000000000000000001F
:1011D000000000000000000000000000000000000F
:1011E00000000000000000000000000000000000FF
:1011F00000000000000000000000000000000000EF
:1012000000000000000000000000000000000000DE
:1012100000000000000000000000000000000000CE
:1012200000000000000000000000000000000000BE
:1012300000000000000000000000000000000000AE
:10124000000000000000000000000000000000009E
:10125000000000000000000000000000000000008E
:10126000000000000000000000000000000000007E
:10127000000000000000000000000000000000006E
:10128000000000000000000000000000000000005E
:10129000000000000000000000000000000000004E
:1012A000000000000000000000000000000000003E
:1012B000000000000000000000000000000000002E
:1012C000000000000000000000000000000000001E
:1012D000000000000000000000000000000000000E
:1012E00000000000000000000000000000000000FE
:1012F00000000000000000000000000000000000EE
:1013000000000000000000000000000000000000DD
:1013100000000000000000000000000000000000CD
:1013200000000000000000000000000000000000BD
:1013300000000000000000000000000000000000AD
:10134000000000000000000000000000000000009D
:10135000000000000000000000000000000000008D
:10136000000000000000000000000000000000007D
:10137000000000000000000000000000000000006D
:10138000000000000000000000000000000000005D
:10139000000000000000000000000000000000004D
:1013A000000000000000000000000000000000003D
:1013B000000000000000000000000000000000002D
:1013C000000000000000000000000000000000001D
:1013D000000000000000000000000000000000000D
:1013E00000000000000000000000000000000000FD
:1013F00000000000000000000000000000000000ED
:1014000000000000000000000000000000000000DC
:1014100000000000000000000000000000000000CC
:1014200000000000000000000000000000000000BC
:1014300000000000000000000000000000000000AC
:10144000000000000000000000000000000000009C
:10145000000000000000000000000000000000008C
:10146000000000000000000000000000000000007C
:10147000000000000000000000000000000000006C
:10148000000000000000000000000000000000005C
:10149000000000000000000000000000000000004C
:1014A000000000000000000000000000000000003C
:1014B000000000000000000000000000000000002C
:1014C000000000000000000000000000000000001C
:1014D000000000000000000000000000000000000C
:1014E00000000000000000000000000000000000FC
:1014F00000000000000000000000000000000000EC
:1015000000000000000000000000000000000000DB
:1015100000000000000000000000000000000000CB
:1015200000000000000000000000000000000000BB
:1015300000000000000000000000000000000000AB
:10154000000000000000000000000000000000009B
:10155000000000000000000000000000000000008B
:10156000000000000000000000000000000000007B
:10157000000000000000000000000000000000006B
:10158000000000000000000000000000000000005B
:10159000000000000000000000000000000000004B
:1015A000000000000000000000000000000000003B
:1015B000000000000000000000000000000000002B
:1015C000000000000000000000000000000000001B
:1015D000000000000000000000000000000000000B
:1015E00000000000000000000000000000000000FB
:1015F00000000000000000000000000000000000EB
:1016000000000000000000000000000000000000DA
:1016100000000000000000000000000000000000CA
:1016200000000000000000000000000000000000BA
:1016300000000000000000000000000000000000AA
:10164000000000000000000000000000000000009A
:10165000000000000000000000000000000000008A
:10166000000000000000000000000000000000007A
:10167000000000000000000000000000000000006A
:10168000000000000000000000000000000000005A
:10169000000000000000000000000000000000004A
:1016A000000000000000000000000000000000003A
:1016B000000000000000000000000000000000002A
:1016C000000000000000000000000000000000001A
:1016D000000000000000000000000000000000000A
:1016E00000000000000000000000000000000000FA
:1016F00000000000000000000000000000000000EA
:1017000000000000000000000000000000000000D9
:1017100000000000000000000000000000000000C9
:1017200000000000000000000000000000000000B9
:1017300000000000000000000000000000000000A9
:101740000000000000000000000000000000000099
:101750000000000000000000000000000000000089
:101760000000000000000000000000000000000079
:101770000000000000000000000000000000000069
:101780000000000000000000000000000000000059
:101790000000000000000000000000000000000049
:1017A0000000000000000000000000000000000039
:1017B0000000000000000000000000000000000029
:1017C0000000000000000000000000000000000019
:1017D0000000000000000000000000000000000009
:1017E00000000000000000000000000000000000F9
:1017F00000000000000000000000000000000000E9
:1018000000000000000000000000000000000000D8
:1018100000000000000000000000000000000000C8
:1018200000000000000000000000000000000000B8
:1018300000000000000000000000000000000000A8
:101840000000000000000000000000000000000098
:101850000000000000000000000000000000000088
:101860000000000000000000000000000000000078
:101870000000000000000000000000000000000068
:101880000000000000000000000000000000000058
:101890000000000000000000000000000000000048
:1018A0000000000000000000000000000000000038
:1018B0000000000000000000000000000000000028
:1018C0000000000000000000000000000000000018
:1018D0000000000000000000000000000000000008
:1018E00000000000000000000000000000000000F8
:1018F00000000000000000000000000000000000E8
:1019000000000000000000000000000000000000D7
:1019100000000000000000000000000000000000C7
:1019200000000000000000000000000000000000B7
:1019300000000000000000000000000000000000A7
:101940000000000000000000000000000000000097
:101950000000000000000000000000000000000087
:101960000000000000000000000000000000000077
:101970000000000000000000000000000000000067
:101980000000000000000000000000000000000057
:101990000000000000000000000000000000000047
:1019A0000000000000000000000000000000000037
:1019B0000000000000000000000000000000000027
:1019C0000000000000000000000000000000000017
:1019D0000000000000000000000000000000000007
:1019E00000000000000000000000000000000000F7
:1019F00000000000000000000000000000000000E7
:101A000000000000000000000000000000000000D6
:101A100000000000000000000000000000000000C6
:101A200000000000000000000000000000000000B6
:101A300000000000000000000000000000000000A6
:101A40000000000000000000000000000000000096
:101A50000000000000000000000000000000000086
:101A60000000000000000000000000000000000076
:101A70000000000000000000000000000000000066
:101A80000000000000000000000000000000000056
:101A90000000000000000000000000000000000046
:101AA0000000000000000000000000000000000036
:101AB0000000000000000000000000000000000026
:101AC0000000000000000000000000000000000016
:101AD0000000000000000000000000000000000006
:101AE00000000000000000000000000000000000F6
:101AF00000000000000000000000000000000000E6
:101B000000000000000000000000000000000000D5
:101B100000000000000000000000000000000000C5
:101B200000000000000000000000000000000000B5
:101B300000000000000000000000000000000000A5
:101B40000000000000000000000000000000000095
:101B50000000000000000000000000000000000085
:101B60000000000000000000000000000000000075
:101B70000000000000000000000000000000000065
:101B80000000000000000000000000000000000055
:101B90000000000000000000000000000000000045
:101BA0000000000000000000000000000000000035
:101BB0000000000000000000000000000000000025
:101BC0000000000000000000000000000000000015
:101BD0000000000000000000000000000000000005
:101BE00000000000000000000000000000000000F5
:101BF00000000000000000000000000000000000E5
:101C000000000000000000000000000000000000D4
:101C100000000000000000000000000000000000C4
:101C200000000000000000000000000000000000B4
:101C300000000000000000000000000000000000A4
:101C40000000000000000000000000000000000094
:101C50000000000000000000000000000000000084
:101C60000000000000000000000000000000000074
:101C70000000000000000000000000000000000064
:101C80000000000000000000000000000000000054
:101C90000000000000000000000000000000000044
:101CA0000000000000000000000000000000000034
:101CB0000000000000000000000000000000000024
:101CC0000000000000000000000000000000000014
:101CD0000000000000000000000000000000000004
:101CE00000000000000000000000000000000000F4
:101CF00000000000000000000000000000000000E4
:101D000000000000000000000000000000000000D3
:101D100000000000000000000000000000000000C3
:101D200000000000000000000000000000000000B3
:101D300000000000000000000000000000000000A3
:101D40000000000000000000000000000000000093
:101D50000000000000000000000000000000000083
:101D60000000000000000000000000000000000073
:101D70000000000000000000000000000000000063
:101D80000000000000000000000000000000000053
:101D90000000000000000000000000000000000043
:101DA0000000000000000000000000000000000033
:101DB0000000000000000000000000000000000023
:101DC0000000000000000000000000000000000013
:101DD0000000000000000000000000000000000003
:101DE00000000000000000000000000000000000F3
:101DF00000000000000000000000000000000000E3
:101E000000000000000000000000000000000000D2
:101E100000000000000000000000000000000000C2
:101E200000000000000000000000000000000000B2
:101E300000000000000000000000000000000000A2
:101E40000000000000000000000000000000000092
:101E50000000000000000000000000000000000082
:101E60000000000000000000000000000000000072
:101E70000000000000000000000000000000000062
:101E80000000000000000000000000000000000052
:101E90000000000000000000000000000000000042
:101EA0000000000000000000000000000000000032
:101EB0000000000000000000000000000000000022
:101EC0000000000000000000000000000000000012
:101ED0000000000000000000000000000000000002
:101EE00000000000000000000000000000000000F2
:101EF00000000000000000000000000000000000E2
:101F000000000000000000000000000000000000D1
:101F100000000000000000000000000000000000C1
:101F200000000000000000000000000000000000B1
:101F300000000000000000000000000000000000A1
:101F40000000000000000000000000000000000091
:101F50000000000000000000000000000000000081
:101F60000000000000000000000000000000000071
:101F70000000000000000000000000000000000061
:101F80000000000000000000000000000000000051
:101F90000000000000000000000000000000000041
:101FA0000000000000000000000000000000000031
:101FB0000000000000000000000000000000000021
:101FC0000000000000000000000000000000000011
:101FD0000000000000000000000000000000000001
:101FE00000000000000000000000000000000000F1
:101FF00000000000000000000000000000000000E1
:1020000000000000000000000000000000000000D0
:1020100000000000000000000000000000000000C0
:1020200000000000000000000000000000000000B0
:1020300000000000000000000000000000000000A0
:102040000000000000000000000000000000000090
:102050000000000000000000000000000000000080
:102060000000000000000000000000000000000070
:102070000000000000000000000000000000000060
:102080000000000000000000000000000000000050
:102090000000000000000000000000000000000040
:1020A0000000000000000000000000000000000030
:1020B0000000000000000000000000000000000020
:1020C0000000000000000000000000000000000010
:1020D0000000000000000000000000000000000000
:1020E00000000000000000000000000000000000F0
:1020F00000000000000000000000000000000000E0
:1021000000000000000000000000000000000000CF
:1021100000000000000000000000000000000000BF
:1021200000000000000000000000000000000000AF
:10213000000000000000000000000000000000009F
:10214000000000000000000000000000000000008F
:10215000000000000000000000000000000000007F
:10216000000000000000000000000000000000006F
:10217000000000000000000000000000000000005F
:10218000000000000000000000000000000000004F
:10219000000000000000000000000000000000003F
:1021A000000000000000000000000000000000002F
:1021B000000000000000000000000000000000001F
:1021C000000000000000000000000000000000000F
:1021D00000000000000000000000000000000000FF
:1021E00000000000000000000000000000000000EF
:1021F00000000000000000000000000000000000DF
:1022000000000000000000000000000000000000CE
:1022100000000000000000000000000000000000BE
:1022200000000000000000000000000000000000AE
:10223000000000000000000000000000000000009E
:10224000000000000000000000000000000000008E
:10225000000000000000000000000000000000007E
:10226000000000000000000000000000000000006E
:10227000000000000000000000000000000000005E
:10228000000000000000000000000000000000004E
:10229000000000000000000000000000000000003E
:1022A000000000000000000000000000000000002E
:1022B000000000000000000000000000000000001E
:1022C000000000000000000000000000000000000E
:1022D00000000000000000000000000000000000FE
:1022E00000000000000000000000000000000000EE
:1022F00000000000000000000000000000000000DE
:1023000000000000000000000000000000000000CD
:1023100000000000000000000000000000000000BD
:1023200000000000000000000000000000000000AD
:10233000000000000000000000000000000000009D
:10234000000000000000000000000000000000008D
:10235000000000000000000000000000000000007D
:10236000000000000000000000000000000000006D
:10237000000000000000000000000000000000005D
:10238000000000000000000000000000000000004D
:10239000000000000000000000000000000000003D
:1023A000000000000000000000000000000000002D
:1023B000000000000000000000000000000000001D
:1023C000000000000000000000000000000000000D
:1023D00000000000000000000000000000000000FD
:1023E00000000000000000000000000000000000ED
:1023F00000000000000000000000000000000000DD
:1024000000000000000000000000000000000000CC
:1024100000000000000000000000000000000000BC
:1024200000000000000000000000000000000000AC
:10243000000000000000000000000000000000009C
:10244000000000000000000000000000000000008C
:10245000000000000000000000000000000000007C
:10246000000000000000000000000000000000006C
:10247000000000000000000000000000000000005C
:10248000000000000000000000000000000000004C
:10249000000000000000000000000000000000003C
:1024A000000000000000000000000000000000002C
:1024B000000000000000000000000000000000001C
:1024C000000000000000000000000000000000000C
:1024D00000000000000000000000000000000000FC
:1024E00000000000000000000000000000000000EC
:1024F00000000000000000000000000000000000DC
:1025000000000000000000000000000000000000CB
:1025100000000000000000000000000000000000BB
:1025200000000000000000000000000000000000AB
:10253000000000000000000000000000000000009B
:10254000000000000000000000000000000000008B
:10255000000000000000000000000000000000007B
:10256000000000000000000000000000000000006B
:10257000000000000000000000000000000000005B
:10258000000000000000000000000000000000004B
:10259000000000000000000000000000000000003B
:1025A000000000000000000000000000000000002B
:1025B000000000000000000000000000000000001B
:1025C000000000000000000000000000000000000B
:1025D00000000000000000000000000000000000FB
:1025E00000000000000000000000000000000000EB
:1025F00000000000000000000000000000000000DB
:1026000000000000000000000000000000000000CA
:1026100000000000000000000000000000000000BA
:1026200000000000000000000000000000000000AA
:10263000000000000000000000000000000000009A
:10264000000000000000000000000000000000008A
:10265000000000000000000000000000000000007A
:10266000000000000000000000000000000000006A
:10267000000000000000000000000000000000005A
:10268000000000000000000000000000000000004A
:10269000000000000000000000000000000000003A
:1026A000000000000000000000000000000000002A
:1026B000000000000000000000000000000000001A
:1026C000000000000000000000000000000000000A
:1026D00000000000000000000000000000000000FA
:1026E00000000000000000000000000000000000EA
:1026F00000000000000000000000000000000000DA
:1027000000000000000000000000000000000000C9
:1027100000000000000000000000000000000000B9
:1027200000000000000000000000000000000000A9
:102730000000000000000000000000000000000099
:102740000000000000000000000000000000000089
:102750000000000000000000000000000000000079
:102760000000000000000000000000000000000069
:102770000000000000000000000000000000000059
:102780000000000000000000000000000000000049
:102790000000000000000000000000000000000039
:1027A0000000000000000000000000000000000029
:1027B0000000000000000000000000000000000019
:1027C0000000000000000000000000000000000009
:1027D00000000000000000000000000000000000F9
:1027E00000000000000000000000000000000000E9
:1027F00000000000000000000000000000000000D9
:1028000000000000000000000000000000000000C8
:1028100000000000000000000000000000000000B8
:1028200000000000000000000000000000000000A8
:102830000000000000000000000000000000000098
:102840000000000000000000000000000000000088
:102850000000000000000000000000000000000078
:102860000000000000000000000000000000000068
:102870000000000000000000000000000000000058
:102880000000000000000000000000000000000048
:102890000000000000000000000000000000000038
:1028A0000000000000000000000000000000000028
:1028B0000000000000000000000000000000000018
:1028C0000000000000000000000000000000000008
:1028D00000000000000000000000000000000000F8
:1028E00000000000000000000000000000000000E8
:1028F00000000000000000000000000000000000D8
:1029000000000000000000000000000000000000C7
:1029100000000000000000000000000000000000B7
:1029200000000000000000000000000000000000A7
:102930000000000000000000000000000000000097
:102940000000000000000000000000000000000087
:102950000000000000000000000000000000000077
:102960000000000000000000000000000000000067
:102970000000000000000000000000000000000057
:102980000000000000000000000000000000000047
:102990000000000000000000000000000000000037
:1029A0000000000000000000000000000000000027
:1029B0000000000000000000000000000000000017
:1029C0000000000000000000000000000000000007
:1029D00000000000000000000000000000000000F7
:1029E00000000000000000000000000000000000E7
:1029F00000000000000000000000000000000000D7
:102A000000000000000000000000000000000000C6
:102A100000000000000000000000000000000000B6
:102A200000000000000000000000000000000000A6
:102A30000000000000000000000000000000000096
:102A40000000000000000000000000000000000086
:102A50000000000000000000000000000000000076
:102A60000000000000000000000000000000000066
:102A70000000000000000000000000000000000056
:102A80000000000000000000000000000000000046
:102A90000000000000000000000000000000000036
:102AA0000000000000000000000000000000000026
:102AB0000000000000000000000000000000000016
:102AC0000000000000000000000000000000000006
:102AD00000000000000000000000000000000000F6
:102AE00000000000000000000000000000000000E6
:102AF00000000000000000000000000000000000D6
:102B000000000000000000000000000000000000C5
:102B100000000000000000000000000000000000B5
:102B200000000000000000000000000000000000A5
:102B30000000000000000000000000000000000095
:102B40000000000000000000000000000000000085
:102B50000000000000000000000000000000000075
:102B60000000000000000000000000000000000065
:102B70000000000000000000000000000000000055
:102B80000000000000000000000000000000000045
:102B90000000000000000000000000000000000035
:102BA0000000000000000000000000000000000025
:102BB0000000000000000000000000000000000015
:102BC0000000000000000000000000000000000005
:102BD00000000000000000000000000000000000F5
:102BE00000000000000000000000000000000000E5
:102BF00000000000000000000000000000000000D5
:102C000000000000000000000000000000000000C4
:102C100000000000000000000000000000000000B4
:102C200000000000000000000000000000000000A4
:102C30000000000000000000000000000000000094
:102C40000000000000000000000000000000000084
:102C50000000000000000000000000000000000074
:102C60000000000000000000000000000000000064
:102C70000000000000000000000000000000000054
:102C80000000000000000000000000000000000044
:102C90000000000000000000000000000000000034
:102CA0000000000000000000000000000000000024
:102CB0000000000000000000000000000000000014
:102CC0000000000000000000000000000000000004
:102CD00000000000000000000000000000000000F4
:102CE00000000000000000000000000000000000E4
:102CF00000000000000000000000000000000000D4
:102D000000000000000000000000000000000000C3
:102D100000000000000000000000000000000000B3
:102D200000000000000000000000000000000000A3
:102D30000000000000000000000000000000000093
:102D40000000000000000000000000000000000083
:102D50000000000000000000000000000000000073
:102D60000000000000000000000000000000000063
:102D70000000000000000000000000000000000053
:102D80000000000000000000000000000000000043
:102D90000000000000000000000000000000000033
:102DA0000000000000000000000000000000000023
:102DB0000000000000000000000000000000000013
:102DC0000000000000000000000000000000000003
:102DD00000000000000000000000000000000000F3
:102DE00000000000000000000000000000000000E3
:102DF00000000000000000000000000000000000D3
:102E000000000000000000000000000000000000C2
:102E100000000000000000000000000000000000B2
:102E200000000000000000000000000000000000A2
:102E30000000000000000000000000000000000092
:102E40000000000000000000000000000000000082
:102E50000000000000000000000000000000000072
:102E60000000000000000000000000000000000062
:102E70000000000000000000000000000000000052
:102E80000000000000000000000000000000000042
:102E90000000000000000000000000000000000032
:102EA0000000000000000000000000000000000022
:102EB0000000000000000000000000000000000012
:102EC0000000000000000000000000000000000002
:102ED00000000000000000000000000000000000F2
:102EE00000000000000000000000000000000000E2
:102EF00000000000000000000000000000000000D2
:102F000000000000000000000000000000000000C1
:102F100000000000000000000000000000000000B1
:102F200000000000000000000000000000000000A1
:102F30000000000000000000000000000000000091
:102F40000000000000000000000000000000000081
:102F50000000000000000000000000000000000071
:102F60000000000000000000000000000000000061
:102F70000000000000000000000000000000000051
:102F80000000000000000000000000000000000041
:102F90000000000000000000000000000000000031
:102FA0000000000000000000000000000000000021
:102FB0000000000000000000000000000000000011
:102FC0000000000000000000000000000000000001
:102FD00000000000000000000000000000000000F1
:102FE00000000000000000000000000000000000E1
:102FF00000000000000000000000000000000000D1
:1030000000000000000000000000000000000000C0
:1030100000000000000000000000000000000000B0
:1030200000000000000000000000000000000000A0
:103030000000000000000000000000000000000090
:103040000000000000000000000000000000000080
:103050000000000000000000000000000000000070
:103060000000000000000000000000000000000060
:103070000000000000000000000000000000000050
:103080000000000000000000000000000000000040
:103090000000000000000000000000000000000030
:1030A0000000000000000000000000000000000020
:1030B0000000000000000000000000000000000010
:1030C0000000000000000000000000000000000000
:1030D00000000000000000000000000000000000F0
:1030E00000000000000000000000000000000000E0
:1030F00000000000000000000000000000000000D0
:1031000000000000000000000000000000000000BF
:1031100000000000000000000000000000000000AF
:10312000000000000000000000000000000000009F
:10313000000000000000000000000000000000008F
:10314000000000000000000000000000000000007F
:10315000000000000000000000000000000000006F
:10316000000000000000000000000000000000005F
:10317000000000000000000000000000000000004F
:10318000000000000000000000000000000000003F
:10319000000000000000000000000000000000002F
:1031A000000000000000000000000000000000001F
:1031B000000000000000000000000000000000000F
:1031C00000000000000000000000000000000000FF
:1031D00000000000000000000000000000000000EF
:1031E00000000000000000000000000000000000DF
:1031F00000000000000000000000000000000000CF
:1032000000000000000000000000000000000000BE
:1032100000000000000000000000000000000000AE
:10322000000000000000000000000000000000009E
:10323000000000000000000000000000000000008E
:10324000000000000000000000000000000000007E
:10325000000000000000000000000000000000006E
:10326000000000000000000000000000000000005E
:10327000000000000000000000000000000000004E
:10328000000000000000000000000000000000003E
:10329000000000000000000000000000000000002E
:1032A000000000000000000000000000000000001E
:1032B000000000000000000000000000000000000E
:1032C00000000000000000000000000000000000FE
:1032D00000000000000000000000000000000000EE
:1032E00000000000000000000000000000000000DE
:1032F00000000000000000000000000000000000CE
:1033000000000000000000000000000000000000BD
:1033100000000000000000000000000000000000AD
:10332000000000000000000000000000000000009D
:10333000000000000000000000000000000000008D
:10334000000000000000000000000000000000007D
:10335000000000000000000000000000000000006D
:10336000000000000000000000000000000000005D
:10337000000000000000000000000000000000004D
:10338000000000000000000000000000000000003D
:10339000000000000000000000000000000000002D
:1033A000000000000000000000000000000000001D
:1033B000000000000000000000000000000000000D
:1033C00000000000000000000000000000000000FD
:1033D00000000000000000000000000000000000ED
:1033E00000000000000000000000000000000000DD
:1033F00000000000000000000000000000000000CD
:1034000000000000000000000000000000000000BC
:1034100000000000000000000000000000000000AC
:10342000000000000000000000000000000000009C
:10343000000000000000000000000000000000008C
:10344000000000000000000000000000000000007C
:10345000000000000000000000000000000000006C
:10346000000000000000000000000000000000005C
:10347000000000000000000000000000000000004C
:10348000000000000000000000000000000000003C
:10349000000000000000000000000000000000002C
:1034A000000000000000000000000000000000001C
:1034B000000000000000000000000000000000000C
:1034C00000000000000000000000000000000000FC
:1034D00000000000000000000000000000000000EC
:1034E00000000000000000000000000000000000DC
:1034F00000000000000000000000000000000000CC
:1035000000000000000000000000000000000000BB
:1035100000000000000000000000000000000000AB
:10352000000000000000000000000000000000009B
:10353000000000000000000000000000000000008B
:10354000000000000000000000000000000000007B
:10355000000000000000000000000000000000006B
:10356000000000000000000000000000000000005B
:10357000000000000000000000000000000000004B
:10358000000000000000000000000000000000003B
:10359000000000000000000000000000000000002B
:1035A000000000000000000000000000000000001B
:1035B000000000000000000000000000000000000B
:1035C00000000000000000000000000000000000FB
:1035D00000000000000000000000000000000000EB
:1035E00000000000000000000000000000000000DB
:1035F00000000000000000000000000000000000CB
:1036000000000000000000000000000000000000BA
:1036100000000000000000000000000000000000AA
:10362000000000000000000000000000000000009A
:10363000000000000000000000000000000000008A
:10364000000000000000000000000000000000007A
:10365000000000000000000000000000000000006A
:10366000000000000000000000000000000000005A
:10367000000000000000000000000000000000004A
:10368000000000000000000000000000000000003A
:10369000000000000000000000000000000000002A
:1036A000000000000000000000000000000000001A
:1036B000000000000000000000000000000000000A
:1036C00000000000000000000000000000000000FA
:1036D00000000000000000000000000000000000EA
:1036E00000000000000000000000000000000000DA
:1036F00000000000000000000000000000000000CA
:1037000000000000000000000000000000000000B9
:1037100000000000000000000000000000000000A9
:103720000000000000000000000000000000000099
:103730000000000000000000000000000000000089
:103740000000000000000000000000000000000079
:103750000000000000000000000000000000000069
:103760000000000000000000000000000000000059
:103770000000000000000000000000000000000049
:103780000000000000000000000000000000000039
:103790000000000000000000000000000000000029
:1037A0000000000000000000000000000000000019
:1037B0000000000000000000000000000000000009
:1037C00000000000000000000000000000000000F9
:1037D00000000000000000000000000000000000E9
:1037E00000000000000000000000000000000000D9
:1037F00000000000000000000000000000000000C9
:1038000000000000000000000000000000000000B8
:1038100000000000000000000000000000000000A8
:103820000000000000000000000000000000000098
:103830000000000000000000000000000000000088
:103840000000000000000000000000000000000078
:103850000000000000000000000000000000000068
:103860000000000000000000000000000000000058
:103870000000000000000000000000000000000048
:103880000000000000000000000000000000000038
:103890000000000000000000000000000000000028
:1038A0000000000000000000000000000000000018
:1038B0000000000000000000000000000000000008
:1038C00000000000000000000000000000000000F8
:1038D00000000000000000000000000000000000E8
:1038E00000000000000000000000000000000000D8
:1038F00000000000000000000000000000000000C8
:1039000000000000000000000000000000000000B7
:1039100000000000000000000000000000000000A7
:103920000000000000000000000000000000000097
:103930000000000000000000000000000000000087
:103940000000000000000000000000000000000077
:103950000000000000000000000000000000000067
:103960000000000000000000000000000000000057
:103970000000000000000000000000000000000047
:103980000000000000000000000000000000000037
:103990000000000000000000000000000000000027
:1039A0000000000000000000000000000000000017
:1039B0000000000000000000000000000000000007
:1039C00000000000000000000000000000000000F7
:1039D00000000000000000000000000000000000E7
:1039E00000000000000000000000000000000000D7
:1039F00000000000000000000000000000000000C7
:103A000000000000000000000000000000000000B6
:103A100000000000000000000000000000000000A6
:103A20000000000000000000000000000000000096
:103A30000000000000000000000000000000000086
:103A40000000000000000000000000000000000076
:103A50000000000000000000000000000000000066
:103A60000000000000000000000000000000000056
:103A70000000000000000000000000000000000046
:103A80000000000000000000000000000000000036
:103A90000000000000000000000000000000000026
:103AA0000000000000000000000000000000000016
:103AB0000000000000000000000000000000000006
:103AC00000000000000000000000000000000000F6
:103AD00000000000000000000000000000000000E6
:103AE00000000000000000000000000000000000D6
:103AF00000000000000000000000000000000000C6
:103B000000000000000000000000000000000000B5
:103B100000000000000000000000000000000000A5
:103B20000000000000000000000000000000000095
:103B30000000000000000000000000000000000085
:103B40000000000000000000000000000000000075
:103B50000000000000000000000000000000000065
:103B60000000000000000000000000000000000055
:103B70000000000000000000000000000000000045
:103B80000000000000000000000000000000000035
:103B90000000000000000000000000000000000025
:103BA0000000000000000000000000000000000015
:103BB0000000000000000000000000000000000005
:103BC00000000000000000000000000000000000F5
:103BD00000000000000000000000000000000000E5
:103BE00000000000000000000000000000000000D5
:103BF00000000000000000000000000000000000C5
:103C000000000000000000000000000000000000B4
:103C100000000000000000000000000000000000A4
:103C20000000000000000000000000000000000094
:103C30000000000000000000000000000000000084
:103C40000000000000000000000000000000000074
:103C50000000000000000000000000000000000064
:103C60000000000000000000000000000000000054
:103C70000000000000000000000000000000000044
:103C80000000000000000000000000000000000034
:103C90000000000000000000000000000000000024
:103CA0000000000000000000000000000000000014
:103CB0000000000000000000000000000000000004
:103CC00000000000000000000000000000000000F4
:103CD00000000000000000000000000000000000E4
:103CE00000000000000000000000000000000000D4
:103CF00000000000000000000000000000000000C4
:103D000000000000000000000000000000000000B3
:103D100000000000000000000000000000000000A3
:103D20000000000000000000000000000000000093
:103D30000000000000000000000000000000000083
:103D40000000000000000000000000000000000073
:103D50000000000000000000000000000000000063
:103D60000000000000000000000000000000000053
:103D70000000000000000000000000000000000043
:103D80000000000000000000000000000000000033
:103D90000000000000000000000000000000000023
:103DA0000000000000000000000000000000000013
:103DB0000000000000000000000000000000000003
:103DC00000000000000000000000000000000000F3
:103DD00000000000000000000000000000000000E3
:103DE00000000000000000000000000000000000D3
:103DF00000000000000000000000000000000000C3
:103E000000000000000000000000000000000000B2
:103E100000000000000000000000000000000000A2
:103E20000000000000000000000000000000000092
:103E30000000000000000000000000000000000082
:103E40000000000000000000000000000000000072
:103E50000000000000000000000000000000000062
:103E60000000000000000000000000000000000052
:103E70000000000000000000000000000000000042
:103E80000000000000000000000000000000000032
:103E90000000000000000000000000000000000022
:103EA0000000000000000000000000000000000012
:103EB0000000000000000000000000000000000002
:103EC00000000000000000000000000000000000F2
:103ED00000000000000000000000000000000000E2
:103EE00000000000000000000000000000000000D2
:103EF00000000000000000000000000000000000C2
:103F000000000000000000000000000000000000B1
:103F100000000000000000000000000000000000A1
:103F20000000000000000000000000000000000091
:103F30000000000000000000000000000000000081
:103F40000000000000000000000000000000000071
:103F50000000000000000000000000000000000061
:103F60000000000000000000000000000000000051
:103F70000000000000000000000000000000000041
:103F80000000000000000000000000000000000031
:103F90000000000000000000000000000000000021
:103FA0000000000000000000000000000000000011
:103FB0000000000000000000000000000000000001
:103FC00000000000000000000000000000000000F1
:103FD00000000000000000000000000000000000E1
:103FE00000000000000000000000000000000000D1
:103FF00000000000000000000000000000000000C1
:1040000000000000000000000000000000000000B0
:1040100000000000000000000000000000000000A0
:104020000000000000000000000000000000000090
:104030000000000000000000000000000000000080
:104040000000000000000000000000000000000070
:104050000000000000000000000000000000000060
:104060000000000000000000000000000000000050
:104070000000000000000000000000000000000040
:104080000000000000000000000000000000000030
:104090000000000000000000000000000000000020
:1040A0000000000000000000000000000000000010
:1040B0000000000000000000000000000000000000
:1040C00000000000000000000000000000000000F0
:1040D00000000000000000000000000000000000E0
:1040E00000000000000000000000000000000000D0
:1040F00000000000000000000000000000000000C0
:1041000000000000000000000000000000000000AF
:10411000000000000000000000000000000000009F
:10412000000000000000000000000000000000008F
:10413000000000000000000000000000000000007F
:10414000000000000000000000000000000000006F
:10415000000000000000000000000000000000005F
:10416000000000000000000000000000000000004F
:10417000000000000000000000000000000000003F
:10418000000000000000000000000000000000002F
:10419000000000000000000000000000000000001F
:1041A000000000000000000000000000000000000F
:1041B00000000000000000000000000000000000FF
:1041C00000000000000000000000000000000000EF
:1041D00000000000000000000000000000000000DF
:1041E00000000000000000000000000000000000CF
:1041F00000000000000000000000000000000000BF
:1042000000000000000000000000000000000000AE
:10421000000000000000000000000000000000009E
:10422000000000000000000000000000000000008E
:10423000000000000000000000000000000000007E
:10424000000000000000000000000000000000006E
:10425000000000000000000000000000000000005E
:10426000000000000000000000000000000000004E
:10427000000000000000000000000000000000003E
:10428000000000000000000000000000000000002E
:10429000000000000000000000000000000000001E
:1042A000000000000000000000000000000000000E
:1042B00000000000000000000000000000000000FE
:1042C00000000000000000000000000000000000EE
:1042D00000000000000000000000000000000000DE
:1042E00000000000000000000000000000000000CE
:1042F00000000000000000000000000000000000BE
:1043000000000000000000000000000000000000AD
:10431000000000000000000000000000000000009D
:10432000000000000000000000000000000000008D
:10433000000000000000000000000000000000007D
:10434000000000000000000000000000000000006D
:10435000000000000000000000000000000000005D
:10436000000000000000000000000000000000004D
:10437000000000000000000000000000000000003D
:10438000000000000000000000000000000000002D
:10439000000000000000000000000000000000001D
:1043A000000000000000000000000000000000000D
:1043B00000000000000000000000000000000000FD
:1043C00000000000000000000000000000000000ED
:1043D00000000000000000000000000000000000DD
:1043E00000000000000000000000000000000000CD
:1043F00000000000000000000000000000000000BD
:1044000000000000000000000000000000000000AC
:10441000000000000000000000000000000000009C
:10442000000000000000000000000000000000008C
:10443000000000000000000000000000000000007C
:10444000000000000000000000000000000000006C
:10445000000000000000000000000000000000005C
:10446000000000000000000000000000000000004C
:10447000000000000000000000000000000000003C
:10448000000000000000000000000000000000002C
:10449000000000000000000000000000000000001C
:1044A000000000000000000000000000000000000C
:1044B00000000000000000000000000000000000FC
:1044C00000000000000000000000000000000000EC
:1044D00000000000000000000000000000000000DC
:1044E00000000000000000000000000000000000CC
:1044F00000000000000000000000000000000000BC
:1045000000000000000000000000000000000000AB
:10451000000000000000000000000000000000009B
:10452000000000000000000000000000000000008B
:10453000000000000000000000000000000000007B
:10454000000000000000000000000000000000006B
:10455000000000000000000000000000000000005B
:10456000000000000000000000000000000000004B
:10457000000000000000000000000000000000003B
:10458000000000000000000000000000000000002B
:10459000000000000000000000000000000000001B
:1045A000000000000000000000000000000000000B
:1045B00000000000000000000000000000000000FB
:1045C00000000000000000000000000000000000EB
:1045D00000000000000000000000000000000000DB
:1045E00000000000000000000000000000000000CB
:1045F00000000000000000000000000000000000BB
:1046000000000000000000000000000000000000AA
:10461000000000000000000000000000000000009A
:10462000000000000000000000000000000000008A
:10463000000000000000000000000000000000007A
:10464000000000000000000000000000000000006A
:10465000000000000000000000000000000000005A
:10466000000000000000000000000000000000004A
:10467000000000000000000000000000000000003A
:10468000000000000000000000000000000000002A
:10469000000000000000000000000000000000001A
:1046A000000000000000000000000000000000000A
:1046B00000000000000000000000000000000000FA
:1046C00000000000000000000000000000000000EA
:1046D00000000000000000000000000000000000DA
:1046E00000000000000000000000000000000000CA
:1046F00000000000000000000000000000000000BA
:1047000000000000000000000000000000000000A9
:104710000000000000000000000000000000000099
:104720000000000000000000000000000000000089
:104730000000000000000000000000000000000079
:104740000000000000000000000000000000000069
:104750000000000000000000000000000000000059
:104760000000000000000000000000000000000049
:104770000000000000000000000000000000000039
:104780000000000000000000000000000000000029
:104790000000000000000000000000000000000019
:1047A0000000000000000000000000000000000009
:1047B00000000000000000000000000000000000F9
:1047C00000000000000000000000000000000000E9
:1047D00000000000000000000000000000000000D9
:1047E00000000000000000000000000000000000C9
:1047F00000000000000000000000000000000000B9
:1048000000000000000000000000000000000000A8
:104810000000000000000000000000000000000098
:104820000000000000000000000000000000000088
:104830000000000000000000000000000000000078
:104840000000000000000000000000000000000068
:104850000000000000000000000000000000000058
:104860000000000000000000000000000000000048
:104870000000000000000000000000000000000038
:104880000000000000000000000000000000000028
:104890000000000000000000000000000000000018
:1048A0000000000000000000000000000000000008
:1048B00000000000000000000000000000000000F8
:1048C00000000000000000000000000000000000E8
:1048D00000000000000000000000000000000000D8
:1048E00000000000000000000000000000000000C8
:1048F00000000000000000000000000000000000B8
:1049000000000000000000000000000000000000A7
:104910000000000000000000000000000000000097
:104920000000000000000000000000000000000087
:104930000000000000000000000000000000000077
:104940000000000000000000000000000000000067
:104950000000000000000000000000000000000057
:104960000000000000000000000000000000000047
:104970000000000000000000000000000000000037
:104980000000000000000000000000000000000027
:104990000000000000000000000000000000000017
:1049A0000000000000000000000000000000000007
:1049B00000000000000000000000000000000000F7
:1049C00000000000000000000000000000000000E7
:1049D00000000000000000000000000000000000D7
:1049E00000000000000000000000000000000000C7
:1049F00000000000000000000000000000000000B7
:104A000000000000000000000000000000000000A6
:104A10000000000000000000000000000000000096
:104A20000000000000000000000000000000000086
:104A30000000000000000000000000000000000076
:104A40000000000000000000000000000000000066
:104A50000000000000000000000000000000000056
:104A60000000000000000000000000000000000046
:104A70000000000000000000000000000000000036
:104A80000000000000000000000000000000000026
:104A90000000000000000000000000000000000016
:104AA0000000000000000000000000000000000006
:104AB00000000000000000000000000000000000F6
:104AC00000000000000000000000000000000000E6
:104AD00000000000000000000000000000000000D6
:104AE00000000000000000000000000000000000C6
:104AF00000000000000000000000000000000000B6
:104B000000000000000000000000000000000000A5
:104B10000000000000000000000000000000000095
:104B20000000000000000000000000000000000085
:104B30000000000000000000000000000000000075
:104B40000000000000000000000000000000000065
:104B50000000000000000000000000000000000055
:104B60000000000000000000000000000000000045
:104B70000000000000000000000000000000000035
:104B80000000000000000000000000000000000025
:104B90000000000000000000000000000000000015
:104BA0000000000000000000000000000000000005
:104BB00000000000000000000000000000000000F5
:104BC00000000000000000000000000000000000E5
:104BD00000000000000000000000000000000000D5
:104BE00000000000000000000000000000000000C5
:104BF00000000000000000000000000000000000B5
:104C000000000000000000000000000000000000A4
:104C10000000000000000000000000000000000094
:104C20000000000000000000000000000000000084
:104C30000000000000000000000000000000000074
:104C40000000000000000000000000000000000064
:104C50000000000000000000000000000000000054
:104C60000000000000000000000000000000000044
:104C70000000000000000000000000000000000034
:104C80000000000000000000000000000000000024
:104C90000000000000000000000000000000000014
:104CA0000000000000000000000000000000000004
:104CB00000000000000000000000000000000000F4
:104CC00000000000000000000000000000000000E4
:104CD00000000000000000000000000000000000D4
:104CE00000000000000000000000000000000000C4
:104CF00000000000000000000000000000000000B4
:104D000000000000000000000000000000000000A3
:104D10000000000000000000000000000000000093
:104D20000000000000000000000000000000000083
:104D30000000000000000000000000000000000073
:104D40000000000000000000000000000000000063
:104D50000000000000000000000000000000000053
:104D60000000000000000000000000000000000043
:104D70000000000000000000000000000000000033
:104D80000000000000000000000000000000000023
:104D90000000000000000000000000000000000013
:104DA0000000000000000000000000000000000003
:104DB00000000000000000000000000000000000F3
:104DC00000000000000000000000000000000000E3
:104DD00000000000000000000000000000000000D3
:104DE00000000000000000000000000000000000C3
:104DF00000000000000000000000000000000000B3
:104E000000000000000000000000000000000000A2
:104E10000000000000000000000000000000000092
:104E20000000000000000000000000000000000082
:104E30000000000000000000000000000000000072
:104E40000000000000000000000000000000000062
:104E50000000000000000000000000000000000052
:104E60000000000000000000000000000000000042
:104E70000000000000000000000000000000000032
:104E80000000000000000000000000000000000022
:104E90000000000000000000000000000000000012
:104EA0000000000000000000000000000000000002
:104EB00000000000000000000000000000000000F2
:104EC00000000000000000000000000000000000E2
:104ED00000000000000000000000000000000000D2
:104EE00000000000000000000000000000000000C2
:104EF00000000000000000000000000000000000B2
:104F000000000000000000000000000000000000A1
:104F10000000000000000000000000000000000091
:104F20000000000000000000000000000000000081
:104F30000000000000000000000000000000000071
:104F40000000000000000000000000000000000061
:104F50000000000000000000000000000000000051
:104F60000000000000000000000000000000000041
:104F70000000000000000000000000000000000031
:104F80000000000000000000000000000000000021
:104F90000000000000000000000000000000000011
:104FA0000000000000000000000000000000000001
:104FB00000000000000000000000000000000000F1
:104FC00000000000000000000000000000000000E1
:104FD00000000000000000000000000000000000D1
:104FE00000000000000000000000000000000000C1
:104FF00000000000000000000000000000000000B1
:1050000000000000000000000000000000000000A0
:105010000000000000000000000000000000000090
:105020000000000000000000000000000000000080
:105030000000000000000000000000000000000070
:105040000000000000000000000000000000000060
:105050000000000000000000000000000000000050
:105060000000000000000000000000000000000040
:105070000000000000000000000000000000000030
:105080000000000000000000000000000000000020
:105090000000000000000000000000000000000010
:1050A0000000000000000000000000000000000000
:1050B00000000000000000000000000000000000F0
:1050C00000000000000000000000000000000000E0
:1050D00000000000000000000000000000000000D0
:1050E00000000000000000000000000000000000C0
:1050F00000000000000000000000000000000000B0
:10510000000000000000000000000000000000009F
:10511000000000000000000000000000000000008F
:10512000000000000000000000000000000000007F
:10513000000000000000000000000000000000006F
:10514000000000000000000000000000000000005F
:10515000000000000000000000000000000000004F
:10516000000000000000000000000000000000003F
:10517000000000000000000000000000000000002F
:10518000000000000000000000000000000000001F
:10519000000000000000000000000000000000000F
:1051A00000000000000000000000000000000000FF
:1051B00000000000000000000000000000000000EF
:1051C00000000000000000000000000000000000DF
:1051D00000000000000000000000000000000000CF
:1051E00000000000000000000000000000000000BF
:1051F00000000000000000000000000000000000AF
:10520000000000000000000000000000000000009E
:10521000000000000000000000000000000000008E
:10522000000000000000000000000000000000007E
:10523000000000000000000000000000000000006E
:10524000000000000000000000000000000000005E
:10525000000000000000000000000000000000004E
:10526000000000000000000000000000000000003E
:10527000000000000000000000000000000000002E
:10528000000000000000000000000000000000001E
:10529000000000000000000000000000000000000E
:1052A00000000000000000000000000000000000FE
:1052B00000000000000000000000000000000000EE
:1052C00000000000000000000000000000000000DE
:1052D00000000000000000000000000000000000CE
:1052E00000000000000000000000000000000000BE
:1052F00000000000000000000000000000000000AE
:10530000000000000000000000000000000000009D
:10531000000000000000000000000000000000008D
:10532000000000000000000000000000000000007D
:10533000000000000000000000000000000000006D
:10534000000000000000000000000000000000005D
:10535000000000000000000000000000000000004D
:10536000000000000000000000000000000000003D
:10537000000000000000000000000000000000002D
:10538000000000000000000000000000000000001D
:10539000000000000000000000000000000000000D
:1053A00000000000000000000000000000000000FD
:1053B00000000000000000000000000000000000ED
:1053C00000000000000000000000000000000000DD
:1053D00000000000000000000000000000000000CD
:1053E00000000000000000000000000000000000BD
:1053F00000000000000000000000000000000000AD
:10540000000000000000000000000000000000009C
:10541000000000000000000000000000000000008C
:10542000000000000000000000000000000000007C
:10543000000000000000000000000000000000006C
:10544000000000000000000000000000000000005C
:10545000000000000000000000000000000000004C
:10546000000000000000000000000000000000003C
:10547000000000000000000000000000000000002C
:10548000000000000000000000000000000000001C
:10549000000000000000000000000000000000000C
:1054A00000000000000000000000000000000000FC
:1054B00000000000000000000000000000000000EC
:1054C00000000000000000000000000000000000DC
:1054D00000000000000000000000000000000000CC
:1054E00000000000000000000000000000000000BC
:1054F00000000000000000000000000000000000AC
:10550000000000000000000000000000000000009B
:10551000000000000000000000000000000000008B
:10552000000000000000000000000000000000007B
:10553000000000000000000000000000000000006B
:10554000000000000000000000000000000000005B
:10555000000000000000000000000000000000004B
:10556000000000000000000000000000000000003B
:10557000000000000000000000000000000000002B
:10558000000000000000000000000000000000001B
:10559000000000000000000000000000000000000B
:1055A00000000000000000000000000000000000FB
:1055B00000000000000000000000000000000000EB
:1055C00000000000000000000000000000000000DB
:1055D00000000000000000000000000000000000CB
:1055E00000000000000000000000000000000000BB
:1055F00000000000000000000000000000000000AB
:10560000000000000000000000000000000000009A
:10561000000000000000000000000000000000008A
:10562000000000000000000000000000000000007A
:10563000000000000000000000000000000000006A
:10564000000000000000000000000000000000005A
:10565000000000000000000000000000000000004A
:10566000000000000000000000000000000000003A
:10567000000000000000000000000000000000002A
:10568000000000000000000000000000000000001A
:10569000000000000000000000000000000000000A
:1056A00000000000000000000000000000000000FA
:1056B00000000000000000000000000000000000EA
:1056C00000000000000000000000000000000000DA
:1056D00000000000000000000000000000000000CA
:1056E00000000000000000000000000000000000BA
:1056F00000000000000000000000000000000000AA
:105700000000000000000000000000000000000099
:105710000000000000000000000000000000000089
:105720000000000000000000000000000000000079
:105730000000000000000000000000000000000069
:105740000000000000000000000000000000000059
:105750000000000000000000000000000000000049
:105760000000000000000000000000000000000039
:105770000000000000000000000000000000000029
:105780000000000000000000000000000000000019
:105790000000000000000000000000000000000009
:1057A00000000000000000000000000000000000F9
:1057B00000000000000000000000000000000000E9
:1057C00000000000000000000000000000000000D9
:1057D00000000000000000000000000000000000C9
:1057E00000000000000000000000000000000000B9
:1057F00000000000000000000000000000000000A9
:105800000000000000000000000000000000000098
:105810000000000000000000000000000000000088
:105820000000000000000000000000000000000078
:105830000000000000000000000000000000000068
:105840000000000000000000000000000000000058
:105850000000000000000000000000000000000048
:105860000000000000000000000000000000000038
:105870000000000000000000000000000000000028
:105880000000000000000000000000000000000018
:105890000000000000000000000000000000000008
:1058A00000000000000000000000000000000000F8
:1058B00000000000000000000000000000000000E8
:1058C00000000000000000000000000000000000D8
:1058D00000000000000000000000000000000000C8
:1058E00000000000000000000000000000000000B8
:1058F00000000000000000000000000000000000A8
:105900000000000000000000000000000000000097
:105910000000000000000000000000000000000087
:105920000000000000000000000000000000000077
:105930000000000000000000000000000000000067
:105940000000000000000000000000000000000057
:105950000000000000000000000000000000000047
:105960000000000000000000000000000000000037
:105970000000000000000000000000000000000027
:105980000000000000000000000000000000000017
:105990000000000000000000000000000000000007
:1059A00000000000000000000000000000000000F7
:1059B00000000000000000000000000000000000E7
:1059C00000000000000000000000000000000000D7
:1059D00000000000000000000000000000000000C7
:1059E00000000000000000000000000000000000B7
:1059F00000000000000000000000000000000000A7
:105A00000000000000000000000000000000000096
:105A10000000000000000000000000000000000086
:105A20000000000000000000000000000000000076
:105A30000000000000000000000000000000000066
:105A40000000000000000000000000000000000056
:105A50000000000000000000000000000000000046
:105A60000000000000000000000000000000000036
:105A70000000000000000000000000000000000026
:105A80000000000000000000000000000000000016
:105A90000000000000000000000000000000000006
:105AA00000000000000000000000000000000000F6
:105AB00000000000000000000000000000000000E6
:105AC00000000000000000000000000000000000D6
:105AD00000000000000000000000000000000000C6
:105AE00000000000000000000000000000000000B6
:105AF00000000000000000000000000000000000A6
:105B00000000000000000000000000000000000095
:105B10000000000000000000000000000000000085
:105B20000000000000000000000000000000000075
:105B30000000000000000000000000000000000065
:105B40000000000000000000000000000000000055
:105B50000000000000000000000000000000000045
:105B60000000000000000000000000000000000035
:105B70000000000000000000000000000000000025
:105B80000000000000000000000000000000000015
:105B90000000000000000000000000000000000005
:105BA00000000000000000000000000000000000F5
:105BB00000000000000000000000000000000000E5
:105BC00000000000000000000000000000000000D5
:105BD00000000000000000000000000000000000C5
:105BE00000000000000000000000000000000000B5
:105BF00000000000000000000000000000000000A5
:105C00000000000000000000000000000000000094
:105C10000000000000000000000000000000000084
:105C20000000000000000000000000000000000074
:105C30000000000000000000000000000000000064
:105C40000000000000000000000000000000000054
:105C50000000000000000000000000000000000044
:105C60000000000000000000000000000000000034
:105C70000000000000000000000000000000000024
:105C80000000000000000000000000000000000014
:105C90000000000000000000000000000000000004
:105CA00000000000000000000000000000000000F4
:105CB00000000000000000000000000000000000E4
:105CC00000000000000000000000000000000000D4
:105CD00000000000000000000000000000000000C4
:105CE00000000000000000000000000000000000B4
:105CF00000000000000000000000000000000000A4
:105D00000000000000000000000000000000000093
:105D10000000000000000000000000000000000083
:105D20000000000000000000000000000000000073
:105D30000000000000000000000000000000000063
:105D40000000000000000000000000000000000053
:105D50000000000000000000000000000000000043
:105D60000000000000000000000000000000000033
:105D70000000000000000000000000000000000023
:105D80000000000000000000000000000000000013
:105D90000000000000000000000000000000000003
:105DA00000000000000000000000000000000000F3
:105DB00000000000000000000000000000000000E3
:105DC00000000000000000000000000000000000D3
:105DD00000000000000000000000000000000000C3
:105DE00000000000000000000000000000000000B3
:105DF00000000000000000000000000000000000A3
:105E00000000000000000000000000000000000092
:105E10000000000000000000000000000000000082
:105E20000000000000000000000000000000000072
:105E30000000000000000000000000000000000062
:105E40000000000000000000000000000000000052
:105E50000000000000000000000000000000000042
:105E60000000000000000000000000000000000032
:105E70000000000000000000000000000000000022
:105E80000000000000000000000000000000000012
:105E90000000000000000000000000000000000002
:105EA00000000000000000000000000000000000F2
:105EB00000000000000000000000000000000000E2
:105EC00000000000000000000000000000000000D2
:105ED00000000000000000000000000000000000C2
:105EE00000000000000000000000000000000000B2
:105EF00000000000000000000000000000000000A2
:105F00000000000000000000000000000000000091
:105F10000000000000000000000000000000000081
:105F20000000000000000000000000000000000071
:105F30000000000000000000000000000000000061
:105F40000000000000000000000000000000000051
:105F50000000000000000000000000000000000041
:105F60000000000000000000000000000000000031
:105F70000000000000000000000000000000000021
:105F80000000000000000000000000000000000011
:105F90000000000000000000000000000000000001
:105FA00000000000000000000000000000000000F1
:105FB00000000000000000000000000000000000E1
:105FC00000000000000000000000000000000000D1
:105FD00000000000000000000000000000000000C1
:105FE00000000000000000000000000000000000B1
:105FF00000000000000000000000000000000000A1
:106000000000000000000000000000000000000090
:106010000000000000000000000000000000000080
:106020000000000000000000000000000000000070
:106030000000000000000000000000000000000060
:106040000000000000000000000000000000000050
:106050000000000000000000000000000000000040
:106060000000000000000000000000000000000030
:106070000000000000000000000000000000000020
:106080000000000000000000000000000000000010
:106090000000000000000000000000000000000000
:1060A00000000000000000000000000000000000F0
:1060B00000000000000000000000000000000000E0
:1060C00000000000000000000000000000000000D0
:1060D00000000000000000000000000000000000C0
:1060E00000000000000000000000000000000000B0
:1060F00000000000000000000000000000000000A0
:10610000000000000000000000000000000000008F
:10611000000000000000000000000000000000007F
:10612000000000000000000000000000000000006F
:10613000000000000000000000000000000000005F
:10614000000000000000000000000000000000004F
:10615000000000000000000000000000000000003F
:10616000000000000000000000000000000000002F
:10617000000000000000000000000000000000001F
:10618000000000000000000000000000000000000F
:1061900000000000000000000000000000000000FF
:1061A00000000000000000000000000000000000EF
:1061B00000000000000000000000000000000000DF
:1061C00000000000000000000000000000000000CF
:1061D00000000000000000000000000000000000BF
:1061E00000000000000000000000000000000000AF
:1061F000000000000000000000000000000000009F
:10620000000000000000000000000000000000008E
:10621000000000000000000000000000000000007E
:10622000000000000000000000000000000000006E
:10623000000000000000000000000000000000005E
:10624000000000000000000000000000000000004E
:10625000000000000000000000000000000000003E
:10626000000000000000000000000000000000002E
:10627000000000000000000000000000000000001E
:10628000000000000000000000000000000000000E
:1062900000000000000000000000000000000000FE
:1062A00000000000000000000000000000000000EE
:1062B00000000000000000000000000000000000DE
:1062C00000000000000000000000000000000000CE
:1062D00000000000000000000000000000000000BE
:1062E00000000000000000000000000000000000AE
:1062F000000000000000000000000000000000009E
:10630000000000000000000000000000000000008D
:10631000000000000000000000000000000000007D
:10632000000000000000000000000000000000006D
:10633000000000000000000000000000000000005D
:10634000000000000000000000000000000000004D
:10635000000000000000000000000000000000003D
:10636000000000000000000000000000000000002D
:10637000000000000000000000000000000000001D
:10638000000000000000000000000000000000000D
:1063900000000000000000000000000000000000FD
:1063A00000000000000000000000000000000000ED
:1063B00000000000000000000000000000000000DD
:1063C00000000000000000000000000000000000CD
:1063D00000000000000000000000000000000000BD
:1063E00000000000000000000000000000000000AD
:1063F000000000000000000000000000000000009D
:10640000000000000000000000000000000000008C
:10641000000000000000000000000000000000007C
:10642000000000000000000000000000000000006C
:10643000000000000000000000000000000000005C
:10644000000000000000000000000000000000004C
:10645000000000000000000000000000000000003C
:10646000000000000000000000000000000000002C
:10647000000000000000000000000000000000001C
:10648000000000000000000000000000000000000C
:1064900000000000000000000000000000000000FC
:1064A00000000000000000000000000000000000EC
:1064B00000000000000000000000000000000000DC
:1064C00000000000000000000000000000000000CC
:1064D00000000000000000000000000000000000BC
:1064E00000000000000000000000000000000000AC
:1064F000000000000000000000000000000000009C
:10650000000000000000000000000000000000008B
:10651000000000000000000000000000000000007B
:10652000000000000000000000000000000000006B
:10653000000000000000000000000000000000005B
:10654000000000000000000000000000000000004B
:10655000000000000000000000000000000000003B
:10656000000000000000000000000000000000002B
:10657000000000000000000000000000000000001B
:10658000000000000000000000000000000000000B
:1065900000000000000000000000000000000000FB
:1065A00000000000000000000000000000000000EB
:1065B00000000000000000000000000000000000DB
:1065C00000000000000000000000000000000000CB
:1065D00000000000000000000000000000000000BB
:1065E00000000000000000000000000000000000AB
:1065F000000000000000000000000000000000009B
:10660000000000000000000000000000000000008A
:10661000000000000000000000000000000000007A
:10662000000000000000000000000000000000006A
:10663000000000000000000000000000000000005A
:10664000000000000000000000000000000000004A
:10665000000000000000000000000000000000003A
:10666000000000000000000000000000000000002A
:10667000000000000000000000000000000000001A
:10668000000000000000000000000000000000000A
:1066900000000000000000000000000000000000FA
:1066A00000000000000000000000000000000000EA
:1066B00000000000000000000000000000000000DA
:1066C00000000000000000000000000000000000CA
:1066D00000000000000000000000000000000000BA
:1066E00000000000000000000000000000000000AA
:1066F000000000000000000000000000000000009A
:106700000000000000000000000000000000000089
:106710000000000000000000000000000000000079
:106720000000000000000000000000000000000069
:106730000000000000000000000000000000000059
:106740000000000000000000000000000000000049
:106750000000000000000000000000000000000039
:106760000000000000000000000000000000000029
:106770000000000000000000000000000000000019
:106780000000000000000000000000000000000009
:1067900000000000000000000000000000000000F9
:1067A00000000000000000000000000000000000E9
:1067B00000000000000000000000000000000000D9
:1067C00000000000000000000000000000000000C9
:1067D00000000000000000000000000000000000B9
:1067E00000000000000000000000000000000000A9
:1067F0000000000000000000000000000000000099
:106800000000000000000000000000000000000088
:106810000000000000000000000000000000000078
:106820000000000000000000000000000000000068
:106830000000000000000000000000000000000058
:106840000000000000000000000000000000000048
:106850000000000000000000000000000000000038
:106860000000000000000000000000000000000028
:106870000000000000000000000000000000000018
:106880000000000000000000000000000000000008
:1068900000000000000000000000000000000000F8
:1068A00000000000000000000000000000000000E8
:1068B00000000000000000000000000000000000D8
:1068C00000000000000000000000000000000000C8
:1068D00000000000000000000000000000000000B8
:1068E00000000000000000000000000000000000A8
:1068F0000000000000000000000000000000000098
:106900000000000000000000000000000000000087
:106910000000000000000000000000000000000077
:106920000000000000000000000000000000000067
:106930000000000000000000000000000000000057
:106940000000000000000000000000000000000047
:106950000000000000000000000000000000000037
:106960000000000000000000000000000000000027
:106970000000000000000000000000000000000017
:106980000000000000000000000000000000000007
:1069900000000000000000000000000000000000F7
:1069A00000000000000000000000000000000000E7
:1069B00000000000000000000000000000000000D7
:1069C00000000000000000000000000000000000C7
:1069D00000000000000000000000000000000000B7
:1069E00000000000000000000000000000000000A7
:1069F0000000000000000000000000000000000097
:106A00000000000000000000000000000000000086
:106A10000000000000000000000000000000000076
:106A20000000000000000000000000000000000066
:106A30000000000000000000000000000000000056
:106A40000000000000000000000000000000000046
:106A50000000000000000000000000000000000036
:106A60000000000000000000000000000000000026
:106A70000000000000000000000000000000000016
:106A80000000000000000000000000000000000006
:106A900000000000000000000000000000000000F6
:106AA00000000000000000000000000000000000E6
:106AB00000000000000000000000000000000000D6
:106AC00000000000000000000000000000000000C6
:106AD00000000000000000000000000000000000B6
:106AE00000000000000000000000000000000000A6
:106AF0000000000000000000000000000000000096
:106B00000000000000000000000000000000000085
:106B10000000000000000000000000000000000075
:106B20000000000000000000000000000000000065
:106B30000000000000000000000000000000000055
:106B40000000000000000000000000000000000045
:106B50000000000000000000000000000000000035
:106B60000000000000000000000000000000000025
:106B70000000000000000000000000000000000015
:106B80000000000000000000000000000000000005
:106B900000000000000000000000000000000000F5
:106BA00000000000000000000000000000000000E5
:106BB00000000000000000000000000000000000D5
:106BC00000000000000000000000000000000000C5
:106BD00000000000000000000000000000000000B5
:106BE00000000000000000000000000000000000A5
:106BF0000000000000000000000000000000000095
:106C00000000000000000000000000000000000084
:106C10000000000000000000000000000000000074
:106C20000000000000000000000000000000000064
:106C30000000000000000000000000000000000054
:106C40000000000000000000000000000000000044
:106C50000000000000000000000000000000000034
:106C60000000000000000000000000000000000024
:106C70000000000000000000000000000000000014
:106C80000000000000000000000000000000000004
:106C900000000000000000000000000000000000F4
:106CA00000000000000000000000000000000000E4
:106CB00000000000000000000000000000000000D4
:106CC00000000000000000000000000000000000C4
:106CD00000000000000000000000000000000000B4
:106CE00000000000000000000000000000000000A4
:106CF0000000000000000000000000000000000094
:106D00000000000000000000000000000000000083
:106D10000000000000000000000000000000000073
:106D20000000000000000000000000000000000063
:106D30000000000000000000000000000000000053
:106D40000000000000000000000000000000000043
:106D50000000000000000000000000000000000033
:106D60000000000000000000000000000000000023
:106D70000000000000000000000000000000000013
:106D80000000000000000000000000000000000003
:106D900000000000000000000000000000000000F3
:106DA00000000000000000000000000000000000E3
:106DB00000000000000000000000000000000000D3
:106DC00000000000000000000000000000000000C3
:106DD00000000000000000000000000000000000B3
:106DE00000000000000000000000000000000000A3
:106DF0000000000000000000000000000000000093
:106E00000000000000000000000000000000000082
:106E10000000000000000000000000000000000072
:106E20000000000000000000000000000000000062
:106E30000000000000000000000000000000000052
:106E40000000000000000000000000000000000042
:106E50000000000000000000000000000000000032
:106E60000000000000000000000000000000000022
:106E70000000000000000000000000000000000012
:106E80000000000000000000000000000000000002
:106E900000000000000000000000000000000000F2
:106EA00000000000000000000000000000000000E2
:106EB00000000000000000000000000000000000D2
:106EC00000000000000000000000000000000000C2
:106ED00000000000000000000000000000000000B2
:106EE00000000000000000000000000000000000A2
:106EF0000000000000000000000000000000000092
:106F00000000000000000000000000000000000081
:106F10000000000000000000000000000000000071
:106F20000000000000000000000000000000000061
:106F30000000000000000000000000000000000051
:106F40000000000000000000000000000000000041
:106F50000000000000000000000000000000000031
:106F60000000000000000000000000000000000021
:106F70000000000000000000000000000000000011
:106F80000000000000000000000000000000000001
:106F900000000000000000000000000000000000F1
:106FA00000000000000000000000000000000000E1
:106FB00000000000000000000000000000000000D1
:106FC00000000000000000000000000000000000C1
:106FD00000000000000000000000000000000000B1
:106FE00000000000000000000000000000000000A1
:106FF0000000000000000000000000000000000091
:107000000000000000000000000000000000000080
:107010000000000000000000000000000000000070
:107020000000000000000000000000000000000060
:107030000000000000000000000000000000000050
:107040000000000000000000000000000000000040
:107050000000000000000000000000000000000030
:107060000000000000000000000000000000000020
:107070000000000000000000000000000000000010
:107080000000000000000000000000000000000000
:1070900000000000000000000000000000000000F0
:1070A00000000000000000000000000000000000E0
:1070B00000000000000000000000000000000000D0
:1070C00000000000000000000000000000000000C0
:1070D00000000000000000000000000000000000B0
:1070E00000000000000000000000000000000000A0
:1070F0000000000000000000000000000000000090
:10710000000000000000000000000000000000007F
:10711000000000000000000000000000000000006F
:10712000000000000000000000000000000000005F
:10713000000000000000000000000000000000004F
:10714000000000000000000000000000000000003F
:10715000000000000000000000000000000000002F
:10716000000000000000000000000000000000001F
:10717000000000000000000000000000000000000F
:1071800000000000000000000000000000000000FF
:1071900000000000000000000000000000000000EF
:1071A00000000000000000000000000000000000DF
:1071B00000000000000000000000000000000000CF
:1071C00000000000000000000000000000000000BF
:1071D00000000000000000000000000000000000AF
:1071E000000000000000000000000000000000009F
:1071F000000000000000000000000000000000008F
:10720000000000000000000000000000000000007E
:10721000000000000000000000000000000000006E
:10722000000000000000000000000000000000005E
:10723000000000000000000000000000000000004E
:10724000000000000000000000000000000000003E
:10725000000000000000000000000000000000002E
:10726000000000000000000000000000000000001E
:10727000000000000000000000000000000000000E
:1072800000000000000000000000000000000000FE
:1072900000000000000000000000000000000000EE
:1072A00000000000000000000000000000000000DE
:1072B00000000000000000000000000000000000CE
:1072C00000000000000000000000000000000000BE
:1072D00000000000000000000000000000000000AE
:1072E000000000000000000000000000000000009E
:1072F000000000000000000000000000000000008E
:10730000000000000000000000000000000000007D
:10731000000000000000000000000000000000006D
:10732000000000000000000000000000000000005D
:10733000000000000000000000000000000000004D
:10734000000000000000000000000000000000003D
:10735000000000000000000000000000000000002D
:10736000000000000000000000000000000000001D
:10737000000000000000000000000000000000000D
:1073800000000000000000000000000000000000FD
:1073900000000000000000000000000000000000ED
:1073A00000000000000000000000000000000000DD
:1073B00000000000000000000000000000000000CD
:1073C00000000000000000000000000000000000BD
:1073D00000000000000000000000000000000000AD
:1073E000000000000000000000000000000000009D
:1073F000000000000000000000000000000000008D
:10740000000000000000000000000000000000007C
:10741000000000000000000000000000000000006C
:10742000000000000000000000000000000000005C
:10743000000000000000000000000000000000004C
:10744000000000000000000000000000000000003C
:10745000000000000000000000000000000000002C
:10746000000000000000000000000000000000001C
:10747000000000000000000000000000000000000C
:1074800000000000000000000000000000000000FC
:1074900000000000000000000000000000000000EC
:1074A00000000000000000000000000000000000DC
:1074B00000000000000000000000000000000000CC
:1074C00000000000000000000000000000000000BC
:1074D00000000000000000000000000000000000AC
:1074E000000000000000000000000000000000009C
:1074F000000000000000000000000000000000008C
:10750000000000000000000000000000000000007B
:10751000000000000000000000000000000000006B
:10752000000000000000000000000000000000005B
:10753000000000000000000000000000000000004B
:10754000000000000000000000000000000000003B
:10755000000000000000000000000000000000002B
:10756000000000000000000000000000000000001B
:10757000000000000000000000000000000000000B
:1075800000000000000000000000000000000000FB
:1075900000000000000000000000000000000000EB
:1075A00000000000000000000000000000000000DB
:1075B00000000000000000000000000000000000CB
:1075C00000000000000000000000000000000000BB
:1075D00000000000000000000000000000000000AB
:1075E000000000000000000000000000000000009B
:1075F000000000000000000000000000000000008B
:10760000000000000000000000000000000000007A
:10761000000000000000000000000000000000006A
:10762000000000000000000000000000000000005A
:10763000000000000000000000000000000000004A
:10764000000000000000000000000000000000003A
:10765000000000000000000000000000000000002A
:10766000000000000000000000000000000000001A
:10767000000000000000000000000000000000000A
:1076800000000000000000000000000000000000FA
:1076900000000000000000000000000000000000EA
:1076A00000000000000000000000000000000000DA
:1076B00000000000000000000000000000000000CA
:1076C00000000000000000000000000000000000BA
:1076D00000000000000000000000000000000000AA
:1076E000000000000000000000000000000000009A
:1076F000000000000000000000000000000000008A
:107700000000000000000000000000000000000079
:107710000000000000000000000000000000000069
:107720000000000000000000000000000000000059
:107730000000000000000000000000000000000049
:107740000000000000000000000000000000000039
:107750000000000000000000000000000000000029
:107760000000000000000000000000000000000019
:107770000000000000000000000000000000000009
:1077800000000000000000000000000000000000F9
:1077900000000000000000000000000000000000E9
:1077A00000000000000000000000000000000000D9
:1077B00000000000000000000000000000000000C9
:1077C00000000000000000000000000000000000B9
:1077D00000000000000000000000000000000000A9
:1077E0000000000000000000000000000000000099
:1077F0000000000000000000000000000000000089
:107800000000000000000000000000000000000078
:107810000000000000000000000000000000000068
:107820000000000000000000000000000000000058
:107830000000000000000000000000000000000048
:107840000000000000000000000000000000000038
:107850000000000000000000000000000000000028
:107860000000000000000000000000000000000018
:107870000000000000000000000000000000000008
:1078800000000000000000000000000000000000F8
:1078900000000000000000000000000000000000E8
:1078A00000000000000000000000000000000000D8
:1078B00000000000000000000000000000000000C8
:1078C00000000000000000000000000000000000B8
:1078D00000000000000000000000000000000000A8
:1078E0000000000000000000000000000000000098
:1078F0000000000000000000000000000000000088
:107900000000000000000000000000000000000077
:107910000000000000000000000000000000000067
:107920000000000000000000000000000000000057
:107930000000000000000000000000000000000047
:107940000000000000000000000000000000000037
:107950000000000000000000000000000000000027
:107960000000000000000000000000000000000017
:107970000000000000000000000000000000000007
:1079800000000000000000000000000000000000F7
:1079900000000000000000000000000000000000E7
:1079A00000000000000000000000000000000000D7
:1079B00000000000000000000000000000000000C7
:1079C00000000000000000000000000000000000B7
:1079D00000000000000000000000000000000000A7
:1079E0000000000000000000000000000000000097
:1079F0000000000000000000000000000000000087
:107A00000000000000000000000000000000000076
:107A10000000000000000000000000000000000066
:107A20000000000000000000000000000000000056
:107A30000000000000000000000000000000000046
:107A40000000000000000000000000000000000036
:107A50000000000000000000000000000000000026
:107A60000000000000000000000000000000000016
:107A70000000000000000000000000000000000006
:107A800000000000000000000000000000000000F6
:107A900000000000000000000000000000000000E6
:107AA00000000000000000000000000000000000D6
:107AB00000000000000000000000000000000000C6
:107AC00000000000000000000000000000000000B6
:107AD00000000000000000000000000000000000A6
:107AE0000000000000000000000000000000000096
:107AF0000000000000000000000000000000000086
:107B00000000000000000000000000000000000075
:107B10000000000000000000000000000000000065
:107B20000000000000000000000000000000000055
:107B30000000000000000000000000000000000045
:107B40000000000000000000000000000000000035
:107B50000000000000000000000000000000000025
:107B60000000000000000000000000000000000015
:107B70000000000000000000000000000000000005
:107B800000000000000000000000000000000000F5
:107B900000000000000000000000000000000000E5
:107BA00000000000000000000000000000000000D5
:107BB00000000000000000000000000000000000C5
:107BC00000000000000000000000000000000000B5
:107BD00000000000000000000000000000000000A5
:107BE0000000000000000000000000000000000095
:107BF0000000000000000000000000000000000085
:107C00000000000000000000000000000000000074
:107C10000000000000000000000000000000000064
:107C20000000000000000000000000000000000054
:107C30000000000000000000000000000000000044
:107C40000000000000000000000000000000000034
:107C50000000000000000000000000000000000024
:107C60000000000000000000000000000000000014
:107C70000000000000000000000000000000000004
:107C800000000000000000000000000000000000F4
:107C900000000000000000000000000000000000E4
:107CA00000000000000000000000000000000000D4
:107CB00000000000000000000000000000000000C4
:107CC00000000000000000000000000000000000B4
:107CD00000000000000000000000000000000000A4
:107CE0000000000000000000000000000000000094
:107CF0000000000000000000000000000000000084
:107D00000000000000000000000000000000000073
:107D10000000000000000000000000000000000063
:107D20000000000000000000000000000000000053
:107D30000000000000000000000000000000000043
:107D40000000000000000000000000000000000033
:107D50000000000000000000000000000000000023
:107D60000000000000000000000000000000000013
:107D70000000000000000000000000000000000003
:107D800000000000000000000000000000000000F3
:107D900000000000000000000000000000000000E3
:107DA00000000000000000000000000000000000D3
:107DB00000000000000000000000000000000000C3
:107DC00000000000000000000000000000000000B3
:107DD00000000000000000000000000000000000A3
:107DE0000000000000000000000000000000000093
:107DF0000000000000000000000000000000000083
:107E00000000000000000000000000000000000072
:107E10000000000000000000000000000000000062
:107E20000000000000000000000000000000000052
:107E30000000000000000000000000000000000042
:107E40000000000000000000000000000000000032
:107E50000000000000000000000000000000000022
:107E60000000000000000000000000000000000012
:107E70000000000000000000000000000000000002
:107E800000000000000000000000000000000000F2
:107E900000000000000000000000000000000000E2
:107EA00000000000000000000000000000000000D2
:107EB00000000000000000000000000000000000C2
:107EC00000000000000000000000000000000000B2
:107ED00000000000000000000000000000000000A2
:107EE0000000000000000000000000000000000092
:107EF0000000000000000000000000000000000082
:107F00000000000000000000000000000000000071
:107F10000000000000000000000000000000000061
:107F20000000000000000000000000000000000051
:107F30000000000000000000000000000000000041
:107F40000000000000000000000000000000000031
:107F50000000000000000000000000000000000021
:107F60000000000000000000000000000000000011
:107F70000000000000000000000000000000000001
:107F800000000000000000000000000000000000F1
:107F900000000000000000000000000000000000E1
:107FA00000000000000000000000000000000000D1
:107FB00000000000000000000000000000000000C1
:107FC00000000000000000000000000000000000B1
:107FD00000000000000000000000000000000000A1
:107FE0000000000000000000000000000000000091
:107FF0000000000000000000000000000000000081
:108000000000000000000000000000000000000070
:108010000000000000000000000000000000000060
:108020000000000000000000000000000000000050
:108030000000000000000000000000000000000040
:108040000000000000000000000000000000000030
:108050000000000000000000000000000000000020
:108060000000000000000000000000000000000010
:108070000000000000000000000000000000000000
:1080800000000000000000000000000000000000F0
:1080900000000000000000000000000000000000E0
:1080A00000000000000000000000000000000000D0
:1080B00000000000000000000000000000000000C0
:1080C00000000000000000000000000000000000B0
:1080D00000000000000000000000000000000000A0
:1080E0000000000000000000000000000000000090
:1080F0000000000000000000000000000000000080
:10810000000000000000000000000000000000006F
:10811000000000000000000000000000000000005F
:10812000000000000000000000000000000000004F
:10813000000000000000000000000000000000003F
:10814000000000000000000000000000000000002F
:10815000000000000000000000000000000000001F
:10816000000000000000000000000000000000000F
:1081700000000000000000000000000000000000FF
:1081800000000000000000000000000000000000EF
:1081900000000000000000000000000000000000DF
:1081A00000000000000000000000000000000000CF
:1081B00000000000000000000000000000000000BF
:1081C00000000000000000000000000000000000AF
:1081D000000000000000000000000000000000009F
:1081E000000000000000000000000000000000008F
:1081F000000000000000000000000000000000007F
:10820000000000000000000000000000000000006E
:10821000000000000000000000000000000000005E
:10822000000000000000000000000000000000004E
:10823000000000000000000000000000000000003E
:10824000000000000000000000000000000000002E
:10825000000000000000000000000000000000001E
:10826000000000000000000000000000000000000E
:1082700000000000000000000000000000000000FE
:1082800000000000000000000000000000000000EE
:1082900000000000000000000000000000000000DE
:1082A00000000000000000000000000000000000CE
:1082B00000000000000000000000000000000000BE
:1082C00000000000000000000000000000000000AE
:1082D000000000000000000000000000000000009E
:1082E000000000000000000000000000000000008E
:1082F000000000000000000000000000000000007E
:10830000000000000000000000000000000000006D
:10831000000000000000000000000000000000005D
:10832000000000000000000000000000000000004D
:10833000000000000000000000000000000000003D
:10834000000000000000000000000000000000002D
:10835000000000000000000000000000000000001D
:10836000000000000000000000000000000000000D
:1083700000000000000000000000000000000000FD
:1083800000000000000000000000000000000000ED
:1083900000000000000000000000000000000000DD
:1083A00000000000000000000000000000000000CD
:1083B00000000000000000000000000000000000BD
:1083C00000000000000000000000000000000000AD
:1083D000000000000000000000000000000000009D
:1083E000000000000000000000000000000000008D
:1083F000000000000000000000000000000000007D
:10840000000000000000000000000000000000006C
:10841000000000000000000000000000000000005C
:10842000000000000000000000000000000000004C
:10843000000000000000000000000000000000003C
:10844000000000000000000000000000000000002C
:10845000000000000000000000000000000000001C
:10846000000000000000000000000000000000000C
:1084700000000000000000000000000000000000FC
:1084800000000000000000000000000000000000EC
:1084900000000000000000000000000000000000DC
:1084A00000000000000000000000000000000000CC
:1084B00000000000000000000000000000000000BC
:1084C00000000000000000000000000000000000AC
:1084D000000000000000000000000000000000009C
:1084E000000000000000000000000000000000008C
:1084F000000000000000000000000000000000007C
:10850000000000000000000000000000000000006B
:10851000000000000000000000000000000000005B
:10852000000000000000000000000000000000004B
:10853000000000000000000000000000000000003B
:10854000000000000000000000000000000000002B
:10855000000000000000000000000000000000001B
:10856000000000000000000000000000000000000B
:1085700000000000000000000000000000000000FB
:1085800000000000000000000000000000000000EB
:1085900000000000000000000000000000000000DB
:1085A00000000000000000000000000000000000CB
:1085B00000000000000000000000000000000000BB
:1085C00000000000000000000000000000000000AB
:1085D000000000000000000000000000000000009B
:1085E000000000000000000000000000000000008B
:1085F000000000000000000000000000000000007B
:10860000000000000000000000000000000000006A
:10861000000000000000000000000000000000005A
:10862000000000000000000000000000000000004A
:10863000000000000000000000000000000000003A
:10864000000000000000000000000000000000002A
:10865000000000000000000000000000000000001A
:10866000000000000000000000000000000000000A
:1086700000000000000000000000000000000000FA
:1086800000000000000000000000000000000000EA
:1086900000000000000000000000000000000000DA
:1086A00000000000000000000000000000000000CA
:1086B00000000000000000000000000000000000BA
:1086C00000000000000000000000000000000000AA
:1086D000000000000000000000000000000000009A
:1086E000000000000000000000000000000000008A
:1086F000000000000000000000000000000000007A
:108700000000000000000000000000000000000069
:108710000000000000000000000000000000000059
:108720000000000000000000000000000000000049
:108730000000000000000000000000000000000039
:108740000000000000000000000000000000000029
:108750000000000000000000000000000000000019
:108760000000000000000000000000000000000009
:1087700000000000000000000000000000000000F9
:1087800000000000000000000000000000000000E9
:1087900000000000000000000000000000000000D9
:1087A00000000000000000000000000000000000C9
:1087B00000000000000000000000000000000000B9
:1087C00000000000000000000000000000000000A9
:1087D0000000000000000000000000000000000099
:1087E0000000000000000000000000000000000089
:1087F0000000000000000000000000000000000079
:108800000000000000000000000000000000000068
:108810000000000000000000000000000000000058
:108820000000000000000000000000000000000048
:108830000000000000000000000000000000000038
:108840000000000000000000000000000000000028
:108850000000000000000000000000000000000018
:108860000000000000000000000000000000000008
:1088700000000000000000000000000000000000F8
:1088800000000000000000000000000000000000E8
:1088900000000000000000000000000000000000D8
:1088A00000000000000000000000000000000000C8
:1088B00000000000000000000000000000000000B8
:1088C00000000000000000000000000000000000A8
:1088D0000000000000000000000000000000000098
:1088E0000000000000000000000000000000000088
:1088F0000000000000000000000000000000000078
:108900000000000000000000000000000000000067
:108910000000000000000000000000000000000057
:108920000000000000000000000000000000000047
:108930000000000000000000000000000000000037
:108940000000000000000000000000000000000027
:108950000000000000000000000000000000000017
:108960000000000000000000000000000000000007
:1089700000000000000000000000000000000000F7
:1089800000000000000000000000000000000000E7
:1089900000000000000000000000000000000000D7
:1089A00000000000000000000000000000000000C7
:1089B00000000000000000000000000000000000B7
:1089C00000000000000000000000000000000000A7
:1089D0000000000000000000000000000000000097
:1089E0000000000000000000000000000000000087
:1089F0000000000000000000000000000000000077
:108A00000000000000000000000000000000000066
:108A10000000000000000000000000000000000056
:108A20000000000000000000000000000000000046
:108A30000000000000000000000000000000000036
:108A40000000000000000000000000000000000026
:108A50000000000000000000000000000000000016
:108A60000000000000000000000000000000000006
:108A700000000000000000000000000000000000F6
:108A800000000000000000000000000000000000E6
:108A900000000000000000000000000000000000D6
:108AA00000000000000000000000000000000000C6
:108AB00000000000000000000000000000000000B6
:108AC00000000000000000000000000000000000A6
:108AD0000000000000000000000000000000000096
:108AE0000000000000000000000000000000000086
:108AF0000000000000000000000000000000000076
:108B00000000000000000000000000000000000065
:108B10000000000000000000000000000000000055
:108B20000000000000000000000000000000000045
:108B30000000000000000000000000000000000035
:108B40000000000000000000000000000000000025
:108B50000000000000000000000000000000000015
:108B60000000000000000000000000000000000005
:108B700000000000000000000000000000000000F5
:108B800000000000000000000000000000000000E5
:108B900000000000000000000000000000000000D5
:108BA00000000000000000000000000000000000C5
:108BB00000000000000000000000000000000000B5
:108BC00000000000000000000000000000000000A5
:108BD0000000000000000000000000000000000095
:108BE0000000000000000000000000000000000085
:108BF0000000000000000000000000000000000075
:108C00000000000000000000000000000000000064
:108C10000000000000000000000000000000000054
:108C20000000000000000000000000000000000044
:108C30000000000000000000000000000000000034
:108C40000000000000000000000000000000000024
:108C50000000000000000000000000000000000014
:108C60000000000000000000000000000000000004
:108C700000000000000000000000000000000000F4
:108C800000000000000000000000000000000000E4
:108C900000000000000000000000000000000000D4
:108CA00000000000000000000000000000000000C4
:108CB00000000000000000000000000000000000B4
:108CC00000000000000000000000000000000000A4
:108CD0000000000000000000000000000000000094
:108CE0000000000000000000000000000000000084
:108CF0000000000000000000000000000000000074
:108D00000000000000000000000000000000000063
:108D10000000000000000000000000000000000053
:108D20000000000000000000000000000000000043
:108D30000000000000000000000000000000000033
:108D40000000000000000000000000000000000023
:108D50000000000000000000000000000000000013
:108D60000000000000000000000000000000000003
:108D700000000000000000000000000000000000F3
:108D800000000000000000000000000000000000E3
:108D900000000000000000000000000000000000D3
:108DA00000000000000000000000000000000000C3
:108DB00000000000000000000000000000000000B3
:108DC00000000000000000000000000000000000A3
:108DD0000000000000000000000000000000000093
:108DE0000000000000000000000000000000000083
:108DF0000000000000000000000000000000000073
:108E00000000000000000000000000000000000062
:108E10000000000000000000000000000000000052
:108E20000000000000000000000000000000000042
:108E30000000000000000000000000000000000032
:108E40000000000000000000000000000000000022
:108E50000000000000000000000000000000000012
:108E60000000000000000000000000000000000002
:108E700000000000000000000000000000000000F2
:108E800000000000000000000000000000000000E2
:108E900000000000000000000000000000000000D2
:108EA00000000000000000000000000000000000C2
:108EB00000000000000000000000000000000000B2
:108EC00000000000000000000000000000000000A2
:108ED0000000000000000000000000000000000092
:108EE0000000000000000000000000000000000082
:108EF0000000000000000000000000000000000072
:108F00000000000000000000000000000000000061
:108F10000000000000000000000000000000000051
:108F20000000000000000000000000000000000041
:108F30000000000000000000000000000000000031
:108F40000000000000000000000000000000000021
:108F50000000000000000000000000000000000011
:108F60000000000000000000000000000000000001
:108F700000000000000000000000000000000000F1
:108F800000000000000000000000000000000000E1
:108F900000000000000000000000000000000000D1
:108FA00000000000000000000000000000000000C1
:108FB00000000000000000000000000000000000B1
:108FC00000000000000000000000000000000000A1
:108FD0000000000000000000000000000000000091
:108FE0000000000000000000000000000000000081
:108FF0000000000000000000000000000000000071
:109000000000000000000000000000000000000060
:109010000000000000000000000000000000000050
:109020000000000000000000000000000000000040
:109030000000000000000000000000000000000030
:109040000000000000000000000000000000000020
:109050000000000000000000000000000000000010
:109060000000000000000000000000000000000000
:1090700000000000000000000000000000000000F0
:1090800000000000000000000000000000000000E0
:1090900000000000000000000000000000000000D0
:1090A00000000000000000000000000000000000C0
:1090B00000000000000000000000000000000000B0
:1090C00000000000000000000000000000000000A0
:1090D0000000000000000000000000000000000090
:1090E0000000000000000000000000000000000080
:1090F0000000000000000000000000000000000070
:10910000000000000000000000000000000000005F
:10911000000000000000000000000000000000004F
:10912000000000000000000000000000000000003F
:10913000000000000000000000000000000000002F
:10914000000000000000000000000000000000001F
:10915000000000000000000000000000000000000F
:1091600000000000000000000000000000000000FF
:1091700000000000000000000000000000000000EF
:1091800000000000000000000000000000000000DF
:1091900000000000000000000000000000000000CF
:1091A00000000000000000000000000000000000BF
:1091B00000000000000000000000000000000000AF
:1091C000000000000000000000000000000000009F
:1091D000000000000000000000000000000000008F
:1091E000000000000000000000000000000000007F
:1091F000000000000000000000000000000000006F
:10920000000000000000000000000000000000005E
:10921000000000000000000000000000000000004E
:10922000000000000000000000000000000000003E
:10923000000000000000000000000000000000002E
:10924000000000000000000000000000000000001E
:10925000000000000000000000000000000000000E
:1092600000000000000000000000000000000000FE
:1092700000000000000000000000000000000000EE
:1092800000000000000000000000000000000000DE
:1092900000000000000000000000000000000000CE
:1092A00000000000000000000000000000000000BE
:1092B00000000000000000000000000000000000AE
:1092C000000000000000000000000000000000009E
:1092D000000000000000000000000000000000008E
:1092E000000000000000000000000000000000007E
:1092F000000000000000000000000000000000006E
:10930000000000000000000000000000000000005D
:10931000000000000000000000000000000000004D
:10932000000000000000000000000000000000003D
:10933000000000000000000000000000000000002D
:10934000000000000000000000000000000000001D
:10935000000000000000000000000000000000000D
:1093600000000000000000000000000000000000FD
:1093700000000000000000000000000000000000ED
:1093800000000000000000000000000000000000DD
:1093900000000000000000000000000000000000CD
:1093A00000000000000000000000000000000000BD
:1093B00000000000000000000000000000000000AD
:1093C000000000000000000000000000000000009D
:1093D000000000000000000000000000000000008D
:1093E000000000000000000000000000000000007D
:1093F000000000000000000000000000000000006D
:10940000000000000000000000000000000000005C
:10941000000000000000000000000000000000004C
:10942000000000000000000000000000000000003C
:10943000000000000000000000000000000000002C
:10944000000000000000000000000000000000001C
:10945000000000000000000000000000000000000C
:1094600000000000000000000000000000000000FC
:1094700000000000000000000000000000000000EC
:1094800000000000000000000000000000000000DC
:1094900000000000000000000000000000000000CC
:1094A00000000000000000000000000000000000BC
:1094B00000000000000000000000000000000000AC
:1094C000000000000000000000000000000000009C
:1094D000000000000000000000000000000000008C
:1094E000000000000000000000000000000000007C
:1094F000000000000000000000000000000000006C
:10950000000000000000000000000000000000005B
:10951000000000000000000000000000000000004B
:10952000000000000000000000000000000000003B
:10953000000000000000000000000000000000002B
:10954000000000000000000000000000000000001B
:10955000000000000000000000000000000000000B
:1095600000000000000000000000000000000000FB
:1095700000000000000000000000000000000000EB
:1095800000000000000000000000000000000000DB
:1095900000000000000000000000000000000000CB
:1095A00000000000000000000000000000000000BB
:1095B00000000000000000000000000000000000AB
:1095C000000000000000000000000000000000009B
:1095D000000000000000000000000000000000008B
:1095E000000000000000000000000000000000007B
:1095F000000000000000000000000000000000006B
:10960000000000000000000000000000000000005A
:10961000000000000000000000000000000000004A
:10962000000000000000000000000000000000003A
:10963000000000000000000000000000000000002A
:10964000000000000000000000000000000000001A
:10965000000000000000000000000000000000000A
:1096600000000000000000000000000000000000FA
:1096700000000000000000000000000000000000EA
:1096800000000000000000000000000000000000DA
:1096900000000000000000000000000000000000CA
:1096A00000000000000000000000000000000000BA
:1096B00000000000000000000000000000000000AA
:1096C000000000000000000000000000000000009A
:1096D000000000000000000000000000000000008A
:1096E000000000000000000000000000000000007A
:1096F000000000000000000000000000000000006A
:109700000000000000000000000000000000000059
:109710000000000000000000000000000000000049
:109720000000000000000000000000000000000039
:109730000000000000000000000000000000000029
:109740000000000000000000000000000000000019
:109750000000000000000000000000000000000009
:1097600000000000000000000000000000000000F9
:1097700000000000000000000000000000000000E9
:1097800000000000000000000000000000000000D9
:1097900000000000000000000000000000000000C9
:1097A00000000000000000000000000000000000B9
:1097B00000000000000000000000000000000000A9
:1097C0000000000000000000000000000000000099
:1097D0000000000000000000000000000000000089
:1097E0000000000000000000000000000000000079
:1097F0000000000000000000000000000000000069
:109800000000000000000000000000000000000058
:109810000000000000000000000000000000000048
:109820000000000000000000000000000000000038
:109830000000000000000000000000000000000028
:109840000000000000000000000000000000000018
:109850000000000000000000000000000000000008
:1098600000000000000000000000000000000000F8
:1098700000000000000000000000000000000000E8
:1098800000000000000000000000000000000000D8
:1098900000000000000000000000000000000000C8
:1098A00000000000000000000000000000000000B8
:1098B00000000000000000000000000000000000A8
:1098C0000000000000000000000000000000000098
:1098D0000000000000000000000000000000000088
:1098E0000000000000000000000000000000000078
:1098F0000000000000000000000000000000000068
:109900000000000000000000000000000000000057
:109910000000000000000000000000000000000047
:109920000000000000000000000000000000000037
:109930000000000000000000000000000000000027
:109940000000000000000000000000000000000017
:109950000000000000000000000000000000000007
:1099600000000000000000000000000000000000F7
:1099700000000000000000000000000000000000E7
:1099800000000000000000000000000000000000D7
:1099900000000000000000000000000000000000C7
:1099A00000000000000000000000000000000000B7
:1099B00000000000000000000000000000000000A7
:1099C0000000000000000000000000000000000097
:1099D0000000000000000000000000000000000087
:1099E0000000000000000000000000000000000077
:1099F0000000000000000000000000000000000067
:109A00000000000000000000000000000000000056
:109A10000000000000000000000000000000000046
:109A20000000000000000000000000000000000036
:109A30000000000000000000000000000000000026
:109A40000000000000000000000000000000000016
:109A50000000000000000000000000000000000006
:109A600000000000000000000000000000000000F6
:109A700000000000000000000000000000000000E6
:109A800000000000000000000000000000000000D6
:109A900000000000000000000000000000000000C6
:109AA00000000000000000000000000000000000B6
:109AB00000000000000000000000000000000000A6
:109AC0000000000000000000000000000000000096
:109AD0000000000000000000000000000000000086
:109AE0000000000000000000000000000000000076
:109AF0000000000000000000000000000000000066
:109B00000000000000000000000000000000000055
:109B10000000000000000000000000000000000045
:109B20000000000000000000000000000000000035
:109B30000000000000000000000000000000000025
:109B40000000000000000000000000000000000015
:109B50000000000000000000000000000000000005
:109B600000000000000000000000000000000000F5
:109B700000000000000000000000000000000000E5
:109B800000000000000000000000000000000000D5
:109B900000000000000000000000000000000000C5
:109BA00000000000000000000000000000000000B5
:109BB00000000000000000000000000000000000A5
:109BC0000000000000000000000000000000000095
:109BD0000000000000000000000000000000000085
:109BE0000000000000000000000000000000000075
:109BF0000000000000000000000000000000000065
:109C00000000000000000000000000000000000054
:109C10000000000000000000000000000000000044
:109C20000000000000000000000000000000000034
:109C30000000000000000000000000000000000024
:109C40000000000000000000000000000000000014
:109C50000000000000000000000000000000000004
:109C600000000000000000000000000000000000F4
:109C700000000000000000000000000000000000E4
:109C800000000000000000000000000000000000D4
:109C900000000000000000000000000000000000C4
:109CA00000000000000000000000000000000000B4
:109CB00000000000000000000000000000000000A4
:109CC0000000000000000000000000000000000094
:109CD0000000000000000000000000000000000084
:109CE0000000000000000000000000000000000074
:109CF0000000000000000000000000000000000064
:109D00000000000000000000000000000000000053
:109D10000000000000000000000000000000000043
:109D20000000000000000000000000000000000033
:109D30000000000000000000000000000000000023
:109D40000000000000000000000000000000000013
:109D50000000000000000000000000000000000003
:109D600000000000000000000000000000000000F3
:109D700000000000000000000000000000000000E3
:109D800000000000000000000000000000000000D3
:109D900000000000000000000000000000000000C3
:109DA00000000000000000000000000000000000B3
:109DB00000000000000000000000000000000000A3
:109DC0000000000000000000000000000000000093
:109DD0000000000000000000000000000000000083
:109DE0000000000000000000000000000000000073
:109DF0000000000000000000000000000000000063
:109E00000000000000000000000000000000000052
:109E10000000000000000000000000000000000042
:109E20000000000000000000000000000000000032
:109E30000000000000000000000000000000000022
:109E40000000000000000000000000000000000012
:109E50000000000000000000000000000000000002
:109E600000000000000000000000000000000000F2
:109E700000000000000000000000000000000000E2
:109E800000000000000000000000000000000000D2
:109E900000000000000000000000000000000000C2
:109EA00000000000000000000000000000000000B2
:109EB00000000000000000000000000000000000A2
:109EC0000000000000000000000000000000000092
:109ED0000000000000000000000000000000000082
:109EE0000000000000000000000000000000000072
:109EF0000000000000000000000000000000000062
:109F00000000000000000000000000000000000051
:109F10000000000000000000000000000000000041
:109F20000000000000000000000000000000000031
:109F30000000000000000000000000000000000021
:109F40000000000000000000000000000000000011
:109F50000000000000000000000000000000000001
:109F600000000000000000000000000000000000F1
:109F700000000000000000000000000000000000E1
:109F800000000000000000000000000000000000D1
:109F900000000000000000000000000000000000C1
:109FA00000000000000000000000000000000000B1
:109FB00000000000000000000000000000000000A1
:109FC0000000000000000000000000000000000091
:109FD0000000000000000000000000000000000081
:109FE0000000000000000000000000000000000071
:109FF0000000000000000000000000000000000061
:10A000000000000000000000000000000000000050
:10A010000000000000000000000000000000000040
:10A020000000000000000000000000000000000030
:10A030000000000000000000000000000000000020
:10A040000000000000000000000000000000000010
:10A050000000000000000000000000000000000000
:10A0600000000000000000000000000000000000F0
:10A0700000000000000000000000000000000000E0
:10A0800000000000000000000000000000000000D0
:10A0900000000000000000000000000000000000C0
:10A0A00000000000000000000000000000000000B0
:10A0B00000000000000000000000000000000000A0
:10A0C0000000000000000000000000000000000090
:10A0D0000000000000000000000000000000000080
:10A0E0000000000000000000000000000000000070
:10A0F0000000000000000000000000000000000060
:10A10000000000000000000000000000000000004F
:10A11000000000000000000000000000000000003F
:10A12000000000000000000000000000000000002F
:10A13000000000000000000000000000000000001F
:10A14000000000000000000000000000000000000F
:10A1500000000000000000000000000000000000FF
:10A1600000000000000000000000000000000000EF
:10A1700000000000000000000000000000000000DF
:10A1800000000000000000000000000000000000CF
:10A1900000000000000000000000000000000000BF
:10A1A00000000000000000000000000000000000AF
:10A1B000000000000000000000000000000000009F
:10A1C000000000000000000000000000000000008F
:10A1D000000000000000000000000000000000007F
:10A1E000000000000000000000000000000000006F
:10A1F000000000000000000000000000000000005F
:10A20000000000000000000000000000000000004E
:10A21000000000000000000000000000000000003E
:10A22000000000000000000000000000000000002E
:10A23000000000000000000000000000000000001E
:10A24000000000000000000000000000000000000E
:10A2500000000000000000000000000000000000FE
:10A2600000000000000000000000000000000000EE
:10A2700000000000000000000000000000000000DE
:10A2800000000000000000000000000000000000CE
:10A2900000000000000000000000000000000000BE
:10A2A00000000000000000000000000000000000AE
:10A2B000000000000000000000000000000000009E
:10A2C000000000000000000000000000000000008E
:10A2D000000000000000000000000000000000007E
:10A2E000000000000000000000000000000000006E
:10A2F000000000000000000000000000000000005E
:10A30000000000000000000000000000000000004D
:10A31000000000000000000000000000000000003D
:10A32000000000000000000000000000000000002D
:10A33000000000000000000000000000000000001D
:10A34000000000000000000000000000000000000D
:10A3500000000000000000000000000000000000FD
:10A3600000000000000000000000000000000000ED
:10A3700000000000000000000000000000000000DD
:10A3800000000000000000000000000000000000CD
:10A3900000000000000000000000000000000000BD
:10A3A00000000000000000000000000000000000AD
:10A3B000000000000000000000000000000000009D
:10A3C000000000000000000000000000000000008D
:10A3D000000000000000000000000000000000007D
:10A3E000000000000000000000000000000000006D
:10A3F000000000000000000000000000000000005D
:10A40000000000000000000000000000000000004C
:10A41000000000000000000000000000000000003C
:10A42000000000000000000000000000000000002C
:10A43000000000000000000000000000000000001C
:10A44000000000000000000000000000000000000C
:10A4500000000000000000000000000000000000FC
:10A4600000000000000000000000000000000000EC
:10A4700000000000000000000000000000000000DC
:10A4800000000000000000000000004CC8BE821167
:10A490007B44465300322E32360028432931393866
:10A4A000352041636F726E006C1E022038800044BC
:10A4B00069736320902120388000426164209017E6
:10A4C000ADDD10D00320309EA9FF8D82108DDD10F0
:10A4D000A202A9008D000185B36885AE6885AFA58D
:10A4E000B3A00020DC83B1AE8D0101CA20DC83E87B
:10A4F000B1AE9D00013027D0F320758F4C0001854F
:10A50000B36885AE6885AFA5B3489848A00020DC45
:10A5100083B1AE3006209F804C868068A868186C96
:10A52000AE0020C380A92E20E38348A9EC20E59A41
:10A530008A48091020D39A68AA6820E3FF4CD49A6D
:10A54000201B844820BF8120C3806820C880D0D7CA
:10A55000290FC90A9002690669306020E380CACADF
:10A5600020DB80B1B09D7210E8C86020E680B1B0F9
:10A5700095BAE8C860207B8B4C0381207B8BA5BA01
:10A5800085F2A5BB85F3A000204C87A2202049813D
:10A59000B01B8D0010C92ED00486CCF0EEC93AD085
:10A5A00015208B8B204981B004C92EF0DE202E802F
:10A5B000CC6E616D6500AA204981B029C92EF0D901
:10A5C000A2019D0010E8204981B01CE007D0F3F003
:10A5D000DC20C5FF08297FC90DF008C92090CEC92D
:10A5E0007FF0CA2860A201A9209D0010E8E040D0B9
:10A5F000F8A206BD001095C5CA10F86020E383B923
:10A600000F0E08297FD005200CACF006209F80207B
:10A610009D80A206B9080E297F209F80C8CA10F429
:10A62000200CACA920281002A94C209F80A001205A
:10A630000FAC88D0FA604A4A4A4A4A4A290360293C
:10A6400008F002A903604A4A4A4A4A600A0A0A0A0A
:10A650000A60A9058D9510A5CD8D9010A90A85B029
:10A66000A5BC8D9110A5BD8D9210AD74108D931069
:10A67000AD75108D9410A9FF8D9710A5C220B081E3
:10A680008D9A10A5C08D9B10A5C18D9910A5C229CA
:10A6900003AAA5C338EE9710E5B0B0F9CA10F56566
:10A6A000B08D98106020ED80300320F380208482EC
:10A6B000B0F2204880D64E6F7420666F756E6400CD
:10A6C000207B8B204C87F003208A89A92A8D0010DB
:10A6D000205D8120AC992025824C5D8220AC9920A0
:10A6E0004AA1201D82203A83208082B0F86020F9A0
:10A6F00093A900F01EA206B5C59D5810CA10F8A96E
:10A70000208D5F10A958D006A200F00CA9004820A7
:10A71000FD9368AAA90085B6A000A90E85B7A5B6C5
:10A72000CD050FB049690885B620BB8290EAA5CC5B
:10A73000A00720E882D0E1A4B63888888888888875
:10A7400088886020E383BD0010CDCE10D013E820B0
:10A75000BB82B01BC8C00790F6BD0010C920D00E48
:10A7600060C007B0F420E882D004E8C8D0D81860F0
:10A77000CDCE10F010CDCD10F00B20278351B6B008
:10A7800002295F297F6008202783B002295F297F83
:10A79000286020609AB9100E99080EB9100F990818
:10A7A0000FC8CC050F90EE98E9088D050F1860488A
:10A7B000295FC9419004C95B90013868602CC610BC
:10A7C00030EC20E3832074819848A96085B0A910FB
:10A7D00085B1208683A002200FAC206E83206E837B
:10A7E000206E8368A8B90E0F290320C380B90F0F0C
:10A7F00020BB804CDCA3A203B9621020BB8088CAB6
:10A80000D0F620DB874C0FAC20E3834C0C9420E384
:10A81000839848AAA012A9008891B0C002D0F9205C
:10A82000D183C8C8C00ED0F768AABD0F0E1004A906
:10A830000891B0BD0E0FA00420BF83A00C4A4A4867
:10A84000290391B068A0084A4A482903C903D005E2
:10A85000A9FF91B0C891B0686020D483BD080F9162
:10A86000B0E8C860E6AED002E6AF60488A489848D3
:10A87000A98448A90548A005BABD07014888D0F8B1
:10A88000A00ABD09019D0B01CA88D0F6686868A8B6
:10A8900068AA6860488A48984820EE83BA9D0301F8
:10A8A0004C0684200C84A8F00A18F8A900690188D5
:10A8B000D0FBD860297FC97FF004C920B002A92E3F
:10A8C0006038E9309016C90A6020FE8220398490F1
:10A8D0000AE9079007C90A9003C910603860204C44
:10A8E0008738F02608A90085B9F014203984B019FA
:10A8F00085B8A5B90A85B90A0A65B965B885B920C8
:10A90000C5FF90E7A5B928186028602045872086F4
:10A910008B200C94A0FF84A8C884AAB9000EC0089C
:10A920009003B9F80E209F80C8C00CD0EE2077802D
:10A930002028AD040F20BB802077802920464D0DB4
:10A94000447269766520A5CD20C380A00D20A78123
:10A950002077804F7074696F6E20AD060F20BF8125
:10A960004820C3802077802028A003680A0AAABD57
:10A97000D385209F80E88810F6207780290D4469D0
:10A98000722E203AADCA10209A80ADC910209F8047
:10A99000A00B20A7812077804C69622E203AADCC95
:10A9A00010209A80ADCB10209F8020DCA3A000CC8B
:10A9B000050FB017B90F0E4DC910295FD008B90F98
:10A9C0000E2980990F0E20DA8790E4A0002055858B
:10A9D0009016A9FF8D82104CDCA320DA87CC050FDE
:10A9E000B005B9080E30F36084ABA200B9080E20A0
:10A9F000FE829D6010C8E8E008D0F1205585B023A4
:10AA000038A206B90E0E20FE82FD601088CA10F32F
:10AA100020DB87B90F0E20FE82ED671090CA20DA86
:10AA200087B0D8A4ABB9080E098099080EAD67109D
:10AA3000C5AAF010A6AA85AAD00A20DCA320DCA310
:10AA4000A0FFD009A4A8D0F5A00520A781C884A89C
:10AA5000A4AB200CAC2074814C43856F6666004C1F
:10AA60004F414452554E0045584543B90E0F20B052
:10AA70008185C218A9FF790C0FB90F0F790D0F85C9
:10AA8000C3B90E0F290365C285C238B9070FE5C3E4
:10AA900048B9060F2903E5C2AAA900C5C068E5C1E7
:10AAA0008AE5C46041434345535389E532424143FB
:10AAB0004B5550A41604434C4F53459B5800434FED
:10AAC0004D50414354A24307434F5059A46224447C
:10AAD000454C45544587810144455354524F59874D
:10AAE0009302444952893E06445249564587ED092E
:10AAF000454E41424C458B46004558823706464FED
:10AB0000524DA5BEBA46524545A7F207494E464F9B
:10AB10008253024C49428942064D4150A7F50752E3
:10AB2000454E414D458BAB055449544C4589B608BB
:10AB3000564552494659A5BA0B57495045874F02C9
:10AB400088724255494C44ABC40144495343956C07
:10AB50000044554D50AB45014C495354AB03015291
:10AB60004F4D53A9CF0C54595045AAFC01444953A9
:10AB70004B956C00861A444653A105005554494C28
:10AB800053A13600A13D204587A2FD9848E8E8681A
:10AB900048A8204C87E8BD1C863028CA8886BFE8B4
:10ABA000C8BD1C86301651F2295FF0F3CAE8BD1CFF
:10ABB0008610FAB1F2C92ED0D4C8B007B1F220275E
:10ABC0008390CA68BD1C8648BD1D86486086F28495
:10ABD000F3A00060184CC2FF20AC99204AA1201DB0
:10ABE00082B90F0E301E20748120E4A3D013A6B6C4
:10ABF00020F29B86B620E38784AB20E693A5AB8545
:10AC0000B620DCA3208082B0D86020A399204AA17E
:10AC1000201D82203583200A834CE6932015A32033
:10AC2000AC99204AA1201D82B90F0E3006207481F4
:10AC300020DCA3208082B0F020ECA3F0034CDCA346
:10AC400020F29B208482B90F0E300320E3872080FE
:10AC500082B0F320E6932077800D44656C657465BF
:10AC6000640DC8C8C8C8C8C8C8C860200A83A4B6CC
:10AC700020B28284B660204AA1208B8B8DCA10201E
:10AC80005684F019C928F008C95018F0034C4FA198
:10AC900008AECA10BDDE102A286A9DDE10602903A6
:10ACA00085CD6020228220829A208683A9808D967D
:10ACB0001084BAA200A5BED006C8C8A202D008B9A6
:10ACC0000E0F85C2204D8BB9080F95BCC8E8E0086F
:10ACD000D0F520648BA4BA2035834C6788A980D036
:10ACE0000B20778A20829A208683A9A08D96102037
:10ACF000CA81204594A901602045872032898CDAD9
:10AD00001020F3808CD910206682B022ACDA10AD0E
:10AD1000CB1085CCADCC1020168820F68020668222
:10AD2000B00C202E80FE636F6D6D616E6400B90EF5
:10AD30000F20AE81C903D044B90A0F390B0FC9FFE8
:10AD4000D03AA206BD00109D0710CA10F7A90D8DBC
:10AD50000E10A9458D0010A92E8D0110A93A8D0263
:10AD600010A5CD09308D0310A92E8D04108D06106D
:10AD7000A5CC8D0510A200A0104CF7FFA9812026BC
:10AD80008818ADD910A865F28DD910A5F369008D8A
:10AD9000DA10AD76102D77100DD610C9FFF016A57C
:10ADA000BE8D7410A5BF8D7510206B8FA274A0107E
:10ADB000A9044C0604A9016CBE00A9FF85BEA5F23A
:10ADC00085BAA5F385BB60A200F002A202207989B2
:10ADD0009DCA10A5CC9DC9106020E383A5B048A5ED
:10ADE000B14820B89AA000C0C09005B90010B003C7
:10ADF000B9001191B0C8C0EED0ED6885B16885B0DA
:10AE000060ADC91085CC204C87D007A900201688DA
:10AE1000F02AADCA10201688204981B010C93AD056
:10AE200014208B8B204981B013C92EF0EB202E808B
:10AE3000CE6469720085CC20498190F1A5CD602057
:10AE40004AA1207B8B208083A20BA90020DA89CA2B
:10AE500010FAE8204981B00720DA89E00B90F34C22
:10AE6000E693E00890049DF80E609D000E6020AC13
:10AE700099204AA120ED80A200204C87D02386AAE9
:10AE8000208482B0034C2A8220639AB90F0E297F56
:10AE900005AA990F0E203583208082B0EB90C0A2C6
:10AEA00080204981B0D8295FC94CF0F3202E80CF93
:10AEB0006174747269627574650020E3838AC904E1
:10AEC000F01AC902900B202E80CB6F7074696F6EE0
:10AED00000A2FF98F002A2008EC610609848207B66
:10AEE0008B200C946820C5814D060F29304D060F2C
:10AEF0008D060F4CE693202380C666756C6C00208F
:10AF0000F3802084829003200A83A5C048A5C1480D
:10AF100038A5C2E5C085C0A5C3E5C185C1AD7A101D
:10AF2000ED781085C420B38AAD79108D7510AD7899
:10AF3000108D74106885BD6885BC60A90085C2A9A4
:10AF40000285C3AC050FC0F8B0562002864CD08AEB
:10AF5000F0A420B28220E3859890F584B0AC050F70
:10AF6000C4B0F00FB9070E990F0EB9070F990F0F64
:10AF700088B0EDA20020258BB5C599080EC8E8E081
:10AF800008D0F5B5BB8899080FCAD0F7203583984B
:10AF900048AC050F20DA878C050F20E69368A8607F
:10AFA000203880BE4361742066756C6C00AD7610ED
:10AFB00029030A0A45C429FC45C40A0A4D7410290C
:10AFC000FC4D74100A0A45C229FC45C285C260A91D
:10AFD000018DC71060A9008D7510A5C220B781C969
:10AFE00003D005A9FF8D75108D741060A9008D77B1
:10AFF00010A5C220AE81C903D005A9FF8D77108DA1
:10B00000761060ADC91085CCADCA104C1688204CA6
:10B0100087F0F5204981B012C93AF0F738E930904D
:10B0200009C904B0052016881860202E80CD6472EE
:10B030006976650020A399204AA120ED80984820D8
:10B04000258220609A84C468A8204AA1A5CD482002
:10B05000ED8068C5CDD0D3208482900FC4C4F00B9E
:10B06000203880C445786973747300A4C420DA87DB
:10B07000A207B5C599070E88CA10F74CE693189039
:10B0800002583866B286B084B1D820658CA5A2D0AB
:10B0900009A005B1B0F003201A8DA005B1B0186960
:10B0A00007A8A5A220568C91B0A6A7E080D007AD36
:10B0B00084FE292011B04829DFC918D005A9FF8DC9
:10B0C0008710A5CD2901A8A5CE998810202A8F2404
:10B0D000A11003207A8F205E8FAD87FE6860A205E5
:10B0E000DD3991F004CA10F860BD3F9160204F8FA8
:10B0F00020828FA90085A1A009B1B099AA00C8C07B
:10B100000CD0F6A006B1B029F0C9A0F002C9F066D3
:10B11000A1A003B1B0C831B0C9FF18F01D203F8F06
:10B12000183017206B8FA5A12A2A29014901A6B042
:10B13000A4B1E8D001C82006043866A120948FA0ED
:10B1400000B1B03004290F85CDA5CD2903AABDDEFD
:10B15000108D8A10A5CDA00A2908F002A01084A3A2
:10B160005D1D918D80FE4AAE8810B003AE8910A09F
:10B170000084A2AD87102C8710900910188C8810BD
:10B18000297F1007500F8C891029BF8D8710A900C7
:10B1900020128EA2008A85CE202A8F604CAF8E4C62
:10B1A000128E20FF8ED0F4A006B1B0C910F0ECC909
:10B1B000C0F0E9C9E0B0E8A008B1B024B2305BA6A5
:10B1C000B5F006E6B3D002E6B420FB9085CFE5A348
:10B1D00049FF18690185A5A5B4D021A5B3F03AC5EA
:10B1E000A5F002B01785A5A6B5F01186A666A13810
:10B1F00026A1C901D006AD220D8D4C0DA5B338E5B1
:10B20000A585B3A5B4E90085B4200E8ED00BA5B3F7
:10B2100005B4F00520CC8EF0B06020FB9085CFA067
:10B2200009B1B0291FF0F285A524A170692C8A10FC
:10B230005064A233BD600D9D0010CA10F720C68D6A
:10B24000A233BD00109D600DCA10F7A5A260A90031
:10B2500085B4B1B029E0D002A9100A26B40A26B4F8
:10B260000A26B485B3AAF002E6B4203E90A914855C
:10B27000B7A9E085A28D84FEA5A230FCD017A5A5B4
:10B28000F009C6B7D0EBA91085A260A5B649FBF0BE
:10B2900004A92085A260A006B1B0A0FFC8D9219161
:10B2A000D0FA48B92D918D050D66A268104C24A1E5
:10B2B0005008A4CEC0149002090285A7A001C9C0FD
:10B2C000F0190904B015A4A5C985F009C987D00BE8
:10B2D000A9488D090DA98085A7A98484A58D84FE20
:10B2E000C9F09008209F8E295C85A260A5A230FC41
:10B2F000C920D00320A58EA5A260A00184A505A425
:10B3000085A78D84FE24B230E3C920B0DFA5A2104A
:10B3100015A5FF10F8A9408D000DA9008D80FEA590
:10B32000FF8D821085A260AD84FE6A90FAAD84FE26
:10B330006AB0FAAD84FE60A9488D4C0DAE090DE9E6
:10B3400001D0FC8E090DA90485A6200E8ED004C65E
:10B35000B3D0EC6020EC8ED01AA5CD29010AA8A5A7
:10B36000CE2C8A1010014AD98B10F0E8D98C10F03D
:10B37000E3A900602C8A101007A94020FA8ED0F3B0
:10B38000A950E6CE4C128EA5CD29010AAAA007B17C
:10B39000B020338F2C8A1010010A85CEA8F00A8DB8
:10B3A00087FECD87FED0F8A91020128ED018A007F6
:10B3B000B1B08D85FECD85FED0F86020378FE8DDF9
:10B3C0008B109002690060A9EAA200A0FF20F4FFA0
:10B3D0008A49FF8DD61060A98FA20CA0FF20F4FF30
:10B3E00084A0EED31060A4A0A98FA20B20F4FFCEFE
:10B3F000D3106048A9C120060490F96860203F8FEF
:10B40000300748A9812006046860A9FFA200A8208F
:10B41000F4FF8A4A4A4A4A290385A460A25DBDD244
:10B420008F9D000DCA10F7A20324A15010A94D8DC5
:10B43000220DA20EBD2F909D380DCAD0F724A13049
:10B440000EA001B1B09D3A0DC8B1B09D3B0D60A9F1
:10B45000B08D3F0DA9068D400D6048AD84FE2918C2
:10B46000C903F02F29FCD004C6A5D00485A26840EA
:10B47000A5A5C901D00AA5A16A9005A9488D4C0DC2
:10B48000E6CFA5CF8D86FECD86FED0F8A5A78D840C
:10B49000FE6840AD87FE8DE5FEEE3D0DD003EE3E2D
:10B4A0000DC6A6D005A92F8D090D6840AD87FE6891
:10B4B00040A9008D87FE6840ADE5FE8D87FEEE3A1F
:10B4C0000DD003EE3B0DAE3D0DAD3E0D48A094B941
:10B4D000669099FF0C88D0F76824A1100BA9B08D55
:10B4E000180DA9068D190D608E160D8D170D60486B
:10B4F000AD84FE291BC903D005AD87FEB02629FC0B
:10B5000085A268408DE5FEEE160DD003EE170DC640
:10B51000A6D00FC6A7D00BA977C6A5D002A9248DA7
:10B520000E0D6840C9FEF004C9CED0F6A932D0EFA6
:10B53000ED87FE85B5A93BD0E6A93FD0E2E5CF0572
:10B54000B585B5A949D0D8A94DD0D4A5B385A6A9AC
:10B5500055D0CCA5B485A7A95DD0C4C9FBF004C95A
:10B56000F8D0BF85B6A5B5D006E6CFA906D0B0E61F
:10B57000A5A911D0AAA97BD0A6A97FD0A2D0A3A9A2
:10B5800026D09C8D86FECD86FED0F860A200A95AFA
:10B590008D85FECD85FEF005CAD0F51860AD80FE24
:10B5A0002903F0F760292A2D2E0010405080818356
:10B5B000A0A1C0E0F0181818183F1F1F5F5F171BED
:10B5C0005F0810182040000E180C2012006D9149E1
:10B5D000913C0C03010101010101160C0301FF0163
:10B5E0000118044E00F5FE00000000F74E00F5FBC8
:10B5F0005A5AF74E4E1006000101010101010B06D7
:10B600000001FF01011303FF0000FE00000000F72E
:10B61000FF0000FBE5E5F7FFFF0A0B0E0F12131604
:10B62000171B1E1F23292030A0A0A1A1808081818B
:10B63000C08383F010E0F0A9FF8D821086C784C814
:10B64000A00CB1C799BA008810F8A20CA5BFC90A0E
:10B65000D002A20EA5C0293FC93AF04BC93DF06700
:10B66000C935D0034C5A92DD9191F007CA10F8A960
:10B67000FE3029C923F004E004B00EA5BA1002A5DB
:10B68000CD2903A8B9DE1030E6BCA09184C0C0F07B
:10B69000D003209D92A2BAA00020F98B48A5BF1824
:10B6A0006907A86891C760208A92B007A5C29D8BE0
:10B6B0001090102079929027A5C2BCDE1010010ACC
:10B6C0009D8810A900F018208A92B005BD8B1090BB
:10B6D0000E2079929009BD8810BCDE1010014A4CF2
:10B6E0001492A9FFA200A4C1C010F006C018D00E89
:10B6F000E8E8A5C29D8B10A5C39D8C10A9004C1431
:10B7000092A200A5C1C912F008E8C91AF003A9FE67
:10B710001860A5C129F6C91038D009A5C14A4A0543
:10B72000C12903AA60208D9AA5BB85B085B418698C
:10B730008085B2A5BC85B108203F8F3008A5BD0526
:10B74000BEC9FFD007A5B1CDCF10B003ADCF102833
:10B7500085B5690085B3E6B5A5BA1002A9002A2A05
:10B760002A8D8A10A2022A3002A200BD459185B618
:10B77000BD469185B7A023B1B691B28810F9C884AF
:10B78000B6A5C34829E0D002A9100A26B60A26B6F3
:10B790000A26B6A00D91B2A5B6C891B268291F8538
:10B7A000B9A5C2A01091B2A5C5A00091B29885B864
:10B7B00020D393203F8F3037A5BD25BEC9FFF02F82
:10B7C000A9FF85BD85BE206B8FA2BBA00098200677
:10B7D00004A6B5CA86B1A5B90A0AAAA000A907E9B4
:10B7E00001D0FCADE5FE91B0C8CA10F1207A8FA55A
:10B7F000B585BCA016A200A1B091B2E6B0D002E619
:10B80000B1C8C01AD0F1A90185B6A5B6C90ED00538
:10B8100020B493F00320D393E6B6A5B6C911D0EABD
:10B82000E6B8C6B9D0CDA8A90E2C8A105002A91A24
:10B830001865BCE5B5B002A90191B29820C593F096
:10B840000B86B7A20020D893C6B7D0F960A8B1B2D2
:10B85000AA98186912A8B1B2E0006020C593F00D53
:10B86000A00091B4E6B4D002E6B5CAD0F560AD044C
:10B870000F18F869018D040FD8A0A0D019A081D0AD
:10B8800015A081D002A0802C84FE100AAD8210C5C4
:10B89000CDD00360A0802036958C9610A5CD8D90DC
:10B8A00010A9028D9910A90E8D9210CE9310CE94EE
:10B8B00010204594A5CD8D82106024FF100E20D855
:10B8C0009A20488011457363617065006020169569
:10B8D000A9068D9E10203294AD9710AE9010BCDE5C
:10B8E0001010010AA018C950B05FA290A01020F655
:10B8F0008BA8F0D830C8C912F054C920D017AD9623
:10B90000106AB0C8204880BC4578656375746520AE
:10B910006F6E6C7900C918D02BAD8A10C904D01194
:10B92000AE9610E081D00AA9FF4D8B108D8B10B020
:10B9300013A6CEF00F2A2980AE90105DDE109DDE9A
:10B9400010201695CE9E10D08F98C912D00E2023AD
:10B9500080C972656164206F6E6C79004820238015
:10B9600000EA204F80C76661756C7420EA68202663
:10B9700095204F8000206174203AA5CD202E95207F
:10B980004F800020A5CE2C8A1010014A2026952039
:10B990004F80002FA5CF202695204F80C700AD9661
:10B9A00010C9A09018AE9010BDDE1030A1604820E4
:10B9B000BF81202E956820C8809D0001E860A20DFF
:10B9C000A9009D8F10CAD0FAA9058D9510604C2E44
:10B9D00021424F4F540D452E21424F4F540DA5B3D8
:10B9E00020778041636F726E2031373730204446B4
:10B9F000530D0D9002A9FF208E9D48A9062020809E
:10BA0000AD87FEA20DBDEC9A9D1202CA10F7A9A83F
:10BA100020E59A84B186B0A207A01BB9DF9A91B045
:10BA2000C8B9DF9A91B0C8A5F491B0C8CAD0EC8C5F
:10BA300082108C831086CDA9FF8D8710A003998B6F
:10BA4000108810FAA20F20DF9A20B89AA0D3B1B0C4
:10BA500010336848F02FA0D4B1B0305420A39AA07E
:10BA600000B1B0C0C09005990010B00399001188D2
:10BA7000D0EFA9A0A848A93F20169F68991D11E9F9
:10BA80001FD0F1F02B20A39AA9248DC9108DCB10C3
:10BA9000A0008CCA108CCC10A0008CC010A20398FF
:10BAA0009DDE10CAD0FA888CC7108CC6108CDD10B1
:10BAB000203F8F68D01BA9040DDE108DDE1020F50D
:10BAC00093A9FB2DDE108DDE10AD060F20BF81D0B7
:10BAD0000160A095A246C9029008F004A24ED002CF
:10BAE000A2504CF7FF20A9AE48BDF00D305B68C9ED
:10BAF00001D018200491A6F4B008A9809DF00DA9EA
:10BB00000160A901C017B002A01760C902D03C486B
:10BB1000984885B1BCF00D9DF00DA90085B0C4B169
:10BB2000F004A0D391B0A9FD20E59ACA8AA0D33130
:10BB3000B091B008C8281007B1B01003205189A9EE
:10BB40000091B0A6F468A8C8C8686020E383C90360
:10BB5000D02284B3A9008DDE10A97A20F4FF8A30A8
:10BB600010C932F007C961D0E12072ACA97820F485
:10BB7000FF4C5695C904D005A29B4C0387C912D02F
:10BB800007C004D03F4C6D95C909D010B1F2A2CFC7
:10BB9000C90DD0E698E8E8A0024C0BA1208E9DC903
:10BBA0000AD02220B89AA0D4B1B01012A0002075FB
:10BBB0009D20518920B89AA0D4A90091B060A90A0B
:10BBC000BA9D050160C908D0F7A4EF30F3C07D909D
:10BBD000EFA6F086C7A6F186C8C81007A6C7A4C8F6
:10BBE0004CAF91207B8B208083C83008A000AD042F
:10BBF0000F91C760A900A891C7C8AD070F91C7C82A
:10BC0000AD060F290391C7C8A90091C760200C8415
:10BC10004820A39986B08EDB1084B18CDC10A20082
:10BC2000A00020E38020D380C012D0F968AAE8E009
:10BC300008B008BD299B48BD219B48A90060C909DF
:10BC4000B0F986B5AABD189B48BD0F9B488AA6B51A
:10BC500060C909B0FB20E383208E9D8E7D108C7E11
:10BC600010A820E897082C81101003207A8F2860F4
:10BC7000B9319B8DD710B93A9B8DD810B9439B4AE7
:10BC8000084A088D7F10205A99A00CB1B499601011
:10BC90008810F8AD63102D64100DD610186901F0EE
:10BCA00006206B8F18A9FF8D8110AD7F10B007A201
:10BCB00061A01020060428B004286CD710A203BD90
:10BCC000691095B6CA10F8A2B6AC6010A90028B0E9
:10BCD00003206CA020D59DA203B5B69D6910CA10A3
:10BCE000F8204C99300DAC6010203298B00DA209AC
:10BCF000204099A205204099D0EC1808204C99A228
:10BD000005204099A00C205A99B9601091B4881070
:10BD1000F82860207B8B20FD93A99D8DD710A998D2
:10BD20008DD810D0BCAC6910CC050FB028B90F0E5F
:10BD300020278345CCB00229DF297FF00520DA8750
:10BD4000D0E6A907206E9985B0B9080E206E99C873
:10BD5000C6B0D0F5188C6910AD040F8D601060204E
:10BD60007B8B20FD93A90C206E99A000C008B00524
:10BD7000B9000E9003B9F80E206E99C8C00CD0EC33
:10BD8000AD060F20BF81206E99A5CD4C6E99206520
:10BD900099ADCA100930206E99206599ADC910D0AF
:10BDA00055206599ADCC100930206E99206599AD6C
:10BDB000CB10D04248AD611085B8AD621085B9A2F4
:10BDC00000686020E383A201A004FE6010D004E8B4
:10BDD00088D0F760A203A9FF5D65109D6510CA10A9
:10BDE000F560AD7D1085B4AD7E1085B560A901D03C
:10BDF0000520949EB0F62C811010058DE5FE30C311
:10BE0000202C9981B84C3B9920889920829F1860FA
:10BE10002C81101006ADE5FE4C3B99202C99A1B861
:10BE20004C3B992CC7103003CEC710A9FF8DCE1004
:10BE30008DCD1060A92A8DCE10A923D0F3206E9A43
:10BE4000208683A90160204B9A208683200A839054
:10BE500024206E9A20F399200F9A5016206E9A2073
:10BE60000F9A5011206E9A20F3995009206E9A2053
:10BE7000639A20329A20D789A9016020E383A00227
:10BE8000B1B09D080FC8B1B09D090FC8B1B00A0A82
:10BE90005D0E0F290C101B20E383A006B1B09D0A94
:10BEA0000FC8B1B09D0B0FC8B1B06A6A6A5D0E0FC2
:10BEB00029C05D0E0F9D0E0FB86020E383A00EB168
:10BEC000B0290AF002A9805D0F0E29805D0F0E9D3A
:10BED0000F0E6020789A9023B90F0E102220388020
:10BEE000C34C6F636B65640020509A20E383201E6F
:10BEF0009D90214C829C20789AB0196868A90060B6
:10BF000020F380208482900C98AAADDB1085B0AD20
:10BF1000DC1085B160A98320F4FF8CCF10A98420A8
:10BF2000F4FF9838EDCF108DD01060A20A20DF9A70
:10BF300020B89AA0D3A9FF91B08DD310C891B0605A
:10BF400048A6F4A90085B0BDF00D293F85B1686011
:10BF500020E383A90FA201A000F016AAA903D01123
:10BF600020E383A97ED00AA98FD006A9FFA200A052
:10BF7000FF4CF4FF1BFF1EFF21FF24FF27FF2AFFBA
:10BF80002DFF8597009B9D00949E00829F00C9977E
:10BF9000000C9C00B69700315C6FFD6F82504B9A8D
:10BFA0008A9E888688849B9B991A58C8DBD3E3B401
:10BFB000BD88889999999999991B80806969D70654
:10BFC000198B86999999999899999804020306076B
:10BFD00004040404A211A0156020E383A9774CF4A3
:10BFE000FFA9208D861020519BA900186920F0E838
:10BFF000A820799BD0F5A9208D861098F0E82075AF
:10C000009E4820F49DB046B91B1149FF2DC0108DEC
:10C01000C010B917112960F03420CA9BB917112D2F
:10C020008610F026AEC310B914119D0C0FB915116E
:10C030009D0D0FB9161120C5815D0E0F29305D0EC3
:10C040000F9D0E0F20E693ACC210201E9FAEC510B0
:10C05000686020E59BA206B90C1195C58888CA10B6
:10C06000F6206D8290228CC310ACC21060B90E1104
:10C07000297F85CCB917114C168820E383AD040FB6
:10C08000208083CD040FF0E4202380C86368616EB4
:10C090006765640029C0D00620E3834C6E9B200CAA
:10C0A0008486BA84BB85B424B40820F38020A39985
:10C0B000208482B024285003A9006008A900A207A8
:10C0C00095BC9D7410CA10F8C6BEC6BFCE7610CE01
:10C0D0007710A94085C320778A2808700320509ADA
:10C0E000201E9D900EB90C1110202808301C20191C
:10C0F0009DB0F2ACC210D01B203880C0546F6F20AE
:10C100006D616E79206F70656E00203880C24F704F
:10C11000656E00A9088DC410BD080E990011C8BD38
:10C12000080F990011C8E8CEC410D0ECA210A900E5
:10C13000990011C8CAD0F9ADC210A820BE816911FA
:10C14000991311ADC110991B110DC0108DC010B9FC
:10C15000091169FFB90B116900991911B90D11097C
:10C160000F690020B081991A1128502E3008A9803B
:10C17000190C11990C11B90911991411B90B1199D4
:10C180001511B90D1120B081991611A5CD191711EE
:10C190009917119820BE81091060A920991711D014
:10C1A000EA8A484C5D9DA9008DC210A90885B59802
:10C1B000AAA0A084B38A48A90885B2A5B52CC0104E
:10C1C000F01DB9171145CD2903D01ABD080E59002D
:10C1D00011297FD010E8C8C8C6B2D0EF38B0108C93
:10C1E000C2108DC11038A5B3E92085B306B5186813
:10C1F000AAA4B3A5B5B002D0BA60208E9DADC01080
:10C2000048A9008D861098D00520619BF003206E10
:10C210009B688DC01060488A48A900BA9D090168D2
:10C22000AA686020E383C9FFF0D0C000F00EC90304
:10C23000B023208E9DC901D0244C6CA0C902B0153A
:10C24000208E9DF011A9FF95029503ADD9109500A0
:10C25000ADDA10950160A904BA9D05016020759EB4
:10C260008CC2100A6DC210A8B910119500B9111135
:10C270009501B912119502A900950360488EC51069
:10C280009829E08DC210F01320BE81A8A900386A59
:10C2900088D0FCACC2102CC010D00368386068187D
:10C2A00060488A4C209E4898C9109004C918900292
:10C2B000A90820C481A86860A9C620E59A8AF00967
:10C2C00020549ED004A9C6D00CA9C720E59A2054BA
:10C2D0009ED011A9C7A200A0004CF4FF8AA8201E7E
:10C2E0009ECCC210604898488AA820759E9820DE8F
:10C2F000A0D004A2FFD002A20068A86860201E9E01
:10C3000020F49D90F720309E203880DE4368616ED7
:10C310006E656C00203880DF454F4600200C84207D
:10C32000759E9820DEA0D013B917112910D0E5A969
:10C3300010200F9FAEC510A9FE3860B91711300A42
:10C3400020E59B201E9F3820269FB9101185BAB981
:10C35000131185BBA000B1BA48ACC210A6BAE88AD6
:10C36000991011D01418B911116901991111B9124C
:10C3700011690099121120149F18686018B90F11E3
:10C3800079111185C3991C11B90D11290379121165
:10C3900085C2991D11A980191711D005A97F3917D8
:10C3A000119917111860B917112940F0451808EEB6
:10C3B000DD10ACC210B9131185BDA9FF8D74108DAD
:10C3C0007510A90085BC85C0A90185C128B017B921
:10C3D0001C1185C3B91D1185C2206288ACC210A989
:10C3E000BF20169F900620F49E205588CEDD10AC0D
:10C3F000C210604C559A203880C152656164206F2C
:10C400006E6C790020E3834C889F20E38320759E27
:10C4100048B90C1130E0B90E1130D820E59B9818BE
:10C42000690420DEA0D06620CD9BAEC31038BD07C6
:10C430000FFD0F0F48BD060FFD0E0F2903D91A116E
:10C44000D01F68D91911D03484B48CC21020309E0A
:10C45000203880BF43616E277420657874656E64F0
:10C4600000B91A11186901991A110A0A0A0A5D0E0F
:10C470000F29305D0E0F9D0E0F68A9009D0D0F99BD
:10C480001911A9009D0C0F20E693ACC210B9171129
:10C490003017201E9FB91411D00B9820DEA0D005B4
:10C4A00020F49ED0043820269FB9101185BAB91304
:10C4B0001185BB68A00091BAACC210A940200F9FA3
:10C4C000E6BAA5BA991011D01320149FB9111169B9
:10C4D00001991111B9121169009912119820DEA069
:10C4E0009011A920200F9FA202B91011991411C810
:10C4F000CA10F66020E38320759EACC21020F6A01F
:10C50000B02FB91411991011B91511991111B9164B
:10C510001199121120B8A0A5B648A5B748A5B848EA
:10C52000A900207C9F6885B86885B76885B64C757A
:10C53000A0B500991011B501991111B50299121108
:10C54000A96F20169FB90F117911118DC410B90D63
:10C55000112903791211D91D11D098ADC410D91C1D
:10C5600011D0904C0D9FAAB91211DD1611D00EB941
:10C570001111DD1511D006B91011DD141160B914B7
:10C5800011D500B91511F501B91611F5026098A27F
:10C59000FFA014482077800D44465320322E3236B7
:10C5A0000D86BF84B7A90085B9A00220C6A1206866
:10C5B000A120DCA3C6B7D0ED68A8A2CF4C03879812
:10C5C000A29DA006D0CD204C87F07D20498190FB14
:10C5D000B0E8204C87D071204880DC53796E7461BC
:10C5E000783A2086B92068A1A90020B4A14C0001A6
:10C5F000A6BFA90985B8E8BD1C86300620B4A14CA9
:10C600006EA1A4B8C00CF00320C6A1E8E886BFBDA7
:10C610001C862090A120BF8120E383290FF029A848
:10C62000A92020B4A1A2FFE8BDD3A110FA88D0F7B9
:10C63000297F20B4A1E8BDD3A110F76020E383A631
:10C64000B9F006E6B99D000160C6B84C9F80A5B957
:10C65000D008A92020B4A188D0FA60BC6673703ECF
:10C66000BC616673703EA84C29BC736F75726365BC
:10C670003E203C646573742E3EBC6F6C6420667310
:10C68000703E203C6E6577206673703EA83C6469FE
:10C69000723E29A83C64726976653E29BC7469744F
:10C6A0006C653EBC64726976653E2028343029286A
:10C6B000383029B4302F3830A83C64726976653E32
:10C6C000292E2E2EA83C726F6D3E29FF20868B20CE
:10C6D0007780436F6D70616374696E67203A8DD1A6
:10C6E000108DD21020C38020DCA3A00020799B20D5
:10C6F0008D9A208083AC050F84CAA90285C8A90041
:10C7000085C9A4CA20B282C0F8D028AD070F38E589
:10C71000C848AD060F2903E5C920C3806820BB8047
:10C72000207780206672656520736563746F72730D
:10C730000DEA6084CA203583A4CAB90C0FC901A9C7
:10C740000085BC85C0790D0F85C4B90E0F0820B0D7
:10C750008128690085C5B90F0F85C6B90E0F290359
:10C7600085C7C5C9D014A5C6C5C8D00E1865C4856F
:10C77000C8A5C965C585C94C0DA3A5C8990F0FB932
:10C780000E0F29FC05C9990E0FA90085A885A920BF
:10C7900030A520E693A4CA203A834C7AA22CC71075
:10C7A000105E20ECA3F00268684CDCA3204AA120B4
:10C7B0008B8B8DD110204AA1208B8B8DD210984865
:10C7C000A90085A9ADD210CDD110D006A9FF85A9A9
:10C7D00085AA208D9A207780436F7079696E6720D3
:10C7E00066726F6D203AADD11020C3802077802013
:10C7F000746F203AADD21020C38020DCA368A81843
:10C800006020E38324A9100BA900F00A20E383240D
:10C81000A9300160A980C5AAF0F985AA20778049CE
:10C820006E7365727420EA24AA300B207780736FD0
:10C8300075726365900F20778064657374696E61AB
:10C8400074696F6EEA207780206469736320616E7B
:10C8500064206869742061206B6579EA20C89A2099
:10C86000E0FFB03548A90D209F80686020778020C8
:10C870003A20900F207780476F2028592F4E29208B
:10C880003F20EA20C89A20E0FFB00E295FC959086E
:10C89000F002A94E209F8028604C36944C6E8A206E
:10C8A00024A32015A3A90085C785C985C885C68589
:10C8B000A82079A3ADD11085CD200C94AD070F85AC
:10C8C000C4AD060F290385C52084A3ADD21085CD44
:10C8D000200C94AD060F2903C5C590C0D007AD0745
:10C8E0000FC5C490B72030A54C0C9420AC992024DF
:10C8F000A3204AA120ED802079A3ADD11020168875
:10C90000202582A5CC48A5B685AB203A83A200B9E4
:10C91000080E95C59D5010B9080F95BB9D4710E8AE
:10C92000C8E008D0EAA5C120B08185C3A5BF1869B9
:10C93000FFA5C0690085C4A5C3690085C5AD4E10BB
:10C9400085C6AD4D10290385C7A9FF85A82030A550
:10C950002079A3ADD110201688208083A5AB85B6A1
:10C960006885CC208082B09B60201FA52084A3AD69
:10C97000D21085CDA5CC48208083206D82900320E5
:10C980000A836885CC204D8B20648BA5C220B081A2
:10C9900085C420B38AA5C2290348A5C348201FA582
:10C9A0006885C86885C960A211BD4510B4BA95BA3A
:10C9B000989D4510CA10F260A90085BC85C0F0732F
:10C9C000A5C4A8CDD010A5C5E9009003ACD01084B3
:10C9D000C1A5C685C3A5C785C2ADCF1085BDADD1E4
:10C9E0001085CD2079A320B2A5205588ADD2108521
:10C9F000CD24A8100720E1A4A90085A8A5C885C357
:10CA0000A5C985C2ADCF1085BD2084A320B2A520C5
:10CA10006288A5C11865C885C89002E6C9A5C11875
:10CA200065C685C69002E6C738A5C4E5C185C4B011
:10CA300002C6C5A5C405C5D08760A9FF8D74108D39
:10CA4000751060A900F005A9FF8D821085C98D9031
:10CA500010101A204AA12056848D9F10B00CC923B3
:10CA6000F00BC928F007C950F0034C4FA1204C87A8
:10CA700084CAD04B24C9300B207780566572696612
:10CA800079900A207780466F726D6174EA20778012
:10CA9000207768696368206472697665203F20EAC0
:10CAA00020E0FFB040C920903F209F8038E93090BF
:10CAB00037C904B03385CD20DCA3A4CA4C3AA620E4
:10CAC0008B8B84CA24C91007A6CDA9009DDE102C2B
:10CAD000901010062015A3208D9A2063A6A4CA20CA
:10CAE0004C87D0DB604C36944CA28B24C9300E208E
:10CAF0007780566572696679696E679015206CA7B4
:10CB0000207780466F726D617474696E67A6CD8EF2
:10CB1000901020778020647269766520A5CD20C3AF
:10CB20008020778020747261636B202020EA24C902
:10CB3000300C20CEA78AD0034CDCA38D9F10A90017
:10CB40008D9710A908209F80209F80AD971020BB53
:10CB500080A9068D9D10203DA724C9100D2088A70F
:10CB6000A290A01020AF91AAD028A9008D9810AD56
:10CB70009910291F8D9910A9038D9510A95F8D9685
:10CB800010203294A290A01020AF91F00DCE9D10F5
:10CB9000D0C42077803FEA4CC294AD9D10C906F006
:10CBA000082077803F202020EA24C910032079A79D
:10CBB000EE9710AD9710CD9F10D08824C910032098
:10CBC000F1934CDCA3A2008E91108E9A10CA8E9322
:10CBD000108E9410ADCF108D9210A9058D9510A9CF
:10CBE000638D9610A92A8D9910A210A0138E9B1008
:10CBF0008C981060A900A899000E99000FC8D0F772
:10CC000060A90A186D070F8D070F9003EE060F60DD
:10CC1000A90085B0ADCF1085B1A90A85B2AD971036
:10CC2000F00AA002B1B018690720C5A7AAA000ADFC
:10CC3000971091B0C8A90091B0C88A91B0C8A90155
:10CC400091B0C8E820C4A7C6B2D0E4608A38E90A27
:10CC5000B0FC690AAA6020F593AD060F2903AAADBE
:10CC6000070FA00A84B0A0FF38C8E5B0B0FBCA1017
:10CC7000F765B04898AA68F001E86038B001186616
:10CC8000C620868B20808324C63015209CA9416451
:10CC90006472657373203A20204C656E6774680D6A
:10CCA000AD060F290385C585C2AD070F85C438E9D8
:10CCB0000285C1B002C6C2A90285BBA90085BC8598
:10CCC000BF85C0AD050F29F8A8F028D01120E2A833
:10CCD00020B282A5C438E5BBA5C5E5BC9015B9074F
:10CCE0000F38E5BB85C108B9060F290328E5BC85C7
:10CCF000C290DA84BD24C63009A5C105C2F0032064
:10CD0000BEA8A5C11865BF85BFA5C265C085C0A462
:10CD1000BDD0BA24C6102EA8A6BFA9F838ED050FBD
:10CD2000200DA9209CA9467265650DA5C438E5BFF4
:10CD3000AAA5C5E5C0A8AD050F200DA9209CA95541
:10CD40007365640DEA60A5BC20CAA9A5BB20C2A971
:10CD5000209CA920202020203A2020A5C220CAA95A
:10CD6000A5C120C2A9A90D20E3FFB9060F4820B034
:10CD70008185BC6829031865BC85BCB9040FF00225
:10CD8000A9011879050F9002E6BC1879070F85BB39
:10CD90009002E6BC6020C08120BFA9209CA920464B
:10CDA000696C65732086BC84BD9820CAA98A20C29C
:10CDB000A9209CA920536563746F727320A9008514
:10CDC000BB85BEA21F86C1A2099D0010CA10FA062B
:10CDD000BB26BC26BD26BEA200A009BD00102AC9E4
:10CDE0000A9002E90A9D0010E88810EFC6C110DF22
:10CDF000A020A205D002A02CBD0010D008C02CF0AD
:10CE000004A920D005A02C18693020E3FFE003D04E
:10CE1000049820E3FFCA10DC209CA92042797465A5
:10CE20007320EA6085B36885AE6885AFA5B348987E
:10CE300048A00020DC83B1AE300620E3FF4CABA954
:10CE400068A868186CAE00201B844820BF8120CAE7
:10CE5000A96820C8804CE3FFA90085A820EAAAA9F8
:10CE60000F85AA20DDAA3820C2FF84AB18F0182055
:10CE70005684B01384AB290F85AA2053AAA4AB20F3
:10CE80004C8784ABD0E96066A824A810052012AABC
:10CE900090032053AAC6AA10F060A90985F6A980BC
:10CEA00085F7A4ABB1F2C90DF022C922F01EC8C9A2
:10CEB0002AF02620FE8285AE20CFAAF00DA6AEE095
:10CEC00023F0E120FE82C5AEF0DA186020CFAAF090
:10CED00008C920F0F7C90DD0F13860A4AAB1B4F0A8
:10CEE000E948207780526F6D209820B880207780A5
:10CEF000203A20A928209F8068483004A020D00232
:10CF0000A05398209F8068A0200A1002A04C98206F
:10CF10009F80A929209F80200FAC209AAA20DCA303
:10CF20003860A90785F6A98085F720CFAA85AEE6E7
:10CF3000F6A01E20C2AAB007200FAC8820C2AA60AB
:10CF4000C920B002A920209F8088A5F6C5AEB006F2
:10CF500020CFAAD0EB18609848A4AA20B9FFE6F623
:10CF6000AA68A88A60200C84A9AA20E59A86B484BD
:10CF7000B560BAA9009D070160A6F4BDF00D293F78
:10CF800085ADE6AD602018ACA900F0052018ACA96D
:10CF9000FF85ABA94020CEFFA8A90DC000D01E4C34
:10CFA0002A8220D7FFB01EC90AF0F728D0084820EF
:10CFB0004EAC200FAC6820E3FF24FF301F25ABC927
:10CFC0000D084C1AAB2820E7FFA9004CCEFF201813
:10CFD000ACA94020CEFFA8F0C620F1AA24FF3064FF
:10CFE000A5A92062ACA5A82062AC200FACA9088539
:10CFF000ACA20020D7FFB00D81AC2062AC200FACFA
:10D00000C6ACD0EF18089013A92A20E3FF20E3FF55
:10D01000200FACA90081ACC6ACD0ED20A9AB20E7B5
:10D02000FFA9081865A885A89002E6A928B09A90DB
:10D03000ABA90885ACA200A1AC202C8420E3FFC6DC
:10D04000ACD0F26020D89A2041AB4C36942018AC7A
:10D05000A98020CEFF85AB204EAC200FAC20F1AADA
:10D06000A2ACA0FF84AE84B0C884ACA92085AF98E0
:10D0700020F1FF0884AAA4ABA200F007A1AC20D441
:10D08000FFE6ACA5ACC5AAD0F328B0B8A90D20D452
:10D09000FF4CCFAB200FAC48A92020E3FF681860FD
:10D0A000BAA9009D07012047ACC90DD0034C4FA180
:10D0B000A90085A885A948981865F2AAA5F3690072
:10D0C000A86860981865F285F29002E6F260C8B12F
:10D0D000F2C920F0F960F818A5A8690185A8A5A9EA
:10D0E000690085A9D82062ACA5A84820BF81206A24
:10D0F000AC6820C88020E3FF386020E383A9408D1E
:10D10000DE10A9A820E59A86B084B1A00FA94C8DA5
:10D11000E210AD0A028DE310AD0B028DE410087829
:10D12000A90F8D0A02A9FF8D0B02A9B291B0C8A95F
:10D13000AC91B0C8A5F491B02860C900F011C981C4
:10D14000D00AC0FFD006E000D002CA604CE210084E
:10D1500078ADE3108D0A02ADE4108D0B02A900A298
:10D1600001286037059605F2050706270668065E62
:10D17000052D0520054205A905D105868896981834
:10D1800018821820C506A820C50620D4FF4C9C058F
:10D1900020C506A820D7FF4C3A0520E0FF6A20955D
:10D1A000062A4C9E0520C506F00B48208205682003
:10D1B000CEFF4C9E0520C506A8A90020CEFF4C9CA2
:10D1C0000520C506A8A20420C50695FFCAD0F820F0
:10D1D000C50620DAFF209506A203B500209506CAF1
:10D1E00010F84C3600A200A00020C506990007C820
:10D1F000F004C90DD0F3A0076020820520F7FFA935
:10D200007F2CE2FE50FB8DE3FE4C3600A21020C5C1
:10D21000069501CAD0F820820586008401A000206E
:10D22000C50620DDFF209506A210B501209506CA8F
:10D23000D0F8F0D5A20D20C50695FFCAD0F820C5BC
:10D2400006A00020D1FF48A20CB500209506CA1008
:10D25000F8684C3A0520C506AA20C50620F4FF2C24
:10D26000E2FE50FB8EE3FE4C360020C506AA20C528
:10D2700006A820C50620F4FF499DF0EB6A2095061C
:10D280002CE2FE50FB8CE3FE70D520C506A82CE2F4
:10D29000FE10FBAEE3FECA300F2CE2FE10FBADE346
:10D2A000FE9D2801CA10F298A228A00120F1FF2CAF
:10D2B000E2FE10FBAEE3FECA300EBC28012CE2FEFB
:10D2C00050FB8CE3FECA10F24C3600A20420C506C7
:10D2D0009500CA10F8E8A0008A20F1FF9005A9FF88
:10D2E0004C9E05A200A97F209506BD00072095064B
:10D2F000E8C90DD0F54C36002CE2FE50FB8DE3FE64
:10D30000602CE6FE50FB8DE7FE60A5FF386A300F0B
:10D3100048A90020BC069820BC068A20BC06682CC0
:10D32000E0FE50FB8DE1FE602CE2FE10FBADE3FE63
:10D3300060C909D02A9848B1F2C90DD01EA9E920C8
:10D34000E59AA6F498F0142077800D5455424520B4
:10D35000484F535420322E33300DEA68A8A909C92A
:10D36000FE905CD01BC000F056A206A91420F4FF6A
:10D370002CE0FE10FBADE1FEF04320EEFF4CE8AEEA
:10D38000A9AD8D2002A9068D2102A9168D0202A940
:10D39000008D0302A98E8DE0FEA000B979AF99003F
:10D3A00004B9DBAC990005B9DBAD99000688D0EB78
:10D3B000202104A241BD38AF9516CA10F8A900601B
:10D3C000A9FF209E06ADE3FEA900209506A8B1FDA9
:10D3D000209506C8B1FD209506AAD0F7A2FF9A585D
:10D3E0002CE0FE1006ADE1FE20EEFF2CE2FE10F078
:10D3F0002CE0FE30F0AEE3FE86516C0005008000AC
:10D40000004C84044CA706C980902BC9C0B01A09EF
:10D4100040C515D0200878A905209E06A515209E98
:10D420000628A98085158514600614B006C515F078
:10D43000041860851560087884138612209E06AA59
:10D44000A003A515209E06B112209E068810F8A004
:10D45000188CE0FEBD18058DE0FE4A4A90062CE5CA
:10D46000FE2CE5FE209E062CE6FE50FBB00DE004EF
:10D47000D0112014042095064C32004A9005A08853
:10D480008CE0FE286058B00AD0034C9C05AE8D029B
:10D49000F0E0A9FF20060490F920CE040878A9073F
:10D4A00020C704A0008400B1008DE5FEEAEAEAC8C6
:10D4B000D0F528E654D006E655D002E656E601241B
:10D4C0000150D920CE04A904A000A2534C0604A9FF
:10D4D0008085548501A9202D0680A88453F019AEBB
:10D4E0000780E8BD0080D0FABD01808553BD028071
:10D4F0008554BC0380BD048085568455600A535210
:10D50000414D20312E30350D0A20205352444154D4
:10D510004120203C69642E3E0D0A202053524C4F7E
:10D52000414420203C66696C656E616D653E203C1F
:10D530007372616D20616464726573733E20283C70
:10D5400069642E3E29202851290D0A202053525269
:10D5500045414420203C646573742E2073746172CD
:10D56000743E203C646573742E20656E643E203CDE
:10D570007372616D2073746172743E20283C69641B
:10D580002E3E290D0A20205352524F4D2020203C80
:10D5900069642E3E0D0A20205352534156452020E7
:10D5A0003C66696C656E616D653E203C7372616DB1
:10D5B0002073746172743E203C7372616D20656EDD
:10D5C000643E20283C69642E3E29202851290D0AFA
:10D5D000202053525752495445203C736F75726353
:10D5E000652073746172743E203C736F757263655D
:10D5F00020656E643E203C7372616D2073746172AD
:10D60000743E20283C69642E3E290D0A456E642034
:10D61000616464726573736573206D6179206265FE
:10D62000207265706C61636564206279202B3C6CAC
:10D63000656E6774683E0D0A00205D9648AAA5B81D
:10D6400048A5B94898488AA6F4202BB824B9303B9D
:10D65000C908D030A5EFC943D00B20C8B2BAA90081
:10D660009D0401F026C942D022A009B1F099B4006E
:10D6700088C008B0F6B1F099B0008810F85820B909
:10D68000BC4CD5B1C902D00F2082B868A86885B952
:10D690006885B868A6F460C906D00EA0FFB1B8C905
:10D6A0004ED0E820F2B54C03B2C904D01820F5B929
:10D6B000B0D9E004F0D52034B24CD5B1BD30BA4871
:10D6C000BD31BA4860C907D027A5EFC944D019A019
:10D6D000EEB1B8293F85B0A0FEB1B829080A0A0A00
:10D6E0000A05B085F04CD5B1C945D09FA0FDD0E169
:10D6F000C909D097A90D20C4BAB024A200BD83B235
:10D7000020EEFFE8E014D0F54C03B20A5352414D2D
:10D7100020312E30350D0A20205352414D0D0A2064
:10D72000F5B9E004F014A900AAC8B1F2C90DF0D807
:10D73000C920F0F4E020D0F0F0E5A000B975B020E9
:10D74000EEFFC8D0F7B975B1F0BE20EEFFC8D0F536
:10D75000202BB8A9EE85B8A00BB1F0C000D00A29E3
:10D76000C085BCB1B8293F05BC91B88810EB5820E2
:10D770002BB8A0F2B1B8AAC8B1B8205DB8700EA09D
:10D78000F1B1B8A8C0149014A2004CFBB820B1B6F7
:10D7900084BAA0F391B88A8891B8A4BA20FEB6AA38
:10D7A00098A0F191B88AA0EE51B82940D0DAA8A289
:10D7B000BA20DAFF202BB8AAD005A2024CFBB84849
:10D7C000209DBE68C904B07A205DB8103020CEB567
:10D7D0002007B6D024F003205FB6A0FAB1B8A82085
:10D7E000D7FF202BB8A0F2203FB8AAA0F1B1B8A86B
:10D7F0008A2045B72007B6F0DE20F2B56020EEB5EE
:10D800002016B6F0F4D003205FB6A0F4B1B838E922
:10D810000191B8C9FFD008C8B1B838E90191B8A2E0
:10D82000F6A0F22041B8A0F1B1B8A820B9FFAAA093
:10D83000FAB1B8A88A20D4FF202BB82016B6D0C7DA
:10D84000F0B7A0F9B1B8301E8811B8D041A9009145
:10D85000B8A901C891B8A0F6A90091B8A6B9E88AFC
:10D86000C891B84C06B4A98420F4FF98488A48A906
:10D870008320F4FF202BB886BA84BBA0F6204EB8D4
:10D880006838E5BAA0F891B868E5BBC891B8205DE2
:10D89000B830034CD8B420CEB5BA8A38E910AA9A69
:10D8A000A0F0B1B84888B1B848CAA001A90520DDE8
:10D8B000FF202BB8BABD0B01A0F491B885BABD0CFE
:10D8C00001C891B885BBBD0D011D0E01F005A20177
:10D8D0004CFBB8A21268CAD0FC2C7FB5A5BA05BB18
:10D8E000D00420F2B560A2BCA0F82041B8A0BA20B4
:10D8F0008BB5B0042080B5B8A0FB204EB8503820BE
:10D90000F2B5BA8A38E90BAA9AA90048A9FF484893
:10D91000A0F7B1B84888B1B848A0F0B1B84888B10C
:10D92000B848BAE8A001A9FF20DDFF202BB8A21259
:10D9300068CAD0FC4CB4B4A9042098B5A2B1A0F632
:10D940002041B8A2B3A0F22041B8A2BEA0FB204162
:10D95000B8382095B7A2B3201EB6F086B84C5EB496
:10D9600020EEB52C7FB508A0F4203FB82016B6D025
:10D97000052820F2B560A2BCA0F82041B8A0BA20CA
:10D980008BB5B0062080B528B808A0FB204EB8A201
:10D99000B1A0F22041B8A2B3A0F62041B8A2BEA027
:10D9A000FB2041B8182095B7A2B1201EB6280870F8
:10D9B0000BA9022098B528B8084CDFB420F2B5A90D
:10D9C000FF4848A0F6203FB8A0FBA5BA1871B8AA36
:10D9D000A5BBC871B8488A48A9FF4848A5BB48A557
:10D9E000BA48A9FFA20848CAD0FCA0F0B1B848883C
:10D9F000BAB1B848A001A90020DDFF202BB8A212BF
:10DA000068CAD0FC4CE9B440B500990000B5019952
:10DA1000010060B501D90100D005B500D900006052
:10DA200048484848A9004848A0FCB1B84888B1B85F
:10DA300048A9FF4848A0F7B1B84888B1B848BAA08B
:10DA4000FAB1B848BD0901A00120D1FFA20D68CAF2
:10DA5000D0FC202BB860A94048A0EFB1B8AAC8B14B
:10DA6000B8A86820CEFFAAD005A2044CFBB8A0FA43
:10DA7000202BB891B860A980D0DEA0FAB1B8F0F53B
:10DA800048A90091B868A8A90020CEFF4C2BB8A0E7
:10DA9000FAB1B8AAA901206FB8202BB88A60A0F407
:10DAA000B1B8C811B86086BCA0FB203FB8A0F4B1E3
:10DAB000B838E5BA91B885BAC8B1B8E5BB91B885B0
:10DAC000BB05BAF021A6BC205DB85011B501C9C094
:10DAD000900BA9109500A9809501208FB6A6BCA037
:10DAE000F22050B8A9FF60A2BDA0F22041B8E6BD67
:10DAF000D01AE6BEF01E205DB85011A5BEC9C0D038
:10DB00000B208FB6A91085BDA98085BEA2BDA0F24D
:10DB10002050B8604C46B4A0F1B1B8186901C910E2
:10DB2000B0F2C902F0EEC90ED004A0FE31B8A0F1E7
:10DB300091B8A820FEB6F0DC60A010D9CAB6901249
:10DB4000D008488AD9C6B6689008C8C01490EC4C72
:10DB500046B4488A1879CEB6AA6879D2B660F0E0A1
:10DB6000D0C03F7FBFFF10203040804000C0C010B9
:10DB7000B001609838E904A8C00EB001609829018E
:10DB8000A0FE11B8A86020E6B698AAB926B748A0AA
:10DB9000EE31B8D00BB1B829C0C980F0034C46B4FF
:10DBA00068A0FD31B8488AA868F002A9FF6004089F
:10DBB000000000000000000000000102102084F4BA
:10DBC0008C30FEA00091BA86F48E30FE6085BF8A4C
:10DBD000489848A6F4BDF00D85B1E6B1A90085B01E
:10DBE000A00EB936B791B08810F86848A8A5BF2034
:10DBF00071B768A868AAA5BF606CB00085F48D30C5
:10DC0000FEB1B191B3C8D005E6B2E6B4CAC4B5D08E
:10DC1000F08AD0ED6885F48D30FE4CD5B7A0F1B117
:10DC2000B885B0A6BEA4BFA9002A0A85B7E6B7206A
:10DC30005DB870415004A6BEA4BF86B584B6A5B534
:10DC400005B6F030A220BD74B748CA10F9BAA5F4E1
:10DC500048A901488A48A5B0A6B6A00060A22168DC
:10DC6000CAD0FCA202B5B11865B595B19002F6B262
:10DC7000CACA10F160A90038A6B7F5B085B5A9C029
:10DC8000F5B185B6A2B5A0BE208BB5B0A9A5BE38AA
:10DC9000E5B585BEA5BFE5B685BF20B6B7A910A678
:10DCA000B795B0A98095B1208FB6A0F1B1B885B075
:10DCB0004CEDB708488A48A90085B8A6F4BDF00D18
:10DCC00085B968AA682860A2BA48B1B89500C8B1F9
:10DCD000B89501886860A2BA48B50091B8C8B50186
:10DCE00091B8886860489848A0EEB1B885B868A82F
:10DCF0006824B8202BB8606C1E0260000060000031
:10DD0000020CFF52414D00284329A900A0FD91B803
:10DD1000A0EE91B8A0FA91B8A0FFA94E91B8A00FBB
:10DD2000B926B7F0499848A90885F685BAA980852B
:10DD3000F785BB20B9FF85BD6848A8A5BD49FF2070
:10DD400045B720B9FFC5BDF0236848AAA0EEB1B819
:10DD50001D26B791B88AA8A5BD2045B72086B9C9A8
:10DD600002D009B926B7A0FD11B891B868A88810EB
:10DD7000AFA0EEB1B8A200290CD002A20E8AA0FE7C
:10DD800091B860A9008D0001BD80B98D0101BD7AF7
:10DD9000B985BFBC79B9A200B924B99D0201E8C810
:10DDA000C4BF90F4A9009D02014C0001496C6C6550
:10DDB00067616C20706172616D65746572496C6C2D
:10DDC0006567616C20616464726573734E6F206671
:10DDD000696C696E672073797374656D4261642044
:10DDE000636F6D6D616E6446696C65206E6F742043
:10DDF000666F756E6452414D206F6363757069651F
:10DE000064001120303B4955808182FED6838A48C8
:10DE10009848A20786F6A98085F720B9FF85F6A263
:10DE20000086BF6848A820B9FFA6BFDD7EB8D046EF
:10DE3000E6F6D002E6F7E8E00490E6A90285BFA284
:10DE40000FA98085F786F66848A820B9FFA6F6DDF9
:10DE500072B8D00DCAE006B0EC1868A868AAA5BFD1
:10DE600060E00AD00BC94FD007A90185BF4CCCB9DF
:10DE7000A90085BFF0E3A9FF85BF38B0DDA20098F7
:10DE800048B1F23013C92EF018C941900B5D30BA79
:10DE900029DFD009C8E8D0E9BD30BA30131868A826
:10DEA00088C8E8BD2FBAF00E10F8B003E890D0CAC9
:10DEB0006820B9BA186038605352414DFFFF535281
:10DEC0004C4F4144BB45535253415645BB495352B5
:10DED0005752495445BBD2535252454144BBD65385
:10DEE0005244415441BC365352524F4DBC80008A7B
:10DEF0004820B9BAA90085BC85BD85BE85BF380854
:10DF0000B1F2C9309036C93A900AC947B02EC9411A
:10DF1000902AE90738E930280848A20406BC26BD43
:10DF2000500426BE26BFB010CAD0F16805BC85BC1F
:10DF3000281808C8F00390C8682838082868AA601C
:10DF4000C8B1F2C920F0F9C90D60A90D4820B9BACD
:10DF500068D1F2D00318C860386020B9BA98481860
:10DF600065F2A0EF91B8A5F36900C891B868A82C34
:10DF70007FB5B1F2C920F00DC90DF009B8C8D0F2D3
:10DF8000A2034CFBB870F96086BF20B9BAA203DDCA
:10DF90003EBBB02ADD3ABB9022FD42BBC8C901D0CE
:10DFA00011B1F2C936B009C9309005E926C8D002CE
:10DFB000A9014820B9BA68A6BF1860CA10D1A6BF87
:10DFC0003860304157773A475B7B30374767A9C0A5
:10DFD000D002A9404820D2BAB82067BAB01984BA92
:10DFE000A2BCA0F22050B8A4BA6848302BA92B20BC
:10DFF000C4BA08B82067BAB05F84BA289013A0F2F8
:10E0000038A5BC38F1B885BCC8A5BDF1B890498524
:10E01000BDA2BCA0F42050B8A4BA2000BB84BAB002
:10E0200008A0F191B8682980486885BBA0EEB1B816
:10E03000293F05BB91B8A4BA20B9BA29DFA200C90B
:10E0400051D003C8A2FF20C2BAB00DA0F8A9009118
:10E05000B8C88A91B84CE7B24CF8BAA9C0D002A9A6
:10E0600040482C7FB52067BAB0EEA203B5BC95B18D
:10E07000CA10F9A92B20C4BAB001B82067BAB0D829
:10E08000501938A20038B5BCF5B195BCE88A29040E
:10E09000F0F4A5BE05BFF0034C46B4A5BC85B5A5FC
:10E0A000BD85B6B82067BAB0AF2000BBB00685B753
:10E0B0006829BF4820C2BAB09F6885B04CB9BC205F
:10E0C00000BBB0944820C2BAB08E68A820FEB6D07B
:10E0D0001B2086B9AAD005A2054CFBB884BFB9267F
:10E0E000B7A0FD11B891B8A4BF2068BC20C2BE6023
:10E0F000A20F86BAA98085BBBD72B8E001D0019895
:10E100002045B7CA86BA10F0602000BBB0B44820E2
:10E11000C2BAB0AE68A820FEB6F01F84BC2068BCAE
:10E12000A90A85BAA94F2045B7B926B749FFA0FD6E
:10E1300031B891B8A4BC20C2BE602086B9AAD0DB99
:10E1400060A5B029C085BEA0EEB1B8293F05BE913B
:10E15000B824B07009A4B7C014900E4C00B3A6BC8C
:10E16000A5BD20B1B686BC85BD20FEB64898A0F1FD
:10E1700091B86845B02940D0E2209DBE2091BEB044
:10E1800022A2B5A0BE2080B526B0900AA2BCA0B342
:10E190002080B54C95B7A2B1A0B32080B5A2BCA099
:10E1A000B1D0EDA5B325B4C9FFF0D6A5BC48A5BD37
:10E1B00048A203B5B195BACA10F9A2B5A0F420508F
:10E1C000B824B030034CBABD6885B46885B3A2BE2C
:10E1D000A0F42041B8A5BFD02DA6BEF064A900913F
:10E1E000B8E6B9207BBEA900A2BAA000200604A010
:10E1F000072089BEADE5FE91B8A203208DBEEAC816
:10E20000C4BED0F0F025A90085BEA90185BFE6B93E
:10E21000207BBEA906A2BAA000200604A005208982
:10E22000BEADE5FE91B8B1B8C8D0F62083BEA2B8A5
:10E23000A0B12080B5C6B9382095B72047BE4C465E
:10E24000BD606885B26885B1A2BEA0F42041B8A5C2
:10E25000BFD008A6BEF0EAA901D00AA90085BEA9D0
:10E260000185BFA90748E6B9A2B8A0B32080B5A52B
:10E27000BE48C6B9182095B76885BE68C901D029BF
:10E28000A900A0F491B8E6B9207BBEA901A2BAA06A
:10E2900000200604A000B1B88DE5FEA203208DBECB
:10E2A000C8C4BEC4BED0EFF01BE6B9207BBEA90730
:10E2B000A2BAA000200604A000B1B88DE5FEEAEAEB
:10E2C000EAC8D0F52083BEC6B92047BE4CC0BDA267
:10E2D00001F6BAD005E8E00490F5A0F5B1B838E948
:10E2E00001901F91B82016B6F018A6B7205DB8505F
:10E2F00011B5B1C9C0900BA91095B0A98095B120F6
:10E300008FB660A9C820060490F960A98820060489
:10E310006088D0FD60CAD0FD60A9EAA200A0FF20FD
:10E32000F4FFE0FF60205DB8101F701DA90048A039
:10E33000F1B1B848A9AAA200A0FF20F4FF202BB891
:10E3400086BA84BB68A86891BA60A902489810E3AD
:10E35000C901D014489848A98FA22BA4F420F4FF37
:10E3600068A8A6F4684CB1B1C92BD0F9C4F4F00682
:10E37000A6F4A900F0EFA972A20020F4FF20F4FF98
:10E3800070EEA9EA2082BFD0E7A9D7A07F2084BF82
:10E3900010DE20E7FFA200207CBFA9FD2082BFF095
:10E3A0002DBAA030B98ABF4888D0F98AA8A90148F7
:10E3B000BAE88A48A20FA90085B06098AA9AA5B0C9
:10E3C0000A0A18690DAA207CBFA20A207CBF20E798
:10E3D000FF20E7FF4CE8BE41636F726E204F532071
:10E3E000004B07003634000038300000393600009A
:10E3F00031313200313238003134340031363000BE
:10E4000020EEFFE8BD4FBFD0F760A0FFA20020F4D0
:10E41000FF8A60A5F44886F48E30FEADFFBF484900
:10E42000A58DFFBFCDFFBFD002E6B0688DFFBFCA8C
:10E430003008E00BD0E0A201D0DC6885F48D30FE1E
:10E440004C33BFFFFFFFFFFFFFFFFFFFFFFFFFFF9B
:10E45000FFFFFFFFFFFFFFFFFFFFFFFFFFFFFFFFCC
:10E46000FFFFFFFFFFFFFFFFFFFFFFFFFFFFFFFFBC
:10E47000FFFFFFFFFFFFFFFFFFFFFFFFFFFFFFFFAC
:10E48000FFFFFFFFFFFFFFFFC901F01F60EA600E03
:10E490000142415349430028432931393832204150
:10E4A000636F726E0A0D0000800000A98420F4FFE3
:10E4B00086068407A98320F4FF8418A200861F8E95
:10E4C00002048E0304CA8623A20A8E0004CA8E01A7
:10E4D00004A9012511050D050E050F0510D00CA985
:10E4E00041850DA952850EA957850FA9028D0202FB
:10E4F000A9B48D0302584CDD8A414E44800041424C
:10E500005394004143539500414456414C96004179
:10E510005343970041534E980041544E9900415542
:10E52000544FC610424745549A0142505554D503A2
:10E53000434F4C4F5552FB0243414C4CD60243488B
:10E5400041494ED70243485224BD00434C454152F5
:10E55000D801434C4F5345D903434C47DA01434C50
:10E5600053DB01434F539B00434F554E549C014492
:10E57000415441DC204445479D00444546DD00446C
:10E58000454C455445C710444956810044494DDE29
:10E590000244524157DF02454E4450524F43E1017D
:10E5A000454E44E001454E56454C4F5045E202452C
:10E5B0004C53458B144556414CA00045524C9E018E
:10E5C0004552524F528504454F46C501454F528230
:10E5D000004552529F01455850A100455854A20190
:10E5E000464F52E30246414C5345A301464EA40810
:10E5F000474F544FE51247455424BE00474554A5A4
:10E6000000474F535542E41247434F4CE6024849F6
:10E610004D454D9343494E505554E8024946E70253
:10E62000494E4B455924BF00494E4B4559A6004918
:10E630004E54A800494E53545228A7004C495354F5
:10E64000C9104C494E4586004C4F4144C8024C4FBE
:10E650004D454D92434C4F43414CEA024C45465484
:10E660002428C0004C454EA9004C4554E9044C4FA9
:10E6700047AB004C4EAA004D49442428C1004D4FE1
:10E680004445EB024D4F4483004D4F5645EC024E3E
:10E69000455854ED024E4557CA014E4F54AC004FF9
:10E6A0004C44CB014F4EEE024F464687004F5284FA
:10E6B000004F50454E494E8E004F50454E4F5554D9
:10E6C000AE004F50454E5550AD004F53434C49FF9F
:10E6D000025052494E54F102504147459043505424
:10E6E000528F435049AF01504C4F54F002504F49A4
:10E6F0004E5428B00050524F43F20A504F53B101CC
:10E7000052455455524EF801524550454154F5007A
:10E710005245504F5254F60152454144F30252457E
:10E720004DF42052554EF901524144B20052455326
:10E73000544F5245F71252494748542428C20052B8
:10E740004E44B30152454E554D424552CC105354A0
:10E750004550880053415645CD0253474EB40053AF
:10E76000494EB500535152B600535043890053549B
:10E770005224C300535452494E472428C400534FD7
:10E78000554E44D40253544F50FA0154414EB700F1
:10E790005448454E8C14544FB800544142288A00C6
:10E7A0005452414345FC1254494D459143545255EE
:10E7B00045B901554E54494CFD02555352BA0056C5
:10E7C0004455EF0256414CBB0056504F53BC0157C5
:10E7D00049445448FE0250414745D000505452CF5E
:10E7E0000054494D45D1004C4F4D454DD20048494C
:10E7F0004D454DD3007847C0B4FC036AD4339EDA4C
:10E80000076F8DF7C29FA6E99146CA95B9ADE27828
:10E81000D1FEA8D1807CCB416DB1498898B4BEDCD3
:10E82000C4D22F76BDBF26CC39EE94C2B8AC312409
:10E830009CDAB6A3F32A3083C96F5D4C58D22A8D77
:10E8400099BDC47D7D2FE8C85672C488CC7AC24475
:10E85000E4239AE495152FF19A041F7DE4E4E6B6CB
:10E8600011D08E95B1A0C2BFBFAEAEAEAFADA8AB5A
:10E87000ACA8A9BFA9AEABAFAFABAABFAEB1AFACAE
:10E88000ACACAEA7ABACBFBFABABABABAFABA9A7B0
:10E89000A6AEACABACABB3AFB0AFB0AFB0B0AC90BA
:10E8A0008FBFB58A8A8FBE98BF92929292B4BF8E64
:10E8B000BF92BF8E8E8B8B91938A93B4B7B8B89367
:10E8C00098BA8B939393B6B994938D93BB8BBBBF3C
:10E8D000BAB8BD8A9392BBB4BE4B83848996B8B94B
:10E8E000D8D9F0011081908993A3A4A9383978016F
:10E8F00013216373B1A9C50CC3D3C4F24183B081A2
:10E90000436C72ECF2A3C3181934B07298998198D1
:10E910009914350A0D0D0D0D101025253941414171
:10E92000414A4A4C4C4C5050525353530808080922
:10E93000090A0A0A05153E040D304C0632494910F1
:10E94000250E0E09292A30304E4E4E3E160018D89C
:10E9500058B8CA88E8C8EA48086828406038F87893
:10E96000AAA8BA8A9A9890B0F030D010507021417D
:10E970000161C1A1E106462666C6E6E0C0204C2042
:10E98000A2A0818684A9FF85284CA38BA903852892
:10E9900020978AC95DF0EE206D98C60A20BA85C618
:10E9A0000AA5284A9060A51E6904853FA538204520
:10E9B000B5A5372062B5A2FCA4391002A43684386C
:10E9C000F01CA000E8D00D2025BCA63F2065B5CAEC
:10E9D000D0FAA2FDB13A2062B5C8C638D0E6E81038
:10E9E0000C2065B52058B52058B54C5685A000B10F
:10E9F0000BC93AF00AC90DF00A200EB5C8D0F0C410
:10EA00000A90F62025BCA40A88C8B10BC93AF004C4
:10EA1000C90DD0F520599888B10BC93AF00CA50C56
:10EA2000C907D0034CF68A2090984C08852082951F
:10EA3000F05AB0582094BD203AAE852720B4B420B7
:10EA40002788A20320978AA000843DC93AF064C9B0
:10EA50000DF060C95CF05CC92EF0D2C60AA40AE6CB
:10EA60000AB10B302AC920F010A0050A0A0A0A26AA
:10EA70003D263E88D0F8CAD0E4A23AA53DDD5084B8
:10EA8000D007BC8A84C43EF01FCAD0F14C2A98A299
:10EA900022C980F013E8C982F00EE8C984D0EDE6FF
:10EAA0000AC8B10BC941D0E4BDC4848529A001E0E6
:10EAB0001AB048AD400485378439A628E004AE4139
:10EAC0000486389006AD3C04AE3D04853A863B98FA
:10EAD000F0281004A436F02288B929002439100344
:10EAE000B90006913AEE4004D003EE41049008EEDE
:10EAF0003C04D003EE3D0498D0DE60E022B040201C
:10EB0000218818A52AED4004A8A52BED4104C001D9
:10EB100088E900F025C9FFF01CA5284AF00F000184
:10EB20004F7574206F662072616E676500A8842A35
:10EB3000A0024C2B869830F610DF9810F130DAE006
:10EB400029B01820978AC923D018202F882021881F
:10EB5000A52BF0DC00024279746500E036D0682015
:10EB6000978AC928D03720218820978AC929D013AD
:10EB700020978AC92CD01E202C8820978AC959D06A
:10EB800014F0CDC92CD00E20978AC958D0072097F1
:10EB90008AC929F0BB0003496E64657800C60A2063
:10EBA000218820978AC92CD014202C8820978AC9C4
:10EBB00058F00AC959D0DE202F884C9A8720328815
:10EBC000A52BD0F34CA886E02FB02BE02DB0092068
:10EBD000978AC941F019C60A20218820978AC92C32
:10EBE000D0DE202C8820978AC958F0D44C0D87207D
:10EBF0003288A001D02EE032B016E031F00C209720
:10EC00008AC923D0034CC586C60A2021884C358783
:10EC1000E033F00BB02420978AC928F00AC60A20F6
:10EC20002188A0034C2B86202C88202C882021882A
:10EC300020978AC929F0EB4C0D87E039B05DA53DDE
:10EC40004901291F48E037B02F20978AC923D004F3
:10EC5000684CC586C60A20218868853720978AC9EE
:10EC60002CF0034C358720978A291FC537D0062002
:10EC70002C884C35874C0D87202188688537209754
:10EC80008AC92CD01320978A291FC537D0E7202C9A
:10EC900088A52BF0034CCC864C3887D025202188C2
:10ECA000A52A8528A0004C2B86201D9B20F092A42D
:10ECB0001B840A60202F88203288A52918690485C2
:10ECC0002960A201A40AE60AB10BC942F012E8C900
:10ECD00057F00DA204C944F007C953F0154C2A9807
:10ECE0008A48202188A2292044BE68A84C2B864C43
:10ECF0000E8CA52848201D9BD0F5688528202788E4
:10ED0000A0FFD0E848189865378539A00098653885
:10ED1000853A689137C8B1399137C90DD0F7602964
:10ED20000F853D843EC8B137C93AB036C9309032FC
:10ED3000290F48A63EA53D0A263E30210A263E3030
:10ED40001C653D853D8A653E063D2A3010B00E8526
:10ED50003E68653D853D90CDE63E10C94868A000FF
:10ED6000386088A98D207C88A53769028539A53847
:10ED70006900853AB137913988D0F9A003A53E09D9
:10ED800040913788A53D293F0940913788A53D2905
:10ED9000C0853DA53E29C04A4A053D4A4A4954918D
:10EDA00037204489204489204489A0001860C97B09
:10EDB000B0FAC95FB00EC95BB0F2C941B006C93A3A
:10EDC000B0EAC93060C92ED0F560B137E637D0025D
:10EDD000E63860204489B13760A000843B843CB1B0
:10EDE00037C90DF0EDC920D005204489D0F1C926DE
:10EDF000D012204B89203689B0F8C94190E1C9472B
:10EE000090F0B0DBC922D00C204B89C922F0DAC9BE
:10EE10000DD0F560C93AD006843B843CF0CBC92CB8
:10EE2000F0C7C92AD005A53BD04160C92EF00E20FD
:10EE300036899033A63CF0052097889034B137206E
:10EE40003D8990062044894CB589A2FF863B843CCD
:10EE50004C57892026899013A000B137202689902D
:10EE6000E92044894CD289C941B009A2FF863B847C
:10EE70003C4C6189C958B0DBA2718639A280863AC0
:10EE8000D13990D6D00FC8B1393034D137F0F7B17D
:10EE900037C92EF00BC8B13910FBC9FED00FB0B87E
:10EEA000C8B139301AE639D0F8E63AD0F438C89803
:10EEB000653985399002E63AA000B1374CF889AA45
:10EEC000C8B139853D884A9007B137202689B08876
:10EED0008A243D5007A63BD00318694088207C88CF
:10EEE000A000A2FFA53D4A4A9004863B843C4A907C
:10EEF00004843B843C4A901148C8B137202689904D
:10EF0000062044894C728A88684A9002863C4AB03E
:10EF10000D4C6189A41BE61BB119C920F0F660A451
:10EF20000AE60AB10BC920F0F66000054D6973735B
:10EF3000696E67202C00208C8AC92CD0ED60205788
:10EF400098A5188538A90085379137206FBED02B3A
:10EF5000205798206FBED026205798000053544F5A
:10EF60005000205798A90DA4188413A0008412847F
:10EF7000209112A9FFC89112C884122020BDA007B9
:10EF8000840CA000840BA9338516A9B48517A93E6B
:10EF90002002BCA9338516A9B48517A2FF8628864E
:10EFA0003C9A203ABDA8A50B8537A50C8538843B33
:10EFB000840A20578920DF979006208DBC4CF38A65
:10EFC00020978AC9C6B072907E4CF68A4C0485BAE6
:10EFD000E0FCB00DADFF01C9A4D006201D9B4C4C38
:10EFE0009800074E6F20A400A40A88B10BC93DF019
:10EFF000DEC92AF006C95BF0D3D023206D98A60B9A
:10F00000A40C20F7FFA90DA40A88C8D10BD0FBC916
:10F010008BF0F2A50CC907F0B0209098D00DC60A6D
:10F02000205798A000B10BC93AD0E4A40AE60AB16F
:10F030000BC920F0F6C9CF900EAABDDF828537BD7F
:10F04000518385386C3700A60B8619A60C861A8466
:10F050001B20DD95D01BB090861B20419820FC948E
:10F06000A205E42CD001E8203195C60A208295F053
:10F070002290102094BD201398A527D019201E8C13
:10F080004C9B8B2094BD201398A527F00920B4B485
:10F090004C9B8B4C2A98000654797065206D6973DF
:10F0A0006D617463680020EABDA52CC980F07BA067
:10F0B00002B12AC536B055A502852CA503852DA51C
:10F0C00036C908900669079002A9FF1848AAB12A14
:10F0D000A000712A4502D00FC8712A4503D00885C7
:10F0E0002D8AC838F12AAA8A186502A8A5036900E2
:10F0F000C404AAE505B0488402860368A002912AE8
:10F1000088A52DF007912A88A52C912AA003A53661
:10F11000912AF0158888B12A852D88B12A852CB9C5
:10F120000006912CC8C436D0F66020BABEC000F0EC
:10F130000BB90006912A88D0F8AD0006912A60002C
:10F14000004E6F20726F6F6D00A539C980F0279057
:10F150003AA000B104AAF015B137E9018539C8B168
:10F1600037E900853AB1049139C8CAD0F8A104A0A2
:10F170000391374CDCBDA000B104AAF00AC8B10469
:10F18000889137C8CAD0F6A90DD0E6A000B1049185
:10F1900037C8C439B018B1049137C8B1049137C821
:10F1A000B1049137C8C439B005B1049137C8981873
:10F1B0004CE1BDC60A20A9BF9848208C8AC92CD032
:10F1C0003E20299B2085A368A8A52720D4FFAAF06C
:10F1D0001B300CA203B52A20D4FFCA10F830D9A2E4
:10F1E00004BD6C0420D4FFCA10F730CCA53620D45F
:10F1F000FFAAF0C4BDFF0520D4FFCAD0F7F0B9685C
:10F20000840A4C988B2025BC4C968BA900851485CC
:10F210001520978AC93AF0F0C90DF0ECC98BF0E8D7
:10F22000D03820978AC923F08AC60A4CBB8DAD001E
:10F2300004F010A51EF00CED0004B0F9A82065B58F
:10F24000C8D0FA18AD00048514661520978AC93A0B
:10F25000F0B3C90DF0AFC98BF0ABC97EF0EBC92C90
:10F26000F0CCC93BF0A520708E90E0A51448A51500
:10F2700048C61B20299B688515688514A51B850A2F
:10F2800098F01320DF9EA51438E5369009F007A802
:10F290002065B588D0FAA536F0B1A000B9000620E7
:10F2A00058B5C8C436D0F5F0A24CA28AC92CD0F902
:10F2B000A52A482056AE20F092A91F20EEFF682014
:10F2C000EEFF2056944C6A8E20DD92208C8AC9294C
:10F2D000D0DAA52AE51EF01AA8B00C2025BCF00350
:10F2E00020E392A42AF00B2065B588D0FAF0032021
:10F2F00025BC18A41B840A60A60B8619A60C861AC6
:10F30000A60A861BC927F0E7C98AF0BCC989F0D0D4
:10F31000386020978A20708E90F7C922F0113860EB
:10F3200000094D697373696E672022002058B5C8C3
:10F33000B119C90DF0EAC922D0F2C8841BB119C9AC
:10F3400022D0AFF0E7205798A910D0082057982076
:10F3500028BCA90C20EEFF4C9B8B201D9B20EE921D
:10F360002094BDA0008C00068CFF06208C8AC92C3E
:10F37000D022A41B20D595F02AACFF06C8A52A9957
:10F380000006C8A52B990006C8A52C990006EE001A
:10F39000064CE08EC61B20529820EABD201E8FD856
:10F3A0004C9B8B4C43AEAD0C044AAD0404AE6004E0
:10F3B000AC64046C2A004C2A9820DF9790F82094C3
:10F3C000BD20978AC92CD0EE20DF9790E92057986E
:10F3D000A52A8539A52B853A20EABD202DBC207BA6
:10F3E00098202292A539C52AA53AE52BB0ED4CF319
:10F3F0008AA90A20D8AE20DF972094BDA90A20D878
:10F40000AE20978AC92CD00D20DF97A52BD058A508
:10F410002AF054E60AC60A4C5798A512853BA51354
:10F42000853CA5188538A90185376020698FA239E8
:10F43000200DBE206FBE20928FA000B137303091DA
:10F440003BC8B137913B3898653B853BAAA53C69E1
:10F4500000853CE406E507B005209F9090DB0000A6
:10F46000CC207370616365000053696C6C79002077
:10F470009A8FA000B137301DA53A9137A539C891B0
:10F480003718A52A65398539A900653A297F853A53
:10F49000209F9090DDA518850CA000840BC8B10BAF
:10F4A0003020A004B10BC98DF01BC8C90DD0F5B137
:10F4B0000B300FA003B10B18650B850B90E4E60C25
:10F4C000B0E04CF38A20EB9720928FA000B1373048
:10F4D00037B13BC8C52BD021B13BC52AD01BB137B2
:10F4E000853D88B137853EA40A88A50B8537A50CD4
:10F4F000853820F588A40AD0AB209F90A53B6902EF
:10F50000853B90C7E63CB0C320CFBF4661696C65C0
:10F510006420617420C8B10B852BC8B10B852A20EB
:10F520001F992025BCF0CEC8B137653785379003C9
:10F53000E638186020698FA52A4820EABD2094BDCE
:10F54000202399A9202002BC20EABD205189208DCA
:10F55000BC2020BD684818652A852A90E0E62B105B
:10F56000DC4CF38A4C1892C60A208295F041B03FD9
:10F570002094BD20DD92202292A52D052CD030189C
:10F58000A52A6502A8A52B6503AAC404E505B0D485
:10F59000A502852AA503852B84028603A900852C54
:10F5A000852DA940852720B4B42027884C0B9200D4
:10F5B0000A42616420DE0020978A9818650BA60C29
:10F5C0009002E818E90085378AE9008538A20586A7
:10F5D0003FA60A205995C001F0D5C928F015C924C5
:10F5E000F004C925D00AC63FC8E8B137C928F003DE
:10F5F0004CDF908439860A206994D0B320FC94A211
:10F6000001203195A53F48A9014820D8AE2094BDDE
:10F61000202188A52B29C0052C052DD092202292CF
:10F6200068A8A52A9102C8A52B9102C89848203144
:10F630009220978AC92CF0D5C929F0034C279168EC
:10F64000851568853FA9008540203692A000A51544
:10F650009102652A852A9002E62BA5038538A5022A
:10F66000853718652AA8A52B6503B034AAC404E51C
:10F6700005B02D84028603A5376515A8A900853736
:10F680009002E6389137C8D002E638C402D0F5E4DB
:10F6900038D0F120978AC92CF0034C968B4C2F91CF
:10F6A000000BDE20737061636500E62AD00AE62B4A
:10F6B000D006E62CD002E62D60A23F200DBEA200AF
:10F6C000A0004640663F900B1898652AA88A652BD3
:10F6D000AAB00F062A262BA53F0540D0E5842A862E
:10F6E0002B604C279120EB92A52A85068504A52B3B
:10F6F000850785054C9B8B20EB92A52A850085020A
:10F70000A52B85018503202FBDF00720EB92A52BAB
:10F7100085184C9B8B2057982020BDF0F520DF9753
:10F72000B00BC9EEF019C987F01E20218820579828
:10F73000A52A8521A52B8522A9FF85204C9B8BE638
:10F740000A205798A9FFD0EEE60A205798A900F0A2
:10F75000E920EB92A22AA000842EA90220F1FF4CFE
:10F760009B8B20AE8A20299B4CF09220ECADF00FB1
:10F77000300A60200798A527F00510F64CE4A34C4A
:10F780000E8C20ECADF0F830E94CBEA2A50B85192B
:10F79000A50C851AA50A851BA9F22097B1205298BD
:10F7A0004C9B8BA003A900912AF01EBAE0FCB04349
:10F7B000208295F026200DB3A42C30E72094BDA91B
:10F7C0000020D8AE852720B4B4BAFE0601A41B845D
:10F7D0000A20978AC92CF0D34C968B4C988BBAE0B0
:10F7E000FCB00AADFF01C9F2D0034C5798000D4E92
:10F7F0006F20F2000C4E6F7420EA00194261642001
:10F80000EB00202188A52A4820DA92205298A912DC
:10F8100020EEFF4CDA93A911482021882057984CFC
:10F82000DA93A9164820218820579820E7BEE0FFE8
:10F83000D02DC0FFD029A504C506D0BEA505C5079B
:10F84000D0B8A62AA98520F4FFE40298E50390AA7F
:10F85000E41298E51390A3860686048407840520A5
:10F8600028BC6820EEFF2056944C9B8BA904D00244
:10F87000A90548201D9B4CFD93202188A52A4820DE
:10F88000AE8A20299B20EE922094BD20DA9220524D
:10F8900098A91920EEFF6820EEFF200BBEA53720A7
:10F8A000EEFFA53820EEFF205694A52B20EEFF4C4E
:10F8B0009B8BA52B20EEFF20978AC93AF01DC90D1E
:10F8C000F019C98BF015C60A20218820569420977C
:10F8D0008AC92CF0E2C93BD0E1F0D74C968BA52A1F
:10F8E0006C0E02A001B137A0F6C9F2F00AA0F8D060
:10F8F00006A001B1370AA8B90004853AB901048508
:10F900003BA53BF035A000B13A853CC8B13A853DF6
:10F91000C8B13AD00D88C439D021C8B012C8B13AA4
:10F92000F019D137D015C439D0F3C8B13AD00C98FA
:10F93000653A852AA53B6900852B60A53DF0FBA0B3
:10F9400000B13C853AC8B13C853BC8B13CD00D887C
:10F95000C439D0ADC8B012C8B13CF0A5D137D0A1E0
:10F96000C439D0F3C8B13CD09898653C852AA53DF0
:10F970006900852B60A001B137AAA9F6E0F2F00971
:10F98000A9F8D005A001B1370A853AA904853BB191
:10F990003AF00BAA88B13A853A863BC810F1A50324
:10F9A000913AA50288913A98C89102C439F031C8B9
:10F9B000B1379102C439D0F760A900C89102CAD00A
:10F9C000FA389865029002E603A403C405900FD0AC
:10F9D00004C5049009A900A001913A4CB78C850296
:10F9E00060A001B137C9309018C940B00CC93AB015
:10F9F00010C001F00CE8C8D0EAC95FB005C95B903F
:10FA0000F460C97B90EF6020319520C995D01DB07E
:10FA10001B20FC94A205E42CD0EDE8D0EAC921F02B
:10FA20000CC924F013493FF006A9003860A9044826
:10FA3000E61B20E3924C9F96E61B20E392A52BF059
:10FA400006A980852C38600008242072616E6765E5
:10FA500000A50B8519A50C851AA40A88C8841BB1BA
:10FA600019C920F0F7C94090B4C95BB01A0A0A85D9
:10FA70002AA904852BC8B119C8C925D00AA20486B1
:10FA80002CB119C928D066A205862CA51B186519AA
:10FA9000A61A9002E818E9008537B001CA8638A690
:10FAA0001BA001B137C941B00CC930901CC93AB094
:10FAB00018E8C8D0EEC95BB004E8C8D0E6C95F90CA
:10FAC00008C97BB004E8C8D0DA88F02FC924F067F1
:10FAD000C925D008C62CC8E8C8B137888439C928D8
:10FAE000F04C206994F018861BA41BB119C921F0B1
:10FAF00016C93FF00E18841BA9FF60A9003860A941
:10FB0000001860A900F002A90448C8841B202CB387
:10FB100020F092A52B48A52A4820E3921868652A70
:10FB2000852A68652B852B68852C18A9FF60E8E677
:10FB30003920DF964C6196E8C88439C8C62CB137A5
:10FB4000C928F00D206994F0B6861BA981852C3850
:10FB500060E88439C62C20DF96A981852C386000A6
:10FB60000E417272617900206994F0F3861BA52C16
:10FB700048A52A48A52B48A000B12AC90490759829
:10FB800020D8AEA901852D2094BD20DD92E61BE092
:10FB90002CD0CCA239200DBEA43C688538688537AE
:10FBA00048A5384820BA97842DB137853FC8B1376A
:10FBB0008540A52A6539852AA52B653A852B2036EF
:10FBC00092A00038B137E52DC903B0BB2094BD2009
:10FBD00056AE20F092688538688537A239200DBE70
:10FBE000A43C20BA9718A539652A852AA53A652B21
:10FBF000852B90112056AE20F092688538688537A5
:10FC0000A00120BA9768852CC905D017A62BA52A74
:10FC1000062A262B062A262B652A852A8A652B8505
:10FC20002B9008062A262B062A262B98652A852A39
:10FC30009003E62B18A537652A852AA538652B85FC
:10FC40002B60A52B29C0052C052DD00DA52AD13759
:10FC5000C8A52BF137B002C860000F5375627363FB
:10FC60007269707400E60AA40AB10BC920F0F6C9E3
:10FC70008DD01AC8B10B0A0AAA29C0C8510B852A0F
:10FC80008A0A0AC8510B852BC8840A38601860A5F7
:10FC90000B8519A50C851AA50A851BA41BE61BB1AB
:10FCA00019C920F0F6C93DF02800044D697374614C
:10FCB0006B65001053796E746178206572726F7293
:10FCC000001145736361706500208C8AC93DD0D9ED
:10FCD0006020299B8AA41B4C6198A41B4C5998A4B2
:10FCE0000A88C8B10BC920F0F9C93AF008C90DF06B
:10FCF00004C98BD0BD1898650B850B9002E60CA04B
:10FD000001840A24FF30B96020579888B10BC93AA2
:10FD1000F0F5A50CC907F02CC8B10B3027A520F0D1
:10FD2000139848C8B10B4888B10BA86820EAAE20E8
:10FD3000059968A8C83898650B850B9002E60CA059
:10FD400001840A604CF68A4C0E8C201D9BF0F81042
:10FD50000320E4A3A41B840AA52A052B052C052D4A
:10FD6000F017E08CF0034CA38BE60A20DF9790F6A7
:10FD700020AFB92077984CD2B8A40AB10BC90DF0C6
:10FD800009C8C98BD0F5840AF0E14C878BA52AC538
:10FD900021A52BE522B0ACA95B2058B5201F99A95D
:10FDA0005D2058B54C65B5A900F002A9058514A2DF
:10FDB00004A900953F38A52AFD6B99A8A52BFDB98C
:10FDC000999008852B842AF63FD0EBCA10E3A20550
:10FDD000CAF004B53FF0F98637A514F00BE537F00B
:10FDE00007A82065B588D0FAB53F09302058B5CAB4
:10FDF00010F660010A64E810A000843DA518853E55
:10FE0000A001B13DC52BB00EA003B13D653D853DC0
:10FE100090EEE63EB0EAD014A002B13DC52A90E8CB
:10FE2000D00A98653D853D9003E63E18A00260002B
:10FE3000124469766973696F6E206279207A6572FF
:10FE40006F0000000327A820F092A52D482071AD77
:10FE5000201D9E8627A820F092688538452D85377D
:10FE60002071ADA239200DBE843D843E843F844084
:10FE7000A52D052A052B052CF0B5A02088F04106FC
:10FE800039263A263B263C10F32639263A263B26CD
:10FE90003C263D263E263F264038A53DE52A48A57E
:10FEA0003EE52B48A53FE52CAAA540E52D900C8505
:10FEB00040863F68853E68853DB002686888D0C945
:10FEC00060862720EABD2051BD20BEA2201EA220B0
:10FED0007EBD20B5A34C629A2051BD20429C86274E
:10FEE000A820FD92207EBD204EA3A627A000A53B02
:10FEF0002980853BA52E2980C53BD01EA53DC53058
:10FF0000D019A53EC531D013A53FC532D00DA540AF
:10FF1000C533D007A541C534D001606A453B2AA945
:10FF200001604C0E8C8AF04730AE2094BD20429C7C
:10FF3000A8F0EF308CA52D4980852D38A000B104A4
:10FF4000E52A852AC8B104E52B852BC8B104E52C28
:10FF5000852CC8B104A0004980E52D052A052B0594
:10FF60002C0818A904650485049002E60528602081
:10FF7000B2BD20429CA8D0AA8637A636A000B10404
:10FF80008539C536B001AA863AA000C43AF00AC83D
:10FF9000B104D9FF05F0F4D004A539C5360820DC3A
:10FFA000BDA6372860A50B8519A50C851AA50A855D
:10FFB0001B20729BE084F00AE082F021C61BA8851A
:10FFC0002760206B9BA820F092A003B104192A009F
:10FFD000992A008810F520FFBDA940D0D7206B9B3F
:10FFE000A820F092A003B104592A00992A00881091
:10FFF000F530E3A820F0922094BD209C9BE080F097
:02000004100CDE
:100000000160A820F0922094BD209C9BA820F09233
:10001000A003B104392A00992A008810F520FFBDF9
:10002000A940D0D920429CE03FB004E03CB0016040
:10003000F016E03EF03AAA209E9AD00188842A84E5
:100040002B842C842DA94060AAA41BB119C93DF0B2
:100050000BC93EF012209D9A90E2B0E1E61B209D74
:100060009AF0D990D7B0D6E61B209D9AD0CEF0CD8D
:10007000AAA41BB119C93DF009209D9AF0BFB0BCDC
:1000800090BBE61B209D9AB0B390B20013537472DC
:10009000696E6720746F6F206C6F6E670020B2BD51
:1000A00020209EA8D06A188637A000B1046536B01B
:1000B000DAAA48A436B9FF059DFF05CA88D0F62004
:1000C000CBBD688536A63798F00320D19DE02BF094
:1000D00005E02DF06860A8F0C4303820CE9DA8F06F
:1000E0002F304CA00018B104652A852AC8B10465D8
:1000F0002B852BC8B104652C852CC8B104652D85D2
:100100002D18A50469048504A94090C1E605B0BD79
:100110004C0E8C2051BD20D19DA8F0F486273003D1
:1001200020BEA2207EBD2000A5A627A9FFD09E86C6
:100130002720EABD2051BD20BEA24C9B9CA8F0D038
:10014000302720CE9DA8F0C8303838A000B104E593
:100150002A852AC8B104E52B852BC8B104E52C8576
:100160002CC8B104E52D4C779C2051BD20D19DA811
:10017000F09E8627300320BEA2207EBD20FDA44C29
:10018000A19C862720EABD2051BD20BEA2207EBDB5
:1001900020D0A44CA19C20BEA220EABD2051BD20AD
:1001A000BEA24C2C9D20BEA22051BD20209E8627A1
:1001B000A820FD92207EBD2056A6A9FFA6274CD4DC
:1001C0009D4C0E8CA8F0FA30DFA52DC52CD0D6A8FA
:1001D000F004C9FFD0CF452B30CB201D9E8627A829
:1001E000F0DF30B5A52DC52CD0ACA8F004C9FFD0E8
:1001F000A5452B30A1A52D482071ADA2392044BEC4
:1002000020EABD68452D85372071ADA000A200848D
:100210003F8440463A663990151898652AA88A6541
:100220002BAAA53F652C853FA540652D8540062A54
:10023000262B262C262DA539053AD0D7843D863E7F
:10024000A53708A23D2056AF2810032093ADA6275E
:100250004CD49D4C3C9D2094BD20209EE02AF0F380
:10026000E02FF009E083F021E081F02660A820FD76
:10027000922051BD20209E8627A820FD92207EBD81
:1002800020ADA6A627A9FFD0D320BE99A538084C3B
:10029000BB9D20BE992639263A263B263C243708AA
:1002A000A2394CBD9D2094BD20ECAD48A41BE61B9B
:1002B000B119C920F0F6AA68E05EF00160A820FD3F
:1002C000922051BD20FA92A530C987B0432086A460
:1002D000D00F207EBD20B5A3A54A2012ABA9FFD028
:1002E000CA2081A3A504854BA505854C20B5A3A5EF
:1002F0004A2012AB207DA3207EBD20B5A32001A8FB
:1003000020D1AA2094AA20EDA72056A6A9FFD09B11
:100310002081A32099A6D0DC98100320E4A3A2009A
:10032000A000B92A0048290F953F684A4A4A4AE87E
:10033000953FE8C8C004D0EACAF004B53FF0F9B56B
:100340003FC90A9002690669302066A0CA10F060B1
:100350001007A92D852E2066A0A530C981B04E209A
:10036000F4A1C6494CD19EAE0204E0039002A20063
:100370008637AD0104F006C90AB0069006E002F027
:1003800002A90A8538854EA900853685492415308D
:100390008798300320BEA220DAA1D0B4A537D005BB
:1003A000A9304C66A04C9C9F2099A6D00FC9849080
:1003B00010D006A531C9A09008204DA2E6494CD125
:1003C0009EA53585272085A3A54E8538A637E00252
:1003D000D012654930528538C90B9008A90A853872
:1003E000A90085372086A6A9A08531A9838530A6D6
:1003F00038F006204DA2CAD0FA20F5A7204EA3A5BA
:10040000278542200BA5A530C984B00E663166321F
:10041000663366346635E630D0ECA531C9A0B088C5
:10042000A538D011C901F0462086A6A9008549A5A6
:100430004E8538E638A901C537F033A449300CC4DD
:1004400038B02BA9008549C898D023A537C902F038
:1004500006A901C0FFD017A9302066A0A92E2066EA
:10046000A0A930E649F0052066A0D0F7A980854E06
:100470002040A0C64ED005A92E2066A0C638D0F0D8
:10048000A43788F01888F011A43688B90006C9305E
:10049000F0F8C92EF001C88436A549F02AA94520F4
:1004A00066A0A549100AA92D2066A038A900E54933
:1004B0002052A0A537F010A920A44930032066A03F
:1004C000E000D0034C66A060A5314A4A4A4A206445
:1004D000A0A531290F85314C97A1A2FF38E8E90A80
:1004E000B0FB690A488AF0032064A0680930863BA3
:1004F000A6369D0006A63BE6366018863520DAA1B2
:10050000A9FF60A20086318632863386348635861E
:10051000488649C92EF011C93AB0DFE92F30DB8592
:1005200035C8B119C92ED008A548D044E648D0F145
:10053000C945F035C93AB038E92F9034A631E018F2
:100540009008A648D0DBE649B0D7A648F002C649D5
:100550002097A16535853590C8E634D0C4E633D000
:10056000C0E632D0BCE631D0B82040A1654985490B
:10057000841BA5490548F02F20DAA1F026A9A885FB
:1005800030A900852F852E2003A3A549300BF0103C
:1005900020F4A1C649D0F9F007204DA2E649D0F9D0
:1005A000205CA638A9FF60A532852D29800531D0B1
:1005B000CCA535852AA534852BA533852CA94038B3
:1005C00060204BA149FF3860C8B119C92DF0F2C9AC
:1005D0002BD003C8B119C93AB022E92F901E854A21
:1005E000C8B119C93AB011E92F900DC88543A54A81
:1005F0000A0A654A0A654360A54A1860A90018609E
:10060000A53565428535A53465418534A5336540FA
:100610008533A532653F8532A531653E8531604819
:10062000A634A53148A53248A53348A5350A263455
:100630002633263226310A263426332632263165E1
:100640003585358A65348534686533853368653228
:10065000853268653106352634263326322A8531BF
:100660006860A5310532053305340535F007A52E40
:10067000D009A90160852E8530852F6018A53069C5
:100680000385309002E62F201EA22042A22042A223
:100690002078A1901066316632663366346635E69E
:1006A00030D002E62F60A52E853BA52F853CA530D6
:1006B000853DA531853EA532853FA5338540A534CE
:1006C0008541A535854260201EA2463E663F6640B4
:1006D000664166426038A530E9048530B002C62F15
:1006E000203FA22008A2203FA22042A22042A22016
:1006F00042A22008A2A900853EA531853FA53285EA
:1007000040A5338541A5348542A5352A2008A2A9F4
:1007100000853E853FA5318540A5328541A53385BD
:1007200042A5342A2008A2A5322AA531653585358F
:100730009013E634D00FE633D00BE632D007E63123
:10074000D0034C0BA260A2008635862FA52D100584
:100750002093ADA2FF862EA52A8534A52B8533A52F
:100760002C8532A52D8531A9A085304C03A3852E7B
:100770008530852F60482086A668F0F81007852E02
:10078000A90038E52E8531A9888530A53130E505E9
:1007900032053305340535F0D5A530A43130D5D038
:1007A00021A6328631A6338632A6348633A6358614
:1007B00034843538E9088530B0E1C62F90DDA431A6
:1007C00030B206352634263326322631E90085300C
:1007D000B0ECC62F90E8A004B14B854188B14B85A1
:1007E0004088B14B853F88B14B853B888442843C2F
:1007F000B14B853D053B053F05400541F004A53B58
:100800000980853E60A971D006A976D002A96C85C1
:100810004BA904854CA000A530914BC8A52E29807A
:10082000852EA531297F052E914BA532C8914BA568
:1008300033C8914BA534C8914B6020F5A7A004B1F3
:100840004B853488B14B853388B14B853288B14BA9
:10085000852E88B14B85308435842F052E053205D1
:10086000330534F004A52E098085316020FEA3A550
:1008700031852DA532852CA533852BA534852A609D
:10088000201EA24C86A6A53010F62053A420DAA183
:10089000D032F05CA530C9A0B054C999B02669081F
:1008A0008530A5408541A53F8540A53E853FA534BF
:1008B000853EA5338534A5328533A5318532A9001F
:1008C0008531F0D04631663266336634663E663F27
:1008D00066406641E630D0BC4C6CA6A900853B85DD
:1008E0003C853D853E853F85408541854260D0E819
:1008F000A52E101938A900E5348534A900E5338503
:1009000033A900E5328532A900E531853160A53093
:100910003007A900854A4CDAA120FEA3A534854AF8
:1009200020E8A4A9808530A6311010452E852E1010
:1009300005E64A4CB0A4C64A206CA44C03A3E63496
:10094000D00CE633D008E632D004E631F08A6020DD
:100950006CA420B6A44C6CA420FDA44C7EAD204E0B
:10096000A3208DA3A53B852EA53C852FA53D8530D5
:10097000A53E8531A53F8532A5408533A541853407
:10098000A542853560207EAD204EA3F0F7200BA553
:100990004C5CA620DAA1F0CCA00038A530E53DF0F3
:1009A000779037C925B0DD482938F0194A4A4AAA54
:1009B000A5418542A5408541A53F8540A53E853F8F
:1009C000843ECAD0EB682907F04EAA463E663F66D1
:1009D0004066416642CAD0F3F03E38A53DE530C9D5
:1009E00025B081482938F0194A4A4AAAA5348535E4
:1009F000A5338534A5328533A53185328431CAD0FB
:100A0000EB682907F00EAA46316632663366346613
:100A100035CAD0F3A53D8530A52E453B1049A531FB
:100A2000C53ED01BA532C53FD015A533C540D00F5C
:100A3000A534C541D009A535C542D0034C86A6B022
:100A40002A38A542E5358535A541E5348534A540EC
:100A5000E5338533A53FE5328532A53EE531853165
:100A6000A53B852E4C03A3184C08A238A535E542BA
:100A70008535A534E5418534A533E5408533A53278
:100A8000E53F8532A531E53E85314C03A36020DA90
:100A9000A1F0FA204EA3D0034C86A618A530653DE0
:100AA0009003E62F18E97F8530B002C62FA205A07B
:100AB00000B53095429430CAD0F7A52E453B852E1F
:100AC000A020463E663F6640664166420646264591
:100AD000264426439004182078A188D0E56020069B
:100AE000A62003A3A535C980901AF012A9FF20A45F
:100AF000A24C7CA60014546F6F2062696700A53475
:100B000009018534A9008535A52FF01410E6A90048
:100B1000852E852F85308531853285338534853521
:100B2000602086A6A0808431C8843098602085A388
:100B30002099A6D03A20DAA1F009201EA220B5A360
:100B4000D037604CA79920FA9220D3A9A54A482013
:100B5000E9A7208DA3E64A209EA920E9A720D6A4D4
:100B600068854A209EA920E9A720E7A6A9FF602062
:100B7000DAA1F0AC204EA3F0CAA52E453B852E3855
:100B8000A530E53DB003C62F38698085309003E677
:100B90002F18A220B018A531C53ED010A532C53FF0
:100BA000D00AA533C540D004A534C5419019A53459
:100BB000E5418534A533E5408533A532E53F8532EF
:100BC000A531E53E8531382646264526442643068E
:100BD00034263326322631CAD0BAA207B018A5313E
:100BE000C53ED010A532C53FD00AA533C540D004BC
:100BF000A534C5419019A534E5418534A533E540B8
:100C00008533A532E53F8532A531E53E853138266D
:100C1000350634263326322631CAD0C00635A546DD
:100C20008534A5458533A5448532A54385314C5986
:100C3000A600152D766520726F6F740020FA922041
:100C4000DAA1F02A30EB2085A3A5304A694085302F
:100C5000A905854A20EDA7208DA3A96C854B20AD61
:100C6000A6A971854B2000A5C630C64AD0E9A9FFC8
:100C700060A97BD00AA971D006A976D002A96C859B
:100C80004BA904854C6020FA9220DAA1F002100CE6
:100C900000164C6F672072616E6765002053A4A038
:100CA00080843B843EC8843DA630F006A531C9B59A
:100CB0009002E8888A4884302005A5A97B2087A374
:100CC000A973A0A82097A820E9A72056A62056A679
:100CD0002000A52085A36838E98120EDA2A96E85B2
:100CE0004BA9A8854C2056A620F5A72000A5A9FF52
:100CF000607F5E5BD8AA80317217F8067A1238A539
:100D00000B88790E9FF37C2AAC3FB5863401A27A1A
:100D10007F638E37EC823FFFFFC17FFFFFFFFF85C0
:100D20004D844E2085A3A000B14D8548E64DD002EC
:100D3000E64EA54D854BA54E854C20B5A320F5A7C5
:100D400020ADA618A54D6905854D854BA54E6900BA
:100D5000854E854C2000A5C648D0E26020DAA84C1C
:100D600027A920FA9220DAA11008462E20EAA84CE2
:100D700016A92081A320B1A920DAA1F00920F1A7AA
:100D800020ADA64C0AA92055AA20B5A3A9FF602032
:100D9000FA9220DAA1F0F5100A462E201BA9A980AC
:100DA000852E60A530C981901520A5A62036A920E2
:100DB00048AA2000A5204CAA2000A54C7EADA53055
:100DC000C97390C82081A32053A4A980853D853E86
:100DD000853B2005A5A95AA0A92097A820D1AAA99A
:100DE000FF600985A359E867801C9D07368057BBC3
:100DF00078DF80CA9A0E83848CBBCA6E8195960672
:100E0000DE810AC76C527F7DAD90A182FB62572FB5
:100E1000806D63382C20FA9220D3A9E64A4C9EA913
:100E200020FA9220D3A9A54A2902F00620AAA94CAB
:100E30007EAD464A901520C3A92085A32056A62042
:100E40008DA32099A620D0A44CB7A72081A320561B
:100E5000A6A972A0AA2097A84CD1AAA530C998B07B
:100E60005F2085A32055AA204EA3A52E853BC63D15
:100E70002005A520E7A620FEA3A534854A05330555
:100E8000320531F038A9A08530A0008435A5318520
:100E90002E1003206CA42003A3207DA32048AA20A9
:100EA00056A620F5A72000A5208DA320EDA720B5EC
:100EB000A3204CAA2056A620F5A74C00A54CB2A30F
:100EC00000174163637572616379206C6F737400FE
:100ED000A959D002A95E854BA9AA854C60A963D007
:100EE000F581C91000006F15777A6181490FDAA288
:100EF0007B0EFA351286652EE0D305848AEA0C1B38
:100F0000841ABEBB2B84374555AB82D555577C839D
:100F1000C0000005810000000020FA92A530C987BA
:100F2000901ED006A431C0B39016A52E10062086C0
:100F3000A6A9FF6000184578702072616E67650091
:100F40002086A420DAAA2081A3A9E4854BA9AA853A
:100F50004C20B5A3A54A2012AB20F1A72056A6A984
:100F6000FF60A9E9A0AA2097A8A9FF60822DF854E4
:100F7000580783E020865B82805393B88320000665
:100F8000A1820000216382C0000002828000000C68
:100F900081000000008100000000AA1009CA8A49EF
:100FA000FF4820A5A668482085A32099A668F00AD6
:100FB00038E901482056A64C25AB6020E392A62ACA
:100FC000A98020F4FF8A4CEAAE20DD922094BD2057
:100FD000AE8A2056AE20F092A52A48A52B4820EADA
:100FE000BD68852D68852CA22AA90920F1FFA52EB0
:100FF00030334CD8AEA98620F4FF8A4CD8AEA986EF
:1010000020F4FF984CD8AE20DAA1F01E101A30154B
:1010100020ECADF05930F0A52D052C052B052AF05C
:101020000CA52D10034CC4ACA9014CD8AEA940604E
:1010300020FEA7A069A9A8D00720FA92A068A9AAB3
:10104000844B854C2056A6A9FF6020FA92A06DA97A
:10105000AAD0ED20FEA8E630A86020E392201E8FE3
:10106000852A862B842C0868852DD8A940604C0ED3
:101070008C20ECADD0F8E636A436A90D99FF0520FA
:10108000B2BDA51948A51A48A51B48A404A605C8C1
:1010900084198437D001E8861A8638A0FF843BC8BB
:1010A000841B20558920299B20DCBD68851B688511
:1010B0001A688519A5276020ECADD067A436A90071
:1010C000990006A51948A51A48A51B48A900851B23
:1010D000A9008519A906851A208C8AC92DF00FC987
:1010E0002BD003208C8AC61B207BA04C73AC208C99
:1010F0008AC61B207BA09003208FAD85274C23AC94
:1011000020ECADF01E101BA52E0820FEA328100D0C
:10111000A53E053F05400541F00320C7A420E7A3F5
:10112000A940604C0E8C20ECADD0F8A536F01DAD7A
:1011300000064CD8AE20ADAFC000D0108A4CEAAE4D
:1011400020B5BFAAA97F20F4FF8AF0E6A9FF852A6F
:10115000852B852C852DA9406020E392A203B52A1A
:1011600049FF952ACA10F7A9406020299BD0B4E016
:101170002CD018E61B20B2BD20299BD0A6A9018542
:101180002AE61BE029F013E02CF0034CA28A20B2DF
:10119000BD2056AE20F09220CBBDA000A62AD002E2
:1011A000A201862A8ACA862D1865048537986505A6
:1011B0008538B10438E52D9021E536901D6900850C
:1011C0002B20DCBDA000A636F00BB137D90006D02D
:1011D00010C8CAD0F5A52A4CD8AE20DCBDA900F0B5
:1011E000F6E62AC62BF0F6E637D0D9E638D0D54C4D
:1011F0000E8C20ECADF0F83006242D301E1033207C
:10120000DAA1100D300520DAA1F006A52E4980855F
:101210002EA9FF602002AEF0D630EB38A900A8E579
:101220002A852A98E52B852B98E52C852C98E52D89
:10123000852DA94060208C8AC922F015A200B11921
:101240009D0006C8E8C90DF004C92CD0F1884CE116
:10125000ADA200C8B119C90DF017C89D0006E8C9B4
:1012600022D0F1B119C922F0EACA8636841BA9003E
:10127000604C988EA41BE61BB119C920F0F6C92D4D
:10128000F092C922F0CBC92BD003208C8AC98E9052
:1012900007C9C6B0364CB18BC93FB00CC92EB012CD
:1012A000C926F051C928F036C61B20DD95F0094C3F
:1012B0002CB3207BA0901460A5282902D00DB00B80
:1012C000861BAD4004AC41044CEAAE001A4E6F20C0
:1012D00073756368207661726961626C65002029AC
:1012E0009BE61BE029D002A860001B4D697373695F
:1012F0006E67202900A200862A862B862C862DA4C4
:101300001BB119C9309023C93A900AE937C90A902C
:1013100019C910B0150A0A0A0AA2030A262A262B9E
:10132000262C262DCA10F4C8D0D78A1005841BA9F4
:101330004060001C4261642048455800A22AA00079
:10134000A90120F1FFA94060A900A4184CEAAE4C05
:1013500043AEA900F00A4C0E8C20ECADD0F8A536B7
:10136000A000F00EA41BB119C950D0E3E61BA512D2
:10137000A413852A842BA900852C852DA94060A55E
:101380001E4CD8AEA500A4014CEAAEA506A4074C9D
:10139000EAAEE61B2056AE20F092A52D3029052C92
:1013A000052BD008A52AF04CC901F04520BEA2208B
:1013B00051BD2069AF207EBD2006A62003A320E4F6
:1013C000A3202292A94060A20D2044BEA94085110D
:1013D00060A41BB119C928F0B92087AFA20DB500D0
:1013E000852AB501852BB502852CB503852DA9402D
:1013F000602087AFA200862E862F8635A980853093
:10140000B50D9531E8E004D0F72059A6A9FF60A0FA
:1014100020A50F4A4A4A45116A260D260E260F2698
:1014200010261188D0EB60A409A5084CEAAEA000F4
:10143000B1FD4CEAAE20E392A981A62AA42B4CF47C
:10144000FF20E0FF4CD8AE20E0FF8D0006A901850B
:1014500036A9006020299BD062E02CD061E61B20D9
:10146000B2BD2056AE20F09220CBBDA52AC536B025
:10147000028536A9006020299BD040E02CD03FE6B1
:101480001B20B2BD2056AE20F09220CBBDA5363831
:10149000E52A9017F017AAA52A8536F010A000BDFE
:1014A0000006990006E8C8C62AD0F4A9006020AD5D
:1014B000AF8AC000F094A9008536604C0E8C4CA217
:1014C0008A20299BD0F5E02CD0F420B2BDE61B2069
:1014D000DD92A52A48A9FF852AE61BE029F00AE04B
:1014E0002CD0DB2056AE20F09220CBBD68A818F09F
:1014F00006E536B0C18898852CAAA000A53638E547
:101500002CC52AB002852AA52AF0ABBD0006990099
:1015100006C8E8C42AD0F48436A90060208C8AA0CA
:10152000FFC97EF004A000C61B984820ECADF01760
:10153000A8688515AD0304D008853720F99EA90059
:101540006020DF9EA900604C0E8C20DD922094BDAF
:1015500020AE8A2056AED0EF20EABDA436F01EA5FC
:101560002AF01DC62AF016A200BD0006990006E862
:10157000C8F010E43690F2C62AD0EC8436A9006098
:101580008536604C039C68850C68850B001D4E6F8A
:10159000207375636820A42FF200A518850CA9009C
:1015A000850BA001B10B30DEA003C8B10BC920F040
:1015B000F9C9DDF00FA003B10B18650B850B90E2A4
:1015C000E60CB0DEC8840A20978A98AA18650BA496
:1015D0000C9002C818E900853C98E900853DA00000
:1015E000C8E8B13CD137D0CDC439D0F4C8B13C2023
:1015F0002689B0C18AA8206D9820ED94A2012031DF
:1016000095A000A50B9102C8A50C91022039954C1C
:10161000F4B1001E4261642063616C6C00A9A48572
:1016200027BA8A186504202EBEA0008A9104E8C853
:10163000BD00019104E0FFD0F59AA52748A50A480E
:10164000A50B48A50C48A51BAA186519A41A900259
:10165000C818E901853798E9008538A002205B9514
:10166000C002F0AE861B888439205B94D0034C12F4
:10167000B1A000B12A850BC8B12A850CA900488504
:101680000A20978AC928F04DC60AA51B48A5194803
:10169000A51A4820A38B68851A68851968851B6878
:1016A000F00C853F200BBE20C18CC63FD0F668856C
:1016B0000C68850B68850A68A000B104AA9AC8E87E
:1016C000B1049D0001E0FFD0F59865048504900207
:1016D000E605A52760A51B48A51948A51A4820823C
:1016E00095F05AA51B850A68851A68851968851BB7
:1016F00068AAA52C48A52B48A52A48E88A48200DA9
:10170000B320978AC92CF0CDC929D031A90048202F
:101710008C8AC928D02720299B2090BDA527852DFC
:101720002094BD68AAE88A48208C8AC92CF0E7C9B1
:1017300029D00A6868854D854EE44DF015A2FB9AC4
:1017400068850C68850B001F417267756D656E7446
:10175000730020EABD68852A68852B68852C3021B6
:10176000A52DF0D98527A2372044BEA52710092032
:101770007EBD20B5A34CF3B220EABD20B7B44C0324
:10178000B3A52DD0B820CBBD20218CC64DD0C3A58C
:101790004E484C02B2A42CC004D005A2372044BE4F
:1017A000202CB3082090BD28F0073005A237205622
:1017B000AF4C94BDA42C3054F01DC005F01EA00306
:1017C000B12A852D88B12A852C88B12AAA88B12A08
:1017D000852A862BA94060B12A4CEAAE88B12A85B9
:1017E0003488B12A853388B12A853288B12A852E7A
:1017F00088B12A85308435842F052E0532053305BE
:1018000034F004A52E09808531A9FF60C080F01F47
:10181000A003B12A8536F016A001B12A853888B117
:101820002A8537A43688B13799000698D0F760A585
:101830002BF015A000B12A990006490DF004C8D07C
:10184000F49884366020E392A52A4CC2AFA00084AD
:10185000088409A61886388437A60CE007F02AA663
:101860000B204289C90DD019E437A50CE538901931
:1018700020428909003012850920428985082042CA
:1018800089E437A50CE538B0D86020C5B38420B111
:10189000FDD008A9338516A9B48517A516850BA513
:1018A00017850C203ABDAA860AA9DA20F4FFA97E82
:1018B00020F4FFA2FF86289A4CA38BF63AE79EF10C
:1018C00022206174206C696E6520223B9E3AE08B79
:1018D000F13AE00D202188A203A52A48A52B488AC9
:1018E0004820DA9268AACAD0F0205298A52A853DED
:1018F000A52B853EA007A205D01D202188A20DA5FD
:101900002A488A4820DA9268AACAD0F3205298A5B9
:101910002A8544A20CA008689537CA10FA98A23705
:10192000A00020F1FF4C9B8B202188205298A42AF4
:101930008884234C9B8B4C0E8C20299B200BBEA5AE
:1019400039C905F023A527F0ED100320E4A3A0007A
:10195000A52A9137A539F00FA52BC89137A52CC81A
:101960009137A52DC8913760A527F0CA300320BE56
:10197000A2A000A5309137C8A52E2980852EA531BB
:10198000297F052E9137C8A5329137C8A5339137E5
:10199000C8A5349137608537C9809044A9718538CE
:1019A000A9808539843AA000C8B13810FBC537F04A
:1019B0000DC898386538853890ECE639B0E8A00055
:1019C000B13830062058B5C8D0F6A43A60484A4A23
:1019D0004A4A2050B568290FC90A90026906693041
:1019E000C90DD00B20EEFF4C28BC2045B5A92048DE
:1019F000A523C51EB0032025BC68E61E6C0E02257B
:101A00001FF00E8AF00B30E52065B52058B5CAD01E
:101A1000F760E60A201D9B204C9820EE92A52A85AF
:101A20001F4CF68AC8B10BC94FF0E7A900853B856A
:101A30003C20D8AE20DF97082094BDA9FF852AA9B5
:101A40007F852B28901120978AC92CF01320EABD9E
:101A50002094BDC60A100C20978AC92CF002C60A31
:101A600020DF97A52A8531A52B8532205798206F36
:101A7000BE20EABD207099A53D850BA53E850C9042
:101A80001688B0062025BC206D98B10B852BC8B1F7
:101A90000B852AC8C8840AA52A18E531A52BE5328A
:101AA00090034CF68A202399A2FF864DA901207746
:101AB000B5A63BA9022077B5A63CA9042077B5A41A
:101AC0000AB10BC90DF0BDC922D00EA9FF454D8545
:101AD0004DA9222058B5C8D0E8244D10F6C98DD0A4
:101AE0000F20EB97840AA9008514201F994C37B664
:101AF000C9E3D002E63BC9EDD006A63BF002C63BE7
:101B0000C9F5D002E63CC9FDD006A63CF002C63CB1
:101B1000200EB5C8D0AB00204E6F20E30020C99541
:101B2000D009A626F0F0B0374C2A98B0FBA626F0D4
:101B3000E5A52ADDF104D00EA52BDDF204D007A522
:101B40002CDDF304F0198A38E90FAA8626D0E200CA
:101B50002143616E2774204D6174636820E300BDEA
:101B6000F104852ABDF204852BBCF304C005F07E88
:101B7000A000B12A7DF404912A8537C8B12A7DF5E9
:101B800004912A8538C8B12A7DF604912A8539C87E
:101B9000B12A7DF704912AA8A53738FDF9048537C5
:101BA000A538FDFA048538A539FDFB04853998FD73
:101BB000FC04053705380539F00F985DF7045DFC26
:101BC000041004B0049012B010BCFE04BDFF0484E5
:101BD0000B850C2077984CA38BA52638E90F85261A
:101BE000A41B840A20978AC92CD03E4C95B6205459
:101BF000B3A5261869F4854BA905854C2000A5A539
:101C00002A8537A52B853820E9B4A52685271869AC
:101C1000F9854BA905854C205F9AF0ADBDF50430E0
:101C200004B0A690B490A2B0B04C968B0022E320F2
:101C30007661726961626C650023546F6F206D611B
:101C40006E7920E37300244E6F20B800208295F057
:101C5000DBB0D92094BD20419820B1B4A426C09611
:101C6000B0D6A537990005A538990105A53999027F
:101C700005AA208C8AC9B8D0CCE005F05A20DD92A4
:101C8000A426A52A990805A52B990905A52C990A2A
:101C900005A52D990B05A90120D8AE208C8AC988ED
:101CA000D00520DD92A41B840AA426A52A99030549
:101CB000A52B990405A52C990505A52D99060520A8
:101CC0008098A426A50B990D05A50C990E051898CA
:101CD000690F85264CA38B20299B20FD92A52618F1
:101CE0006908854BA905854C208DA32099A6208CD9
:101CF0008AC988D00820299B20FD92A41B840AA5AC
:101D000026186903854BA905854C208DA34C37B84F
:101D1000209AB9205798A425C01AB00EA50B99CCCB
:101D200005A50C99E605E62590300025546F6F2037
:101D30006D616E7920E47300264E6F20E400205719
:101D400098A625F0F2C625BCCB05BDE505840B851C
:101D50000C4C9B8B209AB9205798A520F0032005A6
:101D600099A43DA53E840B850C4CA38B205798A9C4
:101D7000338516A9B485174C9B8B20978AC987F0A9
:101D8000EBA40A88206D98A50B8516A50C85174C29
:101D90007D8B0027EE2073796E7461780020978A1E
:101DA000C985F0D6C60A201D9B20F092A41BC884CA
:101DB0000AE0E5F004E0E4D0D98A48A52B052C051B
:101DC0002DD042A62AF03ECAF01AA40AB10BC8C907
:101DD0000DF032C93AF02EC98BF02AC92CD0EDCAC9
:101DE000D0EA840A209AB968C9E4F0062077984CB2
:101DF000D2B8A40AB10BC8C90DF004C93AD0F5880D
:101E0000840A4C8BB8A40A68B10BC8C98BF00EC900
:101E10000DD0F50028EE2072616E676500840A4CD3
:101E2000E39820DF97B010201D9B20F092A51B8522
:101E30000AA52B297F852B207099B0016000294EBF
:101E40006F2073756368206C696E65004C0E8C4C56
:101E50002A98840A4C988BC60A20A9BFA51B850A1C
:101E6000844D20978AC92CD0E9A54D48208295F051
:101E7000DEA51B850A68854D082094BDA44D20D79A
:101E8000FF852728901BA527D0C220D7FF8536AA1B
:101E9000F00920D7FF9DFF05CAD0F7201E8C4CDA31
:101EA000B9A527F0A7300CA20320D7FF952ACA10A6
:101EB000F8300EA20420D7FF9D6C04CA10F720B2A0
:101EC000A320B4B44CDAB968684C988B20978AC9BF
:101ED00023F084C986F003C60A18664D464DA9FF53
:101EE000854E208A8EB00A208A8E90FBA2FF864EF5
:101EF0001808064D28664DC92CF0E7C93BF0E3C62B
:101F00000AA54D48A54E48208295F0BB68854E68CD
:101F1000854DA51B850A08244D7006A54EC9FFD026
:101F200017244D1005A93F2058B520FCBB84360668
:101F30004D18664D244D701D851BA9008519A906F5
:101F4000851A20ADAD208C8AC92CF006C90DD0F5BC
:101F5000A0FEC8844E28B00C2094BD2034AC20B420
:101F6000B44C5ABAA900852720218C4C5ABAA0003B
:101F7000843DA418843E20978AC60AC93AF010C945
:101F80000DF00CC98BF008209AB9A0012055BE2095
:101F90005798A53D851CA53E851D4C9B8B20978A97
:101FA000C92CF0034C968B208295F0F1B00C205098
:101FB000BB2094BD20B1B44C40BB2050BB2094BD8D
:101FC00020ADAD8527201E8C18A51B6519851CA585
:101FD0001A6900851D4C15BBA51B850AA51C851912
:101FE000A51D851AA000841B208C8AC92CF049C924
:101FF000DCF045C90DF00B208C8AC92CF03AC90DD4
:10200000D0F5A41BB119301CC8C8B119AAC8B119A0
:10201000C920F0F9C9DCF01D8A186519851990E20C
:10202000E61AB0DE002A4F7574206F6620DC002BA4
:102030004E6F20F500C8841B60201D9B204C98200B
:10204000EE92A624F0E8A52A052B052C052DF00517
:10205000C6244C9B8BBCA305BDB7054CDDB8002C3A
:10206000546F6F206D616E7920F57300A624E01423
:10207000B0EC206D98A50B9DA405A50C9DB805E6B8
:10208000244CA38BA000A906D0072058B5A000A916
:102090000784378538A9EE8539A920853AA0FF84C1
:1020A0003BC8A2379820F1FF90064C389820E7FFF4
:1020B000A900851E60207099B04EA53DE9028537C4
:1020C000853D8512A53EE90085388513853EA00330
:1020D000B13718653785379002E638A000B13791DF
:1020E00012C90DF009C8D0F5E638E613D0EFC8D014
:1020F00004E638E613B137911230092081BC208103
:10210000BC4C5DBC2092BE1860C8D004E613E63813
:10211000B137911260843B202DBCA007843CA00005
:10212000A90DD13BF072C8D13BD0FBC8C8C8843FD1
:10213000E63FA5128539A513853A2092BE8537A5BD
:1021400013853888A506C512A507E513B010206FC2
:10215000BE2020BD00008620737061636500B13928
:10216000913798D004C63AC63888986539A63A900F
:1021700001E8C53D8AE53EB0E538A001A52B913DBB
:10218000C8A52A913DC8A53F913D2056BEA0FFC8D5
:10219000B13B913DC90DD0F7602057982020BDA5D7
:1021A00018850C860B4C0B8BA51285008502A51398
:1021B00085018503203ABDA280A9009D7F04CAD075
:1021C000FA60A518851DA5068504A5078505A90043
:1021D000852485268525851C60A50438E905202EE3
:1021E000BEA000A5309104C8A52E2980852EA5315A
:1021F000297F052E9104C8A5329104C8A533910406
:10220000C8A534910460A50418854B69058504A50B
:1022100005854C6900850560F02030BDA50438E9CE
:1022200004202EBEA003A52D910488A52C9104881E
:10223000A52B910488A52A91046018A504E53620F1
:102240002EBEA436F008B9FF05910488D0F8A53653
:10225000910460A000B1048536F009A8B10499FF8B
:102260000588D0F8A000B10438650485049023E601
:102270000560A003B104852D88B104852C88B104C4
:10228000852B88B104852A18A50469048504900269
:10229000E60560A237A003B104950388B104950256
:1022A00088B104950188B104950018A504690485D6
:1022B0000490DFE605608504B002C605A405C403EA
:1022C0009007D004C5029001604CB78CA52A9500F8
:1022D000A52B9501A52C9502A52D95036018986551
:1022E0003D853D9002E63EA0016020DDBEA8A9FF2D
:1022F000843DA23720DDFFA5188513A0008412C8F5
:1023000088B112C90DD01FC8B112300CA003B11290
:10231000F014182093BED0E8C81898651285129062
:1023200002E613A0016020CFBF0D426164207072ED
:102330006F6772616D0DEA4CF68AA9008537A906B0
:102340008538A436A90D9900066020D2BEA200A04F
:102350000620F7FF4C9B8B4C0E8C201D9BD0F82049
:10236000B2BE4C4C9820D2BE888439A518853AA9B3
:102370008220F4FF863B843CA90060206FBEA5123A
:102380008545A5138546A923853DA980853EA518C9
:10239000854220DDBE863F84408643844486478450
:1023A000488541A8A23720DDFF4C9B8B2062BE4CA4
:1023B000F38A2062BE4C14BD20A9BF482013982088
:1023C000EE9268A8A22AA90120DAFF4C9B8B38A9BB
:1023D000002A2A4820B5BFA22A6820DAFFA9406057
:1023E00020A9BF4820AE8A20499820EE9268A8A56F
:1023F0002A20D4FF4C9B8B20B5BF20D7FF4CD8AEF2
:10240000A940D006A980D002A9C04820ECADD00ECA
:1024100020BABEA200A0066820CEFF4CD8AE4C0E5B
:102420008C20A9BF205298A42AA90020CEFF4C9B43
:102430008BA50A851BA50B8519A50C851A208C8AEE
:10244000C923D00720E392A42A9860002D4D697318
:1024500073696E67202300688537688538A000F0AF
:102460000320E3FF204B8910F86C37002057982099
:1024700025BCA001B1FDF006200EB5C8D0F64C9BDE
:102480008B00526F676572000000000000000000C2
:1024900018181818180018006C6C6C000000000068
:1024A00036367F367F3636000C3F683E0B7E18008E
:1024B00060660C1830660600386C6C386D663B0040
:1024C0000C183000000000000C18303030180C00E0
:1024D00030180C0C0C18300000187E3C7E180000E0
:1024E0000018187E181800000000000000181830AE
:1024F0000000007E0000000000000000001818002E
:1025000000060C18306000003C666E7E76663C006B
:102510001838181818187E003C66060C18307E0013
:102520003C66061C06663C000C1C3C6C7E0C0C00D9
:102530007E607C0606663C001C30607C66663C0063
:102540007E060C18303030003C66663C66663C0007
:102550003C66663E060C380000001818001818008B
:1025600000001818001818300C18306030180C00D3
:1025700000007E007E00000030180C060C183000B1
:102580003C660C18180018003C666E6A6E603C00D1
:102590003C66667E666666007C66667C66667C0077
:1025A0003C66606060663C00786C6666666C7800CD
:1025B0007E60607C60607E007E60607C6060600049
:1025C0003C66606E66663C006666667E66666600B1
:1025D0007E18181818187E003E0C0C0C0C6C380075
:1025E000666C7870786C66006060606060607E0029
:1025F00063777F6B6B6363006666767E6E666600EC
:102600003C66666666663C007C66667C6060600070
:102610003C6666666A6C36007C66667C6C66660044
:102620003C66603C06663C007E18181818181800B6
:102630006666666666663C0066666666663C1800A8
:1026400063636B6B7F77630066663C183C6666006D
:102650006666663C181818007E060C1830607E000E
:102660007C60606060607C00006030180C060000D8
:102670003E06060606063E00183C664200000000C4
:1026800000000000000000FF1C36307C30307E006F
:1026900000003C063E663E0060607C6666667C002C
:1026A00000003C6660663C0006063E6666663E00CC
:1026B00000003C667E603C001C30307C30303000D6
:1026C00000003E66663E063C60607C6666666600AC
:1026D0001800381818183C00180038181818187006
:1026E0006060666C786C66003818181818183C0022
:1026F0000000367F6B6B630000007C6666666600D8
:1027000000003C6666663C0000007C66667C60609B
:1027100000003E66663E060700006C766060600062
:1027200000003E603C067C0030307C3030301C00C5
:102730000000666666663E0000006666663C18003D
:102740000000636B6B7F36000000663C183C66003F
:1027500000006666663E063C00007E0C18307E0077
:102760000C18187018180C001818180018181800F1
:102770003018180E18183000316B460000000000A9
:10278000FFFFFFFFFFFFFFFF4C1DCB0D4242432029
:10279000436F6D7075746572200031364B070033DE
:1027A000324B0700080D0D0011223344556677881F
:1027B00099AABBCCDDEEFF0055AAFF113B96A1AD57
:1027C000B9116FC564F05B59AF8DA6C0F9FD9239A0
:1027D0009BEBF1398CBD11FAA27987ACC52FC5C529
:1027E000C5C5C5E8C5C6C6C6C7C7C5C5C74F4E5BC4
:1027F000C8C55F57786BC9C53C7CC74ECA0000028C
:1028000080050007800A000C800F0011801400165C
:102810008019001B801E0020802300258028002AAC
:10282000802D002F8032003480370039803C003EFC
:102830008041004380460048804B004D80000000EE
:10284000280050007800A000C800F00118014001E5
:1028500068019001B801E0020802300258028002CB
:10286000A802D002F8032003480370039803C01F96
:102870001F1F181F1F18184F27134F271327279C98
:10288000D8F49C88C4884B0810200808100801AAB6
:1028900055884422118040201008040201030F01D2
:1028A00001030100FF0000FFFFFFFF0000FF000F1A
:1028B000F0FF00030C0F30333C3FC0C3CCCFF0F32C
:1028C000FCFF0703010007030000000102020304EC
:1028D0000006020D050D0504040C0C0402327A9268
:1028E000E65040282004304058607C284080B57570
:1028F000750B17232F3B7F506228260020220107EB
:1029000067087F5062281E02191B010967093F28CA
:10291000312426002022010767083F2831241E02A7
:10292000191B010967093F2833241E02191B931242
:10293000721386D37ED36A74424BD3D3D3D3235F2F
:102940006023040506000102AE6A02D04D24D05077
:102950000F2068C5206ACD3007C90DD0032018D9D3
:10296000C97FF011C920900F24D0300620B7CF20A6
:1029700064C64C5EC5A920A8B933C38D5D03B954A4
:10298000C3304AAA09F08D6A028A4A4A4A4A18693B
:10299000C38D5E0324D0701F18609D2402E88E6AE8
:1029A00002D01724D03015700520F5CC18602068AF
:1029B000C5206ACD20F5CC2065C51860AC5E03C08B
:1029C000C5D0F7AAA5D04A90D08A4C1EE18D5E03EF
:1029D00098C908900649FFC9F249FF24D030290858
:1029E00020F5CC289003A5D04A24D050AC207ACD35
:1029F0000848A218A06420DECD2006CF2002CAA578
:102A0000D0490285D06828604906D008A97F902067
:102A1000A5D0292060A0008C6902A904D00720A2BB
:102A2000E1A994499505D0D00920A2E1A90A49F469
:102A300025D085D060AD6103F0FA2051C9A9DFD05F
:102A4000EFAD6103F0EEA9202054C9D0D82088C58D
:102A5000D055CE1803AE1803EC08033019AD4A0365
:102A600038ED4F03AAAD4B03E900CD4E03B0036D23
:102A70005403A84CF6C9AD0A038D1803CE690210A1
:102A800003EE6902AE1903EC0B03F006CE19034CFA
:102A9000AFC618203FCDA90824D0D0052094C9D0B6
:102AA0000320A4CD4CACC6A20086DB200DD1A6DB52
:102AB00038BD2403E9089D2403B003DE2503A5DA0D
:102AC000D01E200DD1F019A6DBBD0403E001B00239
:102AD000E9069D2403BD0503E9009D25038AF0084E
:102AE0004CB8D12088C5F094A202D052A5D029209C
:102AF000D04AAE1803EC0A03B012EE1803AD4A0335
:102B00006D4F03AAAD4B0369004CF6C9AD08038DA8
:102B100018031820E3CAAE1903EC0903B005EE1937
:102B2000039014203FCDA90824D0D00520A4C9D0FB
:102B30000320FFCD20ACCE2006CF907EA20086DB06
:102B4000200DD1A6DB18BD240369089D2403900342
:102B5000FE2503A5DAD089200DD1F084A6DBBD00C7
:102B600003E001900269069D2403BD010369009DF5
:102B700025038AF0084CB8D12088C5F095A2024CF4
:102B800021C6AE5503AD2103CD23039053DDE7C32A
:102B9000F002B04CAD2203A8DDEFC3F002B0413823
:102BA000ED2003303BA82088CAA908209DC5A2209B
:102BB000A008208AD420E8CEB0474C02CAA003B1B6
:102BC000F09928038810F8A9282039D8A004D00843
:102BD0002D6003AABD6F03C891F0A900C004D0F70F
:102BE000602088C5D05FA5D02908D0034CC1CBAEEA
:102BF0000B038E190320ACCEAE1903EC0903E89049
:102C0000F12088C5F0034CA6CF8D23038D2203202D
:102C100088C5D0CC20A8C718AD22036D08038D1835
:102C200003AD2303186D0B038D190320E8CE908AA2
:102C3000A218A0284CDECD2088C5F0034CADCF20D3
:102C40006ECE4CAFC620A6CFAD6103F033AE5A03B3
:102C5000AC5C0320B3D0A200A028207CD438AD0601
:102C600003ED0203A8C88C3003A22CA02820A6D60E
:102C7000AD2E03D003CE2F03CE2E03CE3003D0E9EA
:102C800060A000F002A002AD23031001C82D600374
:102C900085DAAD6003F01C29071865DAAABD23C4E4
:102CA000995703C002B00DAD570349FF85D34D5866
:102CB0000385D260AD220399590360A9208D580382
:102CC00060A205A9009D5703CA10FAAE6003F0EB9D
:102CD000A9FFE00FD002A93F8D57038D590349FF8B
:102CE00085D285D38E1F03E003F01190208E200340
:102CF0002092C8CE2003CE1F0310F560A2078E20BD
:102D0000032092C84E2003CE1F0310F560A20720B7
:102D10008FC8A2008E1F038E20030878AD1F032DDD
:102D20006003AAAD2003290F9D6F03A8AD60038542
:102D3000FAC903088A6A66FAB0FB06FA9805FAAA85
:102D4000A0002808D00E2960F009C960F0058A4962
:102D500060D0018A2011EA98386D6003A88A691052
:102D6000AAC01090DD282860082D6003AAC8B1F021
:102D70004C9EC8AD23034C33CBAD1B03C9209047F9
:102D8000484A4A4A4A4AAABD0DC42C6703D0200DBE
:102D900067038D67038A29031869BF85DFBD670351
:102DA00085DDA00084DC84DEB1DE91DC88D0F968AA
:102DB000203ED0A007B91C0391DE8810F86068603F
:102DC000AD1F03186C2602C9019015D0F72088C5E5
:102DD000D0EDA920AC1C03F003AD5F03A00AD02DF9
:102DE000AD1D03AC1C03C0079023D0036D9002C03F
:102DF00008D007090030034D9102C00AD00F8D5F43
:102E000003A8A5D029200898A00A28D0068C00FE87
:102E10008D01FE60AE6103F0A74C60D0AE5003ADF3
:102E2000510320F8CCB0146D5403900FAE5003AD95
:102E3000510320D4CA100438ED54038D51038E5031
:102E400003A00CD051A900A22C9D0003CA10FAAE19
:102E50005503BCEFC38C0A032088CABCE7C38C09A6
:102E600003A0038C2303C88C2103CE2203CE2003AE
:102E70002039CAA9F720A8C5AE5003AD51038E4A28
:102E8000038D4B03100438ED540386D885D9AE4A20
:102E900003AD4B03A00E48AD5503C90768B01086BB
:102EA000DA4A66DA4A66DA4A66DAA6DA4C2BCAE900
:102EB0007449208C00FE8D01FEC88C00FE8E01FE40
:102EC000602081CAA21CA02C2011D40D2D03303902
:102ED000A2202049D1A21C2049D1AD1F030D1D0302
:102EE0003027AD2303D022AE5503AD210385DAADE3
:102EF000200346DA6A46DAD0106A4ADDEFC3F002F0
:102F00001007A000A21C207CD4A210A0284CE6CD63
:102F1000C898A0008C4D038D4C03AD4F034AF009B7
:102F20000E4C032E4D034A90F760A220A00C208A7D
:102F3000D44CB8D120C5C52088C5D013AE6003F0ED
:102F40000985DEA9C085DF4CBFCFA9204CDCCFA905
:102F50007F203ED0AE5A03A0004C63CF488A186D44
:102F60005203AA686D5303602014CB20D9E9900264
:102F700030F6A5D049042946D02AAD69023022ADE9
:102F80001903CD0903901A4A4A386D69026D0B0383
:102F9000CD0903900C1820D9E93810FAA9FF8D69E2
:102FA00002EE69026048A27FA90085D09DFF02CA97
:102FB000D0FA2007CD68A27F8E66032C8E023002E5
:102FC00009042907AA8E5503BD14C48D6003BDFFF3
:102FD000C38D4F03BD3AC48D6103D002A9070AA86F
:102FE000B906C48D63030A10FD8D6203BC40C48C16
:102FF0005603B94FC420F8E9B94BC420F8E9B959D0
:10300000C48D5403B95EC48D4E0398690249074AC2
:10301000AABD66C485E0A9C385E1BD63C48D520322
:103020008E5303A94320A8C5AE5503BDF7C32000A6
:10303000EA0878BE69C4A00BBD6EC4205EC9CA8808
:1030400010F6282039C820BDC9A200AD4E038E500D
:10305000038D510320F6C9A00C202BCAAD5803AE36
:103060005603BC54C48C5D03A0CC8C5E03A2008EBE
:1030700069028E18038E19036C5D03203ED0A000F8
:10308000B1DEC891F0C008D0F7609D00309D0031DE
:103090009D00329D00339D00349D00359D00369D7E
:1030A00000379D00389D00399D003A9D003B9D00F2
:1030B0003C9D003D9D003E9D003F9D00409D004188
:1030C0009D00429D00439D00449D00459D00469DFE
:1030D00000479D00489D00499D004A9D004B9D0072
:1030E0004C9D004D9D004E9D004F9D00509D0051F8
:1030F0009D00529D00539D00549D00559D00569D7E
:1031000000579D00589D00599D005A9D005B9D00F1
:103110005C9D005D9D005E9D005F9D00609D006167
:103120009D00629D00639D00649D00659D00669DFD
:1031300000679D00689D00699D006A9D006B9D0071
:103140006C9D006D9D006E9D006F9D00709D0071D7
:103150009D00729D00739D00749D00759D00769D7D
:1031600000779D00789D00799D007A9D007B9D00F1
:103170007C9D007D9D007E9D007FE8F0706C5D036E
:10318000488A38ED5203AA68ED5303CD4E0360A977
:103190000F8D6703A90CA0069968038810FAE00751
:1031A0009002A2068E4602AD4302A200EC4602B097
:1031B0000BBCBAC49968036901E8D0F08D4402A839
:1031C000F0CCA2114C68F1A90224D0D0025032AD4B
:1031D00009039003AD0B0370088D190368684CAFA9
:1031E000C608CD6503F019289004CE650360EE652E
:1031F00003600848AC4F0388D01DAD380391D868F0
:1032000028600848AC4F0388D00DB1D88D3803AD85
:10321000660391D84C77CDA9FFC01FD002A93F8586
:10322000DAB1D845DA91D88810F730D3205BCEAD2B
:1032300009038D19032006CF20F8CCB0036D540389
:1032400085DB86DA85DCB0062073CE4CCECD20F847
:10325000CC90F52038CEA5DCA6DA85D986D8C6DE96
:10326000D0D6A228A018A902D006A224A014A9048E
:1032700085DABD000348B900039D00036899000387
:10328000E8C8C6DAD0EC60205BCEAC0B038C190327
:103290002006CF20D4CA100438ED540385DB86DA2B
:1032A00085DC90062073CE4C2ACE20D4CA30F5207F
:1032B00038CEA5DCA6DA85D986D8C6DED0D5F0A270
:1032C000AE4D03F010A000B1DA91D8C8D0F9E6D91C
:1032D000E6DBCAD0F2AC4C03F00888B1DA91D8989A
:1032E000D0F86020DACD38AD0903ED0B0385DED0D0
:1032F0000568684CDACDAD08031070A5DA4838AD22
:103300000A03ED080385DFAC4F0388B1DA91D88852
:1033100010F9A20218B5D86D4F0395D8B5D9690038
:10332000100438ED540395D9CACAF0E8C6DF10D7A7
:103330006885DA60AD180348206ECE2006CF38AD20
:103340000A03ED080385DCAD5803AC4F038891D820
:10335000D0FB8A186D4F03AAA5D96900100438ED77
:10336000540386D885D9C6DC10DD688D1803386013
:10337000AE1803EC080330F6EC0A03F00210EFAECF
:103380001903EC0B0330E7EC0903F00210E0AD1970
:10339000030AA8B1E085D9C8A9022D560308B1E0F7
:1033A00028F00346D96A6D500385D8A5D96D51031D
:1033B000A8AD1803AE4F03CAF012E00FF00390025D
:1033C0000A0A0A0A9002C8C80A9002C81865D88575
:1033D000D88D4A03AA9869008D4B03100438ED5428
:1033E0000385D91860AE5903AC5B0320B3D02086A7
:1033F000D4A00084DCA4DCB1DEF01385DD10032052
:10340000E3D0EE2403D003EE250306DDD0EFA2289F
:10341000A0242082D4AC2603D003CE2703CE2603DB
:10342000A4DCC8C008D0CCA228A0244C8AD4A20610
:10343000A0262082D4A200A0242082D44CB8D1AEF1
:103440006003F020203ED0AE6003A5D02920D095A7
:10345000A007E003F020B04EB1DE05D245D391D8ED
:103460008810F560A002D9B6C4F0068810F881D89B
:1034700060B9B7C4D0F8B1DE484A4A4A4AAABD1F6B
:10348000C305D245D391D898186908A868290FAA0E
:10349000BD1FC305D245D391D898E908A810D760BD
:1034A00098E92130FAA8B1DE85DC38A90026DCF0E5
:1034B000EF2A06DC2AAABD2FC305D245D391D8181E
:1034C000986908A890E50A2A2A85DE29032AAA29EC
:1034D0000369BFA8BD0DC42C6703F003BC67038458
:1034E000DFA5DE29F885DE60A220204DD1AD1F03C7
:1034F000C904F06DA0052903F00E4AB00388D00876
:10350000AABC5B03BD5903AA20B3D0AD1F0330236F
:103510000A103B29F00AF0464940F0144820DCD05C
:10352000684960F011C940D00AA90285DC4C06D573
:103530004CEAD54C38C985DC4CBFD48A191CC45917
:103540001DC485D48A191BC45920C485D5600A308E
:10355000E20A0A100320EBD020EDD14CD9D020EBA9
:10356000D020E2CDA024A2204C8AD4A224205FD86F
:10357000F00660205DD8D013AC1A03A5D125D41174
:10358000D685DAA5D525D145DA91D660B1D605D450
:1035900045D591D660A224A00084DAA0022028D1CB
:1035A00006DA06DACACAA0002028D1E8E8A5DA605F
:1035B000BD0203D90003BD0303F901033010B904B0
:1035C00003DD0203B90503FD03031004E6DAE6DABE
:1035D00060A9FFD003AD1F0385DAA0022076D120B9
:1035E000ADD1A000CACA2076D1AC6103C003F005FA
:1035F000B00620ADD120ADD1AD5603D0386018A5AE
:10360000DA2904F009BD020348BD0303900EBD0290
:103610000379100348BD0303791103189911037945
:103620000D039D03036899100318790C039D020391
:103630009003FE0303BD03030A7E03037E020360BF
:10364000A0102088D4A202A00220D5D1A200A004FC
:10365000AD6103884AD0FCAD5603F001C81E1003CB
:103660003E110388D0F73820E3D1E8BD1003FD0CEC
:10367000039D100360200DD4AD2B034D2903300FA3
:10368000AD2A03CD2803AD2B03ED29034C14D2AD95
:103690002803186D2A03AD29036D2B036AA2004D80
:1036A0002B031002A20286DEBDAAC48D5D03BDAB52
:1036B000C48D5E03BD29031004A224D002A220867B
:1036C000DFA02C208AD4A5DF490485DD05DEAA20F1
:1036D00080D4AD1F0329100A0A0A85DBA22C200F13
:1036E000D185DCF006A94005DB85DBA6DD200FD106
:1036F00024DCF00160A6DEF0024A4A2902F0078AC3
:103700000904AA2080D4202CD4A5DE4902AAA8ADA1
:1037100029034D2B031001E8BDAEC48D3203BDB2A9
:10372000C48D3303A97F8D340324DB7029BD47C4C6
:10373000AA38BD0003F92C0385DABD0103F92D0376
:10374000A4DAAA1003209BD4AAC8D001E88AF00208
:10375000A00084DFF0098A4A6A090245DE85DEA2FC
:103760002C2064D8A6DCD002C6DDCAA5DBF01F1071
:10377000102C34031005CE3403D023EE34030A108A
:103780000D86DCA22C205FD8A6DC0900D010A5D1C4
:1037900025D411D685DAA5D525D145DA91D638AD0F
:1037A0003503ED37038D3503AD3603ED3803B01126
:1037B00085DAAD35036D39038D3503A5DA6D3A032E
:1037C000188D360308B0096C320388100320D3D358
:1037D0006C5D03C8C008D0F818A5D66D520385D615
:1037E000A5D76D5303100438ED540385D7A0006CA2
:1037F0005D0346D190DA20EDD36C5D0306D190D005
:1038000020FDD36C5D0388100C20D3D3D00746D1A4
:10381000900320EDD328E8D004E6DDF00A24DB7025
:1038200007B035C6DFD03160A5DE86DC2902AAB03C
:103830001924DE300AFE2C03D010FE2D03900BBDA0
:103840002C03D003DE2D03DE2C038A4902AAFE2CB2
:1038500003D003FE2D03A6DC4CE3D238A5D6ED52EF
:103860000385D6A5D7ED5303CD4E03B0036D5403A6
:1038700085D7A00760AD620385D1A5D6690785D637
:103880009002E6D760AD630385D1A5D6D002C6D736
:10389000E90885D660A028A2202018D4E8E8C8C886
:1038A00038BD0403FD0003990003BD0503FD0103BA
:1038B00099010360A5DED007A228A02A20DECDA2B0
:1038C00028A037208AD438A6DEAD3003FD2C03A80B
:1038D000AD3103FD2D033003209BD485DD84DCA2B4
:1038E000352067D44A9D0103986A9D0003CACABC6B
:1038F0000403BD0503100C209BD49D050348989D2F
:1039000004036860A908D00CA030A902D006A02842
:10391000A224A90485DABD0003990003E8C8C6DA29
:10392000D0F460489849FFA86849FFC8D0031869D7
:103930000160205DD8D008B1D64D5A0385DA6068A1
:1039400068EE26034C45D520AAD425D1D0F3A20099
:103950002092D5F02DAC1A0306D1B0052074D59075
:103960002120FDD3B1D64D5A0385DAD012388A6DA5
:1039700061039004E6DB1007AA2004D138B0E220EE
:1039800074D5A00020ACD5A020A22420E6CD20AA8A
:10399000D4A2042092D58AD002C6DBCA204BD5908F
:1039A0002720EDD3B1D64D5A0385DAA5DCD0EDA59D
:1039B000DAD012388A6D61039004E6DB1007AA2082
:1039C00004D138B0DC204BD5A00420ACD520D9D010
:1039D0004CB8D1A5D14818900F68E8D004E6DB10A8
:1039E0001646D1B01205D148A5D124DA086845DCC5
:1039F0004828F0E56845D185D14CF0D0A900189051
:103A00000AE8D004E6DB10EF0AB00B05D124DAF0A7
:103A1000F045D14A90E16A38B0DDBD000338ED20B1
:103A200003A8BD0103ED21033003209BD485DB985F
:103A3000AA05DB6084DA8AA8A5DB3002A900A6DA31
:103A4000D003209BD44818987D00038D2003687D07
:103A500001038D210360A90320D5D5A9074820E2E1
:103A6000CD20B8D1A20368A8BD100391F088CA1078
:103A7000F760A220A03E207CD42032D6A214A0243D
:103A80002036D62032D6A220A02A2011D4AD2B0376
:103A90008D3203A2282059D4A02E20DED020E2CDE2
:103AA000182058D620E2CDA22020E4CD382058D6C8
:103AB000A23EA020207CD44CD9D0A220A014BD02CC
:103AC00003D90203BD0303F9030330134CE6CDAD64
:103AD000180338ED0803AAAD190338ED0B03A860ED
:103AE00008A220A0352011D4AD36038D3D03A233AA
:103AF0002059D4A03920DED038AD2203ED26038D25
:103B00001B03AD2303ED27038D1C030D1B03F017CF
:103B100020A2D6A2332074D7A2282074D7EE1B038C
:103B2000D0EEEE1C03D0E92890B5A239A02E86DE97
:103B3000BD0003D90003BD0103F90103300698A4B9
:103B4000DEAA86DE84DFB9000348B9010348A6DF98
:103B5000200FD1F00DC902D03DA204A4DF2082D4F1
:103B6000A6DF2064D8A6DE200FD14AD0299002A279
:103B700000A4DF38B90003FD000385DCB90103FDB3
:103B8000010385DDA9000A05D1A4DCD014C6DD102F
:103B90001085D120F0D0A6DF689D0103689D000349
:103BA00060C6DCAA10E085D120F0D0A6DCE8D00207
:103BB000E6DD8A4846DD6AAC6103C003F005900685
:103BC00046DD6A46DD4AAC1A03AAF00F9838E908C8
:103BD000A8B002C6D72004D1CAD0F1682D6103F085
:103BE000B5AAA9000A0D6303CAD0F985D19838E9AE
:103BF00008A8B002C6D720F3D04C0ED7FE0803D0D9
:103C000003FE090338BD0003FD02039D0003BD014F
:103C100003FD03039D01031030BD0A03300BFE06B4
:103C200003D011FE07034CACD7BD0603D003DE075B
:103C300003DE060318BD00037D04039D0003BD01E0
:103C4000037D05039D010330D060AC6003D015B146
:103C5000D8A002D9B7C4D004B9B6C4888810F4ACCF
:103C60005503AA602008D8A2208A48203ED068AA1E
:103C7000A007B92803D1DED0088810F68AE07FD0EB
:103C8000DEE8A5DE18690885DED0E58AD0DBF0CF56
:103C9000A00784DAA90185DBAD620385DCB1D84DCC
:103CA00058031824DCF0013826DBB00A46DC90F318
:103CB000986907A890E2A4DAA5DB9928038810D2B6
:103CC0006048AA2049D168AA205FD8D015B1D60A89
:103CD00026DA06D108B00246DA28D0F3A5DA2D603C
:103CE0000360A9FF60A220200FD1D0F8BD020349D4
:103CF000FFA829078D1A03984A4A4A0AA8B1E08505
:103D0000DAC8B1E0AC5603F00346DA6A6D500385B9
:103D1000D6A5DA6D510385D7BD010385DABD000351
:103D2000482D61036D6103A8B906C485D168AC61F3
:103D300003C003F005B0060A26DA0A26DA29F818C5
:103D400065D685D6A5DA65D7100438ED540385D736
:103D5000AC1A03A9006048A9A0AE6A02D04024D0E2
:103D6000D03C7019AD5F03299F09402054C9A218A7
:103D7000A0642082D4207ACDA902209DC5A9BF20AD
:103D8000A8C568297F20C0C4A9404C9DC5A920248E
:103D9000D050C0D0BE20C2D7F005482064C66860AD
:103DA000A9BD20A8C52051C9A90D60AE55038A2917
:103DB00007A8BE40C4BD5EC4A2002C8E02300729F5
:103DC0003FC004B0018AA86010E354DC93DC89DEB4
:103DD00089DF72E7EBE7A4E0C5DE7DF28EF1C9F47E
:103DE00029F5A6FFCAF3B1F1A6FFA6FFA6FFA6FF1D
:103DF00002EFB3E464E4D1E1A6FFA6FFA6FF9001C1
:103E00009F0DA1022BF000030000FF000001000045
:103E1000000000FF040400FF5619191932080000C1
:103E2000000020090000000000500003906406819B
:103E3000000000091B01D0E0F0018090000000FFAD
:103E4000FFFF00000000000000006405FF010A0001
:103E500000000000FFA9408D000D78D8A2FF9AADA8
:103E60004EFE0A48F009AD58024AC901D01D4AA2C7
:103E70000486018500A89100C501F009C8D0F7C8E3
:103E8000E8E60110F18E8E028E8402A20F8E42FEB1
:103E9000CA8E40FEE009B0F8E88A202AF0E0806689
:103EA000FCAACAD0F48E8D0226FC20EBEE6AA29CFE
:103EB000A08D68F009A07E9011A087EE8D02EE8D96
:103EC00002A5FC49FF8D8F02A290A900E0CE9002CE
:103ED000A9FF9D0002E8D0F48D63FE8AA2E295005E
:103EE000E8D0FBB93FD999FF0188D0F7A96285EDE9
:103EF000200AFBA97FE89D4DFE9D6DFECA10F75874
:103F00007824FC50032055F0A2F28E4EFEA2048EBF
:103F10004CFEA9608D4BFEA90E8D46FE8D6CFE8D6C
:103F2000C0FECD6CFEF003EE7702A9278D47FE8D13
:103F300045FE2060ECAD8202297F20A7E6AE840218
:103F4000F00320C8E92016DCA203AC0780B900808A
:103F5000DD0CDFD02EC8CA10F4A6F4A4F4C8C0103B
:103F6000B0259849FF85FAA97F85FB8C30FEB1FA10
:103F70008E30FED1FAD0E6E6FAD0F0E6FBA5FBC91A
:103F80008490E8A6F4100DAD06809DA102298FD083
:103F9000038E4B02E8E01090AC2C40FE3011CE7B3B
:103FA00002A0FF207FEECAD0F88E48FE8E49FEADFB
:103FB0008F022000C3A0CA20F1E420D9EA2040F1FA
:103FC000A9818DE0FEADE0FE6A900AA2FF2068F1B3
:103FD000D003CE7A02A00EA2012068F1A2022068CE
:103FE000F18C43028C4402A2FEAC7A022068F12DCF
:103FF0006702101BA00220A9DEAD8D02F00CA016F6
:104000002C8E023002A01120A9DEA01B20A9DE38D0
:1040100020D9EA20D9E908684A4A4A4A4D8F02293C
:1040200008A8A2032068F1F01D98D014A98D2035AE
:10403000F1A2D2A0EACE670220F7FFEE6702D00617
:10404000A900AA2037F1AD8D02D005AE8C02101E5A
:10405000A20FBDA1022A3016CA10F7A9002C7A02BD
:10406000302E00F94C616E67756167653F00180876
:104070008E8C022016DCA980A00820ABDE84FD20F7
:10408000E7FF20E7FF28A9012C7A0230034C0080CB
:104090004C0004A6F484F48C30FEA000B1F686F443
:1040A0008E30FE6085FC68482910D0036C04028ABB
:1040B00048BABD0301D838E90185FDBD0401E90016
:1040C00085FEA5F48D4A0286F0A2062068F1AE8C2A
:1040D000022016DC68AAA5FC586C0202A00020B1E0
:1040E000DEAD67026AB0FE20E7FF20E7FF4CB8DBD9
:1040F000386E4F022C500210072041E7A200B00298
:10410000A2404C7AE1AC09FE293AD034AE5C02D030
:1041100009E820F3E42041E790E660D8A5FC488A4E
:10412000489848A9DE48A98148B8AD08FE70021039
:104130005DA6EACA3030702D4C88F5AC09FE2A0A1B
:10414000AA98A0074C94E4A2022060E49010AD85E8
:1041500002C902D09BE82060E46ED20230928D0941
:10416000FEA9E785EA602D78024A90077005AC50F9
:104170000230924A6AB0C430CE70EAA2052068F1DB
:10418000F0E3686868A868AA6885FC6C0602AD4D13
:10419000FE103C2D79022D4EFE6A6A9054CE4002EC
:1041A000A5EA1002E6EAAD5102F01ACE5102D0158E
:1041B000AE5202AD48024A9003AE53022A49012092
:1041C00000EA8E5102A0042094E4A9024C6EDEADF8
:1041D0006DFE10A72D77022D6EFE6A6A909DAC854C
:1041E0000288D097A9028D6DFE8D6EFEA2034C3A17
:1041F000E12A2A2A2A105BA920A2008D4DFE8E49B1
:10420000FEA20886FB205BE46ED7023044A8F005CE
:10421000206DEE303C2060E485F52060E485F720D9
:1042200060E485F6A4F5F01B101624F5700520BB9C
:10423000EE500706F626F7203BEEAC61024C7FEE0F
:10424000207FEEA4F6207FEEA4F7207FEE46FBD081
:10425000B460907BA9408D4DFEAD8302AA490F4802
:10426000A8BD91026900999102CAF00388D0F26852
:104270008D8302A205FE9B02D008CAD0F8A00520BB
:1042800094E4ADB102D008ADB202F006CEB202CED7
:10429000B1022CCE02100BEECE02582047EB78CEA6
:1042A000CE022CD702300C206DEE49A0C9609003DD
:1042B0002079DD2CB7D920A2DCA5EC05ED2D42023A
:1042C000F004382065F0209BE12CC0FE7004602AC9
:1042D0001028AE4C02F01DADC2FE9DB502ADC1FE70
:1042E0009DB9028EBE02A0032094E4CAD003AE4D55
:1042F00002208FDEA9108D4DFE602A2A2A2A10077F
:104300002065F0A901D0EF4CF3DC68A868AA6885A5
:10431000FCA5FC408CBE02E0059002A2048E4C027B
:10432000AC4E0288982908186D4C02E9008DC0FE39
:1043300060A9C385FEA90085FDC8B1FD20E3FFAAE1
:10434000D0F7608EB1028CB202A9FFD002A900851D
:10435000E68A489848AC5602F0143866EB20D7FF3E
:104360000846EB289025A9008D560220CEFF24FF99
:104370003016AE41022077E5901124E650F0ADB141
:10438000020DB202D0E8B00538A91B85E668A8681E
:10439000AAA5E660294328002EE031054658E342ED
:1043A000FF4241534943E01800434154E031054383
:1043B0004F4445E3488845584543F68D0048454CF1
:1043C00050F0B9FF4B4559E327FF4C4F4144E23CC5
:1043D000004C494E45E659014D4F544F52E3488930
:1043E0004F5054E3488B52554EE03104524F4DE349
:1043F000488D53415645E23E0053504F4F4CE281A9
:104400000054415045E3488C5456E34890E0310352
:104410000086F284F3A9082031E0A000B1F2C90DB2
:10442000F004C8D0F760A0FF2039E0F072C92AF08C
:10443000F7203AE0F069C97CF065C92FD008C820A0
:1044400009E0A902D07384E6A200F0135D10DF2911
:10445000DFD017C818B025E8B1F220E3E490EDBD35
:1044600010DF3016B1F2C92EF00418A4E688C8E8AF
:10447000E8BD0EDFF03310F830DBE8E8CACA48BD0B
:1044800011DF48203AE018082004E040BD12DF3078
:104490000E98BC12DF1865F2AA98A4F39001C860C8
:1044A000AE4B023004384CE7DBA4E6A2042068F1EE
:1044B000F0EDA5E6200DE0A9036C1E020A2901100B
:1044C000F8C8B1F2C920F0F9C90D6090F5203AE0C2
:1044D000C92CD0F4C860203AE0207DE0903785E612
:1044E000207CE09019AAA5E60AB02A0AB02765E662
:1044F000B0230AB02085E68A65E6B01990E0A6E60A
:10450000C90D3860C8B1F2C93AB00AC9309006295D
:104510000F602045E01860207DE0B00E29DFC9471C
:10452000B0F0C94190EC08E93728C860488A48983B
:1045300048BABD0301482C60021008A8A904207ED7
:10454000E5B05218A9022C7C02D005684820C0C4EE
:10455000A9082C7C02D002900568482014E1AD7CAB
:10456000026A901BA4EA88101668480878A20248DC
:10457000205BE490032070E168A20220F8E128A902
:10458000102C7C02D00FAC5702F00A68483866EB5A
:1045900020D4FF46EB6868A868AA68602C7C02708B
:1045A00020CD8602F01B0878AAA9042C7C02D0102A
:1045B0008AA20320F8E1B0082CD2021003203AE1CD
:1045C0002860AD8502F06EC901D0212060E46ED272
:1045D000023045A0828C6EFE8D61FEAD6CFE29F12D
:1045E000090C8D6CFE090E8D6CFED02CC902D029F1
:1045F000A4EA8810404ED2024E4F022041E79018A4
:10460000A220A09F08789886FA2D500245FAAE5055
:10461000028D50028D08FE286018A90120A2E16ECB
:10462000D202602CD20230FAA900A203AC8502208B
:104630007EE56C220218480878B008BDADE9100389
:1046400020A2EC387ECF02E002B008A9008D6802FB
:104650008D6A02203BE72868605007BDD8029DE1C3
:10466000026008780838BDE102FDD802B00438FDC8
:1046700047E4289006187D47E449FFA000AA286077
:104680007820B0E4900F20EAE9084820EBEE682893
:10469000300358B0EB6048A9009DEE029DEF029DEB
:1046A000F0029DF102686084E62A2A2A2AA0042AE0
:1046B0003EEE023EEF023EF0023EF102B03188D003
:1046C000EEA4E660A9FF86F284F38EEE028CEF0280
:1046D00048A202200EE2A0FF8CF402C8201DEA20AE
:1046E0002FEA90FB6848F06220ADE2B03BF03E005C
:1046F000FC426164206164647265737300A21020DF
:1047000068F1F023208BF6A9000884E6AC57028DEF
:104710005702F00320CEFFA4E628F00BA98020CE9C
:10472000FFA8F0748D570260D06EEEF402A2EEA0E6
:1047300002684CDDFF203AE0208FE0900C200EE272
:10474000201FE2208FE0B0F83860A20A20ADE2908E
:1047500047B8B1F2C92BD0042CB7D9C8A20E20ADEE
:10476000E2903508500FA2FC18BDFC017D00029DAF
:104770000002E8D0F4A203BDF8029DF4029DF0020D
:10478000CA10F428F0A7A20620ADE2900BF09EA27A
:104790000220ADE29002F09500FE42616420636F5A
:1047A0006D6D616E6400FB426164206B6579002071
:1047B0004EE090F1E010B0ED2045E008AE100B980F
:1047C0004820D1E368A828D03660204EE090C98AFE
:1047D00048A90085E585E42043E0F018204EE090EC
:1047E000B786E52045E0F00C204EE090AB86E42053
:1047F0003AE0D0A4A4E4A6E56820F4FF709A6038FB
:10480000201EEA202FEAB008E8F09A9D000B90F3F2
:10481000D093087820D1E3A210E4E6F00EBD000B9F
:10482000D9000BD006AD100B9D000BCA10EB286011
:104830000878AD100B38F9000B85FB8A48A210BD33
:10484000000B38F9000B9008F006C5FBB00285FBA1
:10485000CA10EC68AAA5FB286008788A48A4E6205C
:10486000A8E3B9000BA81865FBAA85FAAD6802F0A9
:104870000D00FA4B657920696E2075736500CE8452
:10488000026838E5FA85FAF00CBD010B99010BC8F6
:10489000E8C6FAD0F49848A4E6A210BD000BD900EF
:1048A0000B9007F005E5FB9D000BCA10EEAD100B59
:1048B00099000B688D100BAAEE84022860030A0889
:1048C0000707070707090000C0C05060708000E0BC
:1048D0000040C0F0F0F0F0C0BD3EE485FABD35E424
:1048E00085FB602CB7D97001B86C2C020878BDD854
:1048F00002DDE102F072A82050E4B1FA701B48C852
:1049000098D003BD47E49DD802E002900ADDE102A1
:10491000D005A0002094E468A8281860087848858D
:10492000FAB9BF02F04198A4FA20A5F068281860EF
:1049300098A0022094E4A8986C2A02087848BCE168
:1049400002C8D003BC47E498DDD802F00FBCE102F6
:104950009DE1022050E46891FA28186068E002B0F6
:1049600007A0012094E448682838604829DFC9413D
:104970009004C95B9001386860A2008A2D4502D07E
:10498000B6984D6C020D7502D0A6AD58026A98B06B
:104990000AA0062094E490032074E618606A68B0C8
:1049A0007998484A4A4A4A4904A8B96502C901F0B7
:1049B0006B68900D290F187965021860206FE86800
:1049C000AA2060E4B05548E001D0062073E1A201BE
:1049D00038689005AC4502D041A8103E290FC90B9C
:1049E00090BF697B48AD7D02D0B3AD7C026A6A6836
:1049F000B0CFC987F038A88A489820CED868AA2CAA
:104A00005F021005A9066C2402AD6802F0B3ACC9C0
:104A100002B9010BEEC902CE6802186068290FA81E
:104A200020A8E38D6802B9000B8DC902D0D18A4855
:104A30002005D9A8F08668AA98186021E888E9D3EB
:104A4000E697E997E976E988E98BE689E6B0E6B288
:104A5000E695E98CE9F9E6FAE6A8F006E78CDEC807
:104A6000E9B6E907CDB4F06CE8D9E975E245F0CFD5
:104A7000F0CDF097E173E674E65CE635E04FE713BE
:104A8000E729E785F023D926D947D6C2D757E67F4D
:104A9000E6AFE434E035F135F1E7DB68F1E3EA60F5
:104AA000E4AAFFF4EAAEFFF9EAB2FFFEEA5BE4F340
:104AB000E4FFE910EA7CE1A7FF6DEE7FEEC0E99C20
:104AC000E959E602E9D5E8E8E8D1E8E4E803E80BCB
:104AD000E82DE8AEE835C7F3CB48C7E0C8CED5A986
:104AE000006C0002A20024FF1011AD7602D00A581B
:104AF0008D6902208DF620AAF0A2FF1866FF2C7A9D
:104B0000023001604C0304AD8202A82AE0016A5021
:104B10001EA938493F85FAAC8202E009B0173DADC5
:104B2000E985FB9805FA45FA05FB09404D5D028DC4
:104B300082028D10FE98AA60C818B95202488A995C
:104B4000520268A8AD5102D0108E5102AD48020841
:104B50006A282A8D48028D20FE50DA8A290148AD44
:104B600050022AE0016ACD5002088D50028D08FEE5
:104B70002073E128F0032C09FEAE4102688D41024A
:104B80006098E00AB0B0BCBF029DBF0250A7F0031E
:104B9000208CDEAD4D028E4D02AA6098300B58205D
:104BA000BBDEB003AAA900A8608A497FAA2068F0EA
:104BB0002AA2FFA0FFB002E8C8608A49FFAAE0026B
:104BC000B850032CB7D96C2E0238A2012038E7C0A8
:104BD00001B003EC5B026030E1F00CE005B0D2BC48
:104BE000B902BDB502AA60AD40FE6A6A6A6A49FFB1
:104BF0002903ACBE028EBE02AA6048087885EF8603
:104C0000F084F1A207C9759041C9A19009C9A69085
:104C10003F18A9A1690038E95F0A3884F1A82C5E21
:104C20000210078AB8207EE5701AB9B4E585FBB991
:104C3000B3E585FAA5EFA4F1B004A000B1F038A661
:104C4000F02058F06A282A68B860A000C91690C9F8
:104C5000080868682068F1D005A6F04CBCE7286811
:104C60002CB7D960A5EB3032A90825E2D004A98879
:104C700025BB6048087885EF86F084F1A208C9E07A
:104C8000B090C90EB0CA69440A90902015E8A1F905
:104C900091F0602015E8B1F081F9A9006085FAC8AB
:104CA000B1F085FBA004A20160D0FB00F74F5320B8
:104CB000312E323000C8B1F0C9FFF059C920A20826
:104CC000B0908820C9E80904AA900520AEE1A001AF
:104CD00020C9E885FA08A006B1F048A004B1F04860
:104CE000A002B1F02A38E9020A0A05FA20F8E19098
:104CF0001E686828A6D0600878AD630229070904F9
:104D0000AAAD640220B0E4AD660248AD6502483841
:104D10007E0008301708C8B1F048C8B1F048A000BC
:104D2000B1F0A20820F8E1B0C86ED7026820B0E464
:104D30006820B0E42860E9010A0A0A0A090FAAA952
:104D400000A010C00EB002B1F09DC008CA88D0F318
:104D500060B1F0C9102903C860A20FD003AE83026E
:104D6000A004BD8D0291F0E88810F760A90FD0066D
:104D7000AD8302490F1848AAA004B1F09D8D02E846
:104D80008810F768B0E58D830260A004B1F099B196
:104D90000288C002B0F6B1F085E9888C6902B1F0F2
:104DA00085E8589007A90788C820EEFF20E0FFB0EB
:104DB00049AAAD7C026A6A8AB005AE6A02D0EAC925
:104DC0007FD007C000F0E588B0DFC915D00D98F09E
:104DD000DBA97F20EEFF88D0FAF0D191E8C90DF071
:104DE00013CCB302B0BFCDB40290BCCDB502F0B8C5
:104DF00090B6B0B320E7FF207EE5A5FF2A60587883
:104E000024FF30302CD20210F520A4E1A00084F160
:104E100009F0D00ED007A2328E5402A20869CF1832
:104E200069E986F0A8B99001AA25F145F0999001A9
:104E3000B99101A860647F5B6DC9F6D2E440AD40D2
:104E4000025878CD4002F0F9BC0103BD0003AA600E
:104E5000A9108D8402A2009D000BE8D0FA8E840276
:104E6000600878A94020EAE9300518B82068F028E1
:104E70002A609009A0078C40FE888C40FE24FF60C9
:104E800008788D40FE28608A08788D48028D20FEC3
:104E9000AD53028D510228608A490708788D490276
:104EA0008D21FE28601866E4203AE0C8C922F0028D
:104EB000881866E4C90D60A90085E5B1F2C90DD076
:104EC0000624E43052101BC920904CD00624E43054
:104ED00040500FC922D01024E41036C8B1F2C922C4
:104EE000F02F203AE03860C97CD026C8B1F2C97CE6
:104EF000F01FC922F01BC921D005C8A980D0BAC9AA
:104F0000209014C93FF00820BFEA2CB7D97003A93C
:104F10007FB8C805E5186000FD42616420737472B3
:104F2000696E6700C930F01EC940F01A9012C97F3F
:104F3000F014B0104930C96FF004C950D002491FB5
:104F4000C9219002491060C97FF00EB0E7C960D056
:104F500002A95FC9409002291F602F21424F4F5480
:104F60000DAD8702494CD0134C8702AD90028E9054
:104F700002AA982901AC91028D910260989D00FCD3
:104F800060989D00FD60989D00FE60A9049D080842
:104F9000A9C09D0408AC6202F002A9C038E9404AE9
:104FA0004A4A490F1D3CEB09100878A0FF8C43FECC
:104FB0008D4FFEC88C40FEA00288D0FDA0088C401A
:104FC000FEA00488D0FD2860E0C0A0804C59ECA968
:104FD000008D3B08AD3808D006EE3B08CE3808A25D
:104FE00008CABD0008F0E5BDCF023005BD1808D0E5
:104FF00003206BECBD1808F013C9FFF012DE1C088B
:10500000D00DA9059D1C08DE1808D003206BECBD4F
:105010002408F005DE2408D0B3BC2008C0FFF0ACA3
:10502000B9C008297F9D2408BD0808C904F060BDE7
:105030000808187D2008A8B9CB0838E93F8D3A0840
:10504000B9C7088D3908BD040848186D39085007DC
:105050002AA93FB00249FF9D04082A5D04081009EF
:10506000A93F900249FF9D0408CE3908BD040838C5
:10507000ED3A084D39083009AD3A089D0408FE089C
:1050800008685D040829F8F006BD0408200AEBBD95
:105090001008C903F04BBD1408D02AFE1008BD103B
:1050A00008C903D010BC2008B9C0083034A9009D3D
:1050B00030089D1008BD1008187D2008A8B9C40844
:1050C0009D1408F01CDE1408BD2008187D1008A8E7
:1050D000B9C108187D30089D3008187D0C082001E2
:1050E000EDE004F00D4C59EBA208CA20A2ECE0045C
:1050F000D0F860BD0808C904F005A9039D0808BDE3
:10510000CF02F014A9009DCF02A004992B0888D0EB
:10511000FA9D1808888C3808BD2808F046AD3B0871
:10512000F036A9009D28084C98ED2003EB989D18B7
:10513000089DCF029D0008A003992C088810FA8CC6
:105140003808304A0878BD0808C904D00A205BE452
:105150009005A9009D000828BC2008C0FFD00320AE
:1051600003EB60205BE4B0DC2903F0BBAD3808F052
:1051700015FE28082C3808100A205BE429038D3816
:10518000081003CE38084CD0ECDD2C08F0D49D2C50
:1051900008E004D009290F1D3CEB084C95ED482987
:1051A000038D3C08A9008D3D08684A4AC90C900748
:1051B000EE3D08E90CD0F5A8AD3D0848B9FBED8DF2
:1051C0003D08B907EE4829038D3E08684A4A4A4A15
:1051D0008D3F08AD3D08AC3C08F00C38ED3F08B001
:1051E00003CE3E0888D0F48D3D0868A8F0094E3EF5
:1051F000086E3D0888D0F7AD3D08187D3DC48D3D53
:10520000089003EE3E08290F1D3CEB08782021EBA7
:10521000AD3D084E3E086A4E3E086A4A4A4C22EBB3
:1052200008782060E4482904F01568BC2008C0FF15
:10523000D0032003EB2060E42060E4284CF7ED6805
:1052400029F80A900B49FF4A38E940200AEBA9FFE8
:105250009D2008A9059D1C08A9019D2408A9009D61
:1052600014089D08089D3008A9FF9D10082060E4DF
:105270009D0C082060E42848BD0C082001ED689DC5
:10528000180860F0B7824F20F3C8A07B573516E7A7
:10529000D7CBC3B7AAA29A928A827AA9EF85F56082
:1052A000A20DE6F5A4F51039A20086F7E886F620EF
:1052B000BBEEA2032062EEDD0CDFD0E4CA10F5A93C
:1052C0003E85F620BBEEA2FF2062EEA0080A76F72C
:1052D00088D0FAE8F0F218906AA20EA4F5300BA07C
:1052E000FF082068F128C90198600878A010207F85
:1052F000EEA000F017A000F01148207AEE686A6A6C
:105300006A6A290F0940A898A00108782C7B02102E
:105310002148B975F08D43FE688D4FFEB977F08D49
:1053200040FE2C40FE30FBAD4FFE48B979F08D4079
:10533000FE6828A860ADCB0385F6ADCC0385F7A544
:10534000F5101E0878A5F62071EEA5F585FAA5F7EB
:105350002A2A46FA6A46FA6A2071EEA5FA207AEEFF
:105360002860A2FFA5EC05EDD006A9818D4EFEE8D0
:105370008E420208AD5A024A291809068D40FE4A9B
:1053800009078D40FE202EF16860500AA9018D4E5C
:10539000FEB0084C0FF090064CD1F0EE4202AD5A30
:1053A0000229B7A200202AF086FAB810052CB7D936
:1053B0000908E8202AF090BB100209408D5A02A685
:1053C000ECF012202AF03010E4EC86ECD007A200BA
:1053D00086EC201FF04CE9EFE4ECD0EEA5E7F023DB
:1053E000C6E7D01FADCA0285E7AD55028DCA02AD32
:1053F0005A02A6ECE0D0D00E099049A08D5A02A91D
:105400000085E74CE9EFE0C0D00F09A024FA1004B2
:105410000910498049904C74EFBDABEFD003AD6BE0
:1054200002AE5A0286FA26FA1007A6EDD0A420BFD3
:10543000EA26FA3008209CEA26FA4CC1EF26FA3018
:105440000D20E3E4B008209CEAAE5A02100B26FAC5
:105450001007A6EDD0D6209CEACD6C02D007AE7521
:1054600002D00286E7A82029F1AD5902D00320F12D
:10547000E4A6EDF00B202AF086ED3004A20086EDC4
:10548000A6EDD016A0EC20CCF03009A5EC85ED8679
:10549000EC201FF04CDAEE202AF0A5ECD0F6A0EDBF
:1054A00020CCF030EF10E8A20186E7AE54028ECA9D
:1054B0000260A0038C40FEA07F8C43FE8E4FFEAEA8
:1054C0004FFE60713334358438872D5E8C84EC86D2
:1054D000ED600080776574376939305F8E6CFEFD52
:1054E0006CFA003132647236756F705B8F2CB7D9ED
:1054F0006C280201617866796A6B403A0D00FF0101
:1055000002090A02736367686E6C3B5D7FAC4402FC
:10551000A20060007A2076626D2C2E2F8BAE4102A5
:105520004CADE11B818283858688895C8D6C20026D
:10553000D0EBA208587820B4F0CA10F8E00990E047
:1055400060A2092068F1204AFA0D4F5320312E3213
:10555000300D006018A210B0978A1005202AF0B014
:1055600055089002A0EE99DF01A2092029F1A97F38
:105570008D43FEA9038D40FEA90F8D4FFEA9018D1D
:105580004DFE8E4FFE2C4DFEF0218AD9DF01901684
:105590008D4FFE2C4FFE100E2808B0134859000006
:1055A0000AC90168B00918691010E0CA10BD8AAABA
:1055B00028202EF15878A90B8D40FE8A60498C0A6C
:1055C0008D4702E0034C4BF108A9A185E3A9198D91
:1055D000D1032808A9062031E0A20628F001CA86D6
:1055E000C6A20EBD51D99D1102CAD0F786C2A20F24
:1055F000A5F4488AA20FFEA102DEA102100D86F4D6
:105600008E30FE200380AAF005A6F4CA10E8688553
:10561000F48D30FE8A600900D010C000D00CA5C601
:1056200029FB0D47020A0D47024A604CF51DF6049E
:10563000F30FE304F32AF374E2C907B0ED86BC0A62
:10564000AABDA4F148BDA3F148A6BC600848202724
:10565000FBADC203482031F668F01AA203A9FF4847
:10566000BDBE0395B06835B0CA10F4C9FFD006209E
:10567000E8FA4C67E2ADCA034A68F00E901320F2D4
:10568000FA00D54C6F636B6564009005A9038D58D3
:1056900002A93025BBF004A5C1D00A984820BBFB65
:1056A00068A820D5F720B4F9D0332069FB2CCA03B1
:1056B0003008206AF9207BF7D0D7A00AA5CC91C882
:1056C000C8A5CD91C8A900C891C8C891C82820E82C
:1056D000FA24BA3007082046FA0D0028602037F671
:1056E000D0AF86F284F3A000201DEAA200202FEAAA
:1056F000B00DF0089DD203E8E00BD0F14C8FEAA981
:10570000009DD203604886C884C9A000B1C8AAC859
:10571000B1C8A8205AF2A002B1C899BC0399AE0042
:10572000C8C00AD0F368F007C9FFD0B04CC4F18DEF
:10573000C6038DC703B1C899A600C8C012D0F68AA7
:10574000F0BA2027FB2034F9A90020BDFB20E2FBA2
:1057500038A2FDBDB7FFFDB3FF9DCB02E8D0F4A892
:10576000D00EECC803A901EDC9039004A280D008B3
:10577000A9018DC9038EC8038ECA0320ECF73049F6
:10578000206AF9EEC603D0C8EEC703D0C3205AF290
:10579000A2FF8EC20320C4F12C7A02100AADC4030A
:1057A0002DC503C9FFD0036CC203A2C2A003A90484
:1057B0004CC7FBA9082044F32027FBA9002048F38D
:1057C00020FCFAA9F725E285E260A94005E2D0F7BE
:1057D00048AD4702F00B2013EE2018EE9003B850AE
:1057E00041207BF7ADC60385B4ADC70385B5A2FFE5
:1057F0008EDF03E886BAF0062069FB207BF7AD4711
:1058000002F002501D6848F02D2072FAD016A9301F
:1058100025BBF00EADC603C5B6D009ADC703C5B7ED
:10582000D0026860AD4702F00D20ADEEA9FF8DC635
:10583000038DC703D0C25005A9FF20D7F7A20020CF
:10584000D9F9AD4702F00424BB50DE2CCA0330DC8A
:1058500010A685BC8A489848A5BCD01E98D00C20BC
:1058600075E22078F446E206E2900C4AB0F74AB0BE
:10587000034CB1FB2078F44C71F4205AF224BC5054
:105880003DA9008D9E038DDD038DDE03A93E203DE5
:10589000F3201AFB082031F620B4F628A2FFE8BD59
:1058A000B2039DA703D0F7A9012044F3ADEA020D8E
:1058B000EB02D0032042F3A9010D4702D0398AD070
:1058C000034C8FEAA2FFE8BDD2039D8003D0F7A965
:1058D000FFA2089D8B03CAD0FA8AA2149D8003E818
:1058E000E01ED0F82E97032027FB2034F920F2FA8F
:1058F000A9022044F3A90285BC68A868AAA5BC60D7
:10590000A90225E2F0F9A9008D9703A980AE9D03B5
:105910008E96038D98032096F4A9FD4C3DF3201A32
:10592000FBA211BD8C039DBE03CA10F786B286B3DD
:10593000E886B0A90985B1A27F2081FB8DDF032015
:105940008EFB20E2FB20ECF7EE9403D003EE9503F0
:10595000608A489848A901209CFBA5E20AB04C0A3D
:105960009009A9802044F3A9FEB038AE9E03E8EC6C
:10597000EA02D02A2CEC023022ADED0248201AFBBC
:105980000820ACF6286885BC182CEC021017ADEA8C
:10599000020DEB02D00F2042F3D00A2042F3CA18C6
:1059A000BD000A85BCEE9E034C71F400DF454F46F6
:1059B0000085C48A489848A902209CFBAE9D03A597
:1059C000C49D0009E8D0062096F420F2FAEE9D036B
:1059D000A5C44C6FF48AF02EE003F01FC003B0069C
:1059E000CAF006CAF00A4C10E3A933C8C8C8D002EE
:1059F000A9CCC825E31981F585E360983002D0026F
:105A0000A9198DD10360A8F0ECA10022110088CC67
:105A1000C6C0AD4702F0072051EEA818901AAD0895
:105A2000FE482902F00BA4CAF00768A5BD8D09FE47
:105A300060AC09FE684A4A4AA6C2F069CAD006901C
:105A400064A002D05ECAD013B05B982078FBA0039C
:105A5000C92AF04F2050FBA001D048CAD00CB00496
:105A600084BDF041A98085C0D03BCAD029B02F9811
:105A700020B0F7A4BCE6BC24BD300D20D3FBF0055C
:105A80008EE5FED0038A91B0C8CCC803D017A90117
:105A900085BCA005D00D9820B0F7C6BC10072046E5
:105AA000FBA00084C2604898488AA8A903209CFBF8
:105AB000A5E22940AA68A86860A90085B485B5A5B3
:105AC000B44885B6A5B54885B72046FA53656172D6
:105AD0006368696E670D00A9FF2048F36885B568A3
:105AE00085B4A5B605B7D00D85B485B5A5C1D005DB
:105AF000A2B12081FBAD4702F013701100D64669B8
:105B00006C65206E6F7420666F756E6400A0FF8CEC
:105B1000DF0360A9000884E6AC56028D5602F0034C
:105B200020CEFFA4E628F00BA94020CEFFA8F0CCA1
:105B30008D560260A2A62081FB207BF7ADCA034AE6
:105B400090034CF6F1ADDD0385B4ADDE0385B5A958
:105B50000085B0A90A85B1A9FF85B285B320D5F724
:105B600020B4F9D025ADFF0A8DED022069FB8EDD52
:105B7000038CDE03A202BDC8039DEA02CA10F72C03
:105B8000EC0210032049F24CF2FA2037F6D0ADC9EE
:105B90002AF037C923D00FEEC603D003EEC703A205
:105BA000FF2CB7D9D055A9F7203DF300D742616447
:105BB00020524F4D00A0FF2090FBA90185C220502C
:105BC000FB2095F9A903C5C2D0F7A000207CFB20DB
:105BD00097F7501A99B203F006C8C00BD0F188A20B
:105BE0000C2097F750089DB203E8E01FD0F398AA65
:105BF000A90099B203A5BE05BF85C12078FB84C268
:105C00008AD059AD4702F0AD2051EEC92BD080A902
:105C10000825E2F003204DF22018EE90EBB860ADBD
:105C20004702F0118A4898482051EE85BDA9FF85AA
:105C3000C068A868AA2084F808483866CB45BF85A4
:105C4000BFA5BF2A900C6A490885BFA5BE4910852B
:105C5000BE3826BE26BF46CBD0E7682860A900859F
:105C6000BDA20086BC500AADC8030DC903F002A254
:105C70000486C26008A203A9009DCB03CA10FAAD36
:105C8000C6030DC703D0052092F8F0032096F8A9AB
:105C90002A85BD2078FB204AFB2084F888C8B9D229
:105CA0000399B2032075F8D0F4A20CBDB20320759D
:105CB000F8E8E01DD0F5207BF8ADC8030DC903F06E
:105CC0001CA000207CFBB1B020D3FBF003AEE5FEAE
:105CD0008A2075F8C8CCC803D0EC207BF82084F863
:105CE0002084F82046FBA9012098F82820B9F82C38
:105CF000CA031008082092F82046F228602082F893
:105D00004CB0F7A5BF2082F8A5BE85BD2095F9242B
:105D1000C010F9A90085C0A5BD60A932D002A5C7F1
:105D2000A2058D40022095F92C400210F8CAD0F24D
:105D300060ADC6030DC703F0052CDF031003204937
:105D4000F2A00084BAADCA038DDF0320DCE7F06B5C
:105D5000A90D20EEFFB9B203F010C9209004C97F4D
:105D60009002A93F20EEFFC8D0EBAD4702F004241B
:105D7000BB50482091F9C8C00B90EFADC603AA20D4
:105D80007AF92CCA0310348A186DC90385CD2075A1
:105D9000F9ADC80385CC207AF924BB501EA204209B
:105DA00091F9CAD0FAA20F2027F92091F9A213A0E5
:105DB00004BDB203207AF9CA88D0F660AD4702F07C
:105DC000034C10E3208EFB20E2FB20DCE7F0EC200C
:105DD00046FA5245434F5244207468656E2052453E
:105DE0005455524E002095F920E0FFC90DD0F64CD5
:105DF000E7FFE6B1D006E6B2D002E6B360482091F4
:105E0000F968484A4A4A4A2083F96818290F6930D4
:105E1000C93A900269064CEEFFA920D0F90824EB9C
:105E2000300424FF30022860203BF320F2FAA97EE0
:105E300020F4FF00114573636170650098F00D2038
:105E400046FA0D4C6F6164696E670D0085BAA2FF5A
:105E5000A5C1D00D2072FA08A2FFA099A9FA28D0F6
:105E60001CA08EA5C1F004A9FAD012ADC603C5B41A
:105E7000D007ADC703C5B5F013A0A4A9FA48984848
:105E80008A4820B6F868AA68A868D0148A4820A969
:105E9000F820D6FA68AAA5BE05BFF079A08EA9FAA7
:105EA000C6BA4824EB300D8A2D4702D0078A291143
:105EB00025BBF0106885B984B8208BF646EB20E846
:105EC000FA6CB80068C8D00318690148984820DC0B
:105ED000E7A86885B86885B99808E6B8D002E6B939
:105EE000A000B1B8F00A2808F0F020E3FF4C52FA05
:105EF00028E6B8D002E6B96CB800A2FFE8BDD2032C
:105F0000D0078AF003BDB2036020E3E45DB203B0C2
:105F10000229DFF0E76000D80D446174613F00D0D2
:105F20001500DB0D46696C653F00D00A00DA0D42B2
:105F30006C6F636B3F00A5BAF0218AF01EA9222482
:105F4000BBF0182046FBA8204AFA0D075265776976
:105F50006E6420746170650D0D0060204DF2A5C265
:105F6000F0F82095F9AD4702F0F42088F54CD6FA08
:105F700020DCE7F005A90720EEFFA98020BDFBA2E9
:105F8000002095FB0878AD82028D10FEA90085EAFD
:105F9000F001082046FBAD50024C89E12824FF1097
:105FA0001860A5E30A0A0A0A85BBADD103D008A58B
:105FB000E329F085BBA90685C75808782C4F021045
:105FC000DBA5EA30D7A90185EA2046FB2860A903B2
:105FD000D01BA93085CAD013A9058D10FEA2FFCA17
:105FE000D0FD86CAA9858D10FEA9D005C68D08FEF4
:105FF00060AEC603ACC703E886B4D001C884B56000
:10600000A00084C084BE84BF60A0FFC8E8BD0003B8
:1060100099D203D0F660A00058A20184C3A989A434
:10602000C34CF4FF85BC984D4702A8A5E225BC4AA5
:1060300088F0044A88D002B04D00DE4368616E6E7D
:10604000656C00A90120D3FBF03C8AA2B0A00048F7
:10605000A9C020060490FB684C0604AAA5B225B38B
:10606000C9FFF005AD7A02298060A9858D10FE2058
:1060700046FBA9102063FB2095F9AD08FE2902F02C
:10608000F6A9AA8D09FE600028432920313938314C
:106090002041636F726E20436F6D7075746572730B
:1060A000204C74642E5468616E6B7320617265209D
:1060B00064756520746F2074686520666F6C6C6F02
:1060C00077696E6720636F6E7472696275746F7240
:1060D0007320746F2074686520646576656C6F70DA
:1060E0006D656E74206F662074686520424243209F
:1060F000436F6D70757465722028616D6F6E6720D7
:106100006F746865727320746F6F206E756D657241
:106110006F757320746F206D656E74696F6E293AA8
:106120002D20446176696420416C6C656E2C426F51
:10613000622041757374696E2C52616D2042616EEC
:1061400065726A65652C5061756C20426F6E642CB7
:10615000416C6C656E20426F6F7468726F79642C4D
:1061600043616D6272696467652C436C656172742A
:106170006F6E652C4A6F686E20436F6C6C2C4A6F93
:10618000686E20436F782C416E6479204372697089
:1061900070732C43687269732043757272792C3660
:1061A0003530322064657369676E6572732C4A6599
:1061B00072656D792044696F6E2C54696D20446F4F
:1061C00062736F6E2C4A6F652044756E6E2C506141
:1061D000756C2046617272656C6C2C4665727261DA
:1061E0006E74692C537465766520467572626572AB
:1061F0002C4A6F6E20476962626F6E732C416E6429
:1062000072657720476F72646F6E2C4C6177726590
:106210006E636520486172647769636B2C44796CA6
:10622000616E204861727269732C4865726D616E8F
:106230006E204861757365722C4869746163686982
:106240002C416E647920486F707065722C49434C04
:106250002C4D617274696E204A61636B736F6E2C92
:10626000427269616E204A6F6E65732C4368726971
:1062700073204A6F7264616E2C4461766964204BAE
:10628000696E672C4461766964204B6974736F6E24
:106290002C5061756C204B72697761637A656B2C49
:1062A000436F6D7075746572204C61626F726174BA
:1062B0006F72792C5065746572204D696C6C6572D3
:1062C0002C417274687572204E6F726D616E2C472E
:1062D0006C796E205068696C6C6970732C4D696BB9
:1062E000652050726565732C4A6F686E2052616438
:1062F000636C696666652C57696C626572666F725D
:10630000636520526F61642C506574657220526F12
:1063100062696E736F6E2C52696368617264205299
:10632000757373656C6C2C4B696D205370656E636F
:10633000652D4A6F6E65732C47726168616D2054DC
:10634000656262792C4A6F6E20546861636B72617A
:10635000792C4368726973205475726E65722C4192
:10636000647269616E205761726E65722C526F673C
:1063700065722057696C736F6E2C416C616E20578B
:1063800072696768742ECDD92051FF2051FF2051CA
:10639000FF2051FF2051FF2051FF2051FF2051FFCE
:1063A0002051FF2051FF2051FF2051FF2051FF209D
:1063B00051FF2051FF2051FF2051FF2051FF20515C
:1063C000FF2051FF2051FF2051FF2051FF2051FF9E
:1063D0002051FF2051FF2051FF48484848480848B5
:1063E0008A489848BAA9FF9D0801A9889D0701BC61
:1063F0000A01B99D0D9D0501B99E0D9D0601A5F4EB
:106400009D0901B99F0D85F48D30FE68A868AA68C2
:106410004008488A48BABD02019D0501BD03019D9F
:10642000060168AA68686885F48D30FE6828608A6D
:10643000B02ABC00FC60BC00FD60BC00FE603640C1
:10644000D94C0BDC4CC0C44C94E44C1EEA4C2FEAF3
:106450004CC5DE4CA4E06C1C026C1A026C18026C79
:1064600016026C14026C12026C1002C90DD007A93E
:106470000A20EEFFA90D6C0E026C0C026C0A026C75
:106480000802000DCDD91CDC70B5254B25491D68CF
:10649000254B2648595A1A5A1F2931D980241100F0
:1064A000203292B22401A242A4410831224059185C
:1064B0001A521C68EFF3108072B62268002AFCD0D2
:1064C000BFF35F8F174C58601A5B203A1A531B6852
:1064D000BFF35F8F00221A6080F31088A023DB05D2
:1064E0009C46134BAD011A6865442960930111491C
:1064F0006344D9630123614693400F4A8B5070BDBA
:10650000002A0AD10D4A9A18117A0D4A9C182000C7
:10651000202201F0A5F82100E0E7013AF3E7C046A8
:106520003C4103202C080000E4A202202A080000BD
:106530005C41032054B402201C040000FF0700004B
:10654000080800000000000000000000000000003B
:10655000000000000000000000000000000000003B
:10656000000000000000000000000000000000002B
:10657000000000000000000000000000000000001B
:10658000000000000000000000000000000000000B
:1065900000000000000000000000000000000000FB
:1065A00000000000000000000000000000000000EB
:1065B00000000000000000000000000000000000DB
:1065C00000000000000000000000000000000000CB
:1065D00000000000000000000000000000000000BB
:1065E00000000000000000000000000000000000AB
:1065F000000000000000000000000000000000009B
:10660000000000000000000000000000000000008A
:10661000000000000000000000000000000000007A
:10662000000000000000000000000000000000006A
:10663000000000000000000000000000000000005A
:10664000000000000000000000000000000000004A
:10665000000000000000000000000000000000003A
:10666000000000000000000000000000000000002A
:10667000000000000000000000000000000000001A
:10668000000000000000000000000000000000000A
:1066900000000000000000000000000000000000FA
:1066A00000000000000000000000000000000000EA
:1066B00000000000000000000000000000000000DA
:1066C00000000000000000000000000000000000CA
:1066D00000000000000000000000000000000000BA
:1066E00000000000000000000000000000000000AA
:1066F000000000000000000000000000000000009A
:106700000000000000000000000000000000000089
:106710000000000000000000000000000000000079
:106720000000000000000000000000000000000069
:106730000000000000000000000000000000000059
:106740000000000000000000000000000000000049
:106750000000000000000000000000000000000039
:106760000000000000000000000000000000000029
:106770000000000000000000000000000000000019
:106780000000000000000000000000000000000009
:1067900000000000000000000000000000000000F9
:1067A00000000000000000000000000000000000E9
:1067B00000000000000000000000000000000000D9
:1067C00000000000000000000000000000000000C9
:1067D00000000000000000000000000000000000B9
:1067E00000000000000000000000000000000000A9
:1067F0000000000000000000000000000000000099
:106800000000000000000000000000000000000088
:106810000000000000000000000000000000000078
:106820000000000000000000000000000000000068
:106830000000000000000000000000000000000058
:106840000000000000000000000000000000000048
:106850000000000000000000000000000000000038
:106860000000000000000000000000000000000028
:106870000000000000000000000000000000000018
:106880000000000000000000000000000000000008
:1068900000000000000000000000000000000000F8
:1068A00000000000000000000000000000000000E8
:1068B00000000000000000000000000000000000D8
:1068C00000000000000000000000000000000000C8
:1068D00000000000000000000000000000000000B8
:1068E00000000000000000000000000000000000A8
:1068F0000000000000000000000000000000000098
:106900000000000000000000000000000000000087
:106910000000000000000000000000000000000077
:106920000000000000000000000000000000000067
:106930000000000000000000000000000000000057
:106940000000000000000000000000000000000047
:106950000000000000000000000000000000000037
:106960000000000000000000000000000000000027
:106970000000000000000000000000000000000017
:106980000000000000000000000000000000000007
:1069900000000000000000000000000000000000F7
:1069A00000000000000000000000000000000000E7
:1069B00000000000000000000000000000000000D7
:1069C00000000000000000000000000000000000C7
:1069D00000000000000000000000000000000000B7
:1069E00000000000000000000000000000000000A7
:1069F0000000000000000000000000000000000097
:106A00000000000000000000000000000000000086
:106A10000000000000000000000000000000000076
:106A20000000000000000000000000000000000066
:106A30000000000000000000000000000000000056
:106A40000000000000000000000000000000000046
:106A50000000000000000000000000000000000036
:106A60000000000000000000000000000000000026
:106A70000000000000000000000000000000000016
:106A80000000000000000000000000000000000006
:106A900000000000000000000000000000000000F6
:106AA00000000000000000000000000000000000E6
:106AB00000000000000000000000000000000000D6
:106AC00000000000000000000000000000000000C6
:106AD00000000000000000000000000000000000B6
:106AE00000000000000000000000000000000000A6
:106AF0000000000000000000000000000000000096
:106B00000000000000000000000000000000000085
:106B10000000000000000000000000000000000075
:106B20000000000000000000000000000000000065
:106B30000000000000000000000000000000000055
:106B40000000000000000000000000000000000045
:106B50000000000000000000000000000000000035
:106B60000000000000000000000000000000000025
:106B70000000000000000000000000000000000015
:106B80000000000000000000000000000000000005
:106B900000000000000000000000000000000000F5
:106BA00000000000000000000000000000000000E5
:106BB00000000000000000000000000000000000D5
:106BC00000000000000000000000000000000000C5
:106BD00000000000000000000000000000000000B5
:106BE00000000000000000000000000000000000A5
:106BF0000000000000000000000000000000000095
:106C00000000000000000000000000000000000084
:106C10000000000000000000000000000000000074
:106C20000000000000000000000000000000000064
:106C30000000000000000000000000000000000054
:106C40000000000000000000000000000000000044
:106C50000000000000000000000000000000000034
:106C60000000000000000000000000000000000024
:106C70000000000000000000000000000000000014
:106C80000000000000000000000000000000000004
:106C900000000000000000000000000000000000F4
:106CA00000000000000000000000000000000000E4
:106CB00000000000000000000000000000000000D4
:106CC00000000000000000000000000000000000C4
:106CD00000000000000000000000000000000000B4
:106CE00000000000000000000000000000000000A4
:106CF0000000000000000000000000000000000094
:106D00000000000000000000000000000000000083
:106D10000000000000000000000000000000000073
:106D20000000000000000000000000000000000063
:106D30000000000000000000000000000000000053
:106D40000000000000000000000000000000000043
:106D50000000000000000000000000000000000033
:106D60000000000000000000000000000000000023
:106D700000000000D02330B500251B0600245D571D
:106D800005E0BFF35F8F1C6081F3108820BF0268AD
:106D9000EFF3108172B61368002BFCD0BFF35F8F46
:106DA000027903687F2AECD90571BFF35F8F002257
:106DB0001A6081F3108830BDF0B5C646150000B5E5
:106DC00004001E000268EFF3108172B61368002BF6
:106DD000FCD0BFF35F8F0423E3562268002B2BDB2C
:106DE000BFF35F8F0020106081F31088D02212065D
:106DF0001278002752B290469A420ED1002080BCF1
:106E0000B846F0BDBFF35F8F176081F3108828008C
:106E1000310000F005FC0028F0D12268EFF310816A
:106E200072B61368002BFCD0BFF35F8F2379226802
:106E30007F2BE7D9434602E0D0231B061B68237152
:106E4000BFF35F8F0023136081F310880120D6E722
:106E5000F0B5C64600B50D00040000F0F9FBFA22BB
:106E600006000F00002328000021920000F010FC13
:106E700036184F41002F02DA0126174F7642D023F1
:106E80001B061B68002598460AE0BFF35F8F15605C
:106E900081F310883000390000F0C2FB002818D1BF
:106EA0002268EFF3108172B61368002BFCD0BFF399
:106EB0005F8F237922687F2BE7D943462371BFF385
:106EC0005F8F0023136081F31088012080BCB846D7
:106ED000F0BD0020FAE7C046FFFFFF7F0268EFF336
:106EE000108172B61368002BFCD0BFF35F8FFF23B5
:106EF00003710368BFF35F8F00221A6081F310886B
:106F000040BF7047F0B5DE4657464E464546010045
:106F1000E0B5040083B00068343100F0A1FA9B238F
:106F20009B00E358002B32D0A1239B00E258EFF3E3
:106F3000108572B61368002BFCD0BFF35F8FA123BE
:106F40009B00E1180B894A89C8899A1A00D541E14A
:106F5000A126B600A659B046824200D1EDE19B229F
:106F60009200A2589F00944666464A680133BE507C
:106F7000002217009BB298425741784203400B8190
:106F8000BFF35F8F43461A6085F3108840BF9A2392
:106F90009B229B00E1589200A1500022E2502368FE
:106FA000A1681A69904B89019C46520861440B689C
:106FB0009A42FCD18C4BA1699C46890161440B68C3
:106FC0009A42FCD1884BA16A9C46890161440B68B6
:106FD0009342FCD19D229C23920093469B009946AC
:106FE000E358A344002B00D17FE0A1239B0000269F
:106FF000E1181DE0824200D165E0019040464A68F8
:107000009F00B8500133019A9BB2934200D962E0CD
:107010000B81BFF35F8F63461E6085F3108840BF0E
:107020004B464A46E358013BA350002B00D15CE09D
:107030009D239B00E258EFF3108072B61368002B7B
:10704000FCD0BFF35F8F5B465A465B891289D21A28
:1070500003D55D46ED8901355219002A3DD05A46C7
:1070600052689D00AA58350090465A460133D2898D
:107070009BB29A4275416A4213405A4653819D23FE
:107080009B00E358BFF35F8F1E6080F3108840BF02
:10709000A1239B00E258EFF3108572B61368002B12
:1070A000FCD0BFF35F8FA127BF000B894A89E75946
:1070B000C889BC469A1A00D49CE7471CBA46524479
:1070C000824200D099E7BFF35F8F63461E6085F36D
:1070D000108820BFDCE70E819BE79D239B00E358CF
:1070E000BFF35F8F1A6080F310883823E35C032BB3
:1070F00000D17FE0012B3AD0A026F605B446260049
:107100006368A068D90280019B0163446044E8364B
:107110001E60586004202700344D354A2940114331
:10712000986019616369A669D9022940B6019B017B
:107130002937634411436644FF371F605E609860DF
:107140001961636AD90229400A43A16A9B01890136
:10715000493463446144FF341C60596098601A618B
:1071600003B0F0BCBB46B246A946A046F0BDA0267F
:10717000F605B44626006368A068D90280019B0129
:107180006344604468361E60586004202700174D31
:10719000174A29401143986019616369A669D902A9
:1071A0002940B6019B01634411436644A8371F6020
:1071B0005E6098601961636AD90229400A43A16A36
:1071C0009B01890163446144C8341C605960986024
:1071D0001A61C5E7461C9219A126B600A659B04609
:1071E000824200D0BBE6A8E004080050FDFF1FFF6C
:1071F00039851F009D239B00E358EFF3108072B682
:107200001A68002AFCD0BFF35F8F9D239B009B462A
:10721000A3445B465A891B899B1A00D5E2E09D2155
:1072200089006558002B00D190E05B465B689200B6
:10723000D258BFF35F8F00232B6080F31088636BFD
:10724000DB0700D4E0E0002758466258EFF3108CCB
:1072500072B61368002BFCD0BFF35F8F458902899B
:107260006658521B00D5C2E000D1C6E04268A900B2
:10727000895800222B00170083460133C0899BB236
:10728000984257417842034058464381BFF35F8F8D
:1072900032608CF3108840BF9A239B00E150382362
:1072A000E35C012B00D162E7032B00D024E7002927
:1072B00061D02600A0276936FF3632002068FF051E
:1072C00000F0F0F8BC466368A068D90280019B0119
:1072D000634460441E605860042027004B4D4C4AB4
:1072E00029401143986019616369A669D902294050
:1072F000B6019B01A937634411436644FF371F6001
:107300005E6098601961636AD902294025000A43CA
:10731000A16A9B018901C93563446144FF351D6041
:10732000596098601A61636E002B00D118E7626B98
:10733000D20700D414E7984712E7BFF35F8F00230A
:10734000336085F31088334800F092F9BFF35F8F04
:107350002B6080F310883823E25C636BDB0704D575
:107360009C218900635801336350012A00D1FEE655
:10737000032A00D0C0E6A026F605B44626006368BE
:10738000A068D90280019B01E93663446044FF365E
:107390001E60586004208A271C4D1D4A2940114355
:1073A000986019616369A669D9022940B6019B01F9
:1073B000BF00634411436644E7191F605E60986034
:1073C0001961636AD902294092250A43A16A9B0187
:1073D0008901AD006344614465191D60596098607E
:1073E0001A61A0E75946C98901315B1817E7C389BB
:1073F00001339A18002A00D038E7BFF35F8F376057
:107400008CF3108820BF20E7110048E7FDFF1FFF25
:1074100039851F005CB40910064BA0215868012370
:10742000826810B59340044AC9058B50FFF76AFD86
:1074300010BDC046983003201C040000064BA0215C
:1074400018680123826810B59340044AC9058B501F
:10745000FFF758FD10BDC046983003200C04000013
:107460000B680A7901330B60002A03D180698342DB
:1074700005D07047012A09D1C0698342F9D103239D
:10748000013213400B7100230B60F2E7022A03D193
:10749000006A8342EDD1F2E7032AEAD1406A8342CF
:1074A000E7D1ECE70069116343089B008000CB182B
:1074B000091813651167704700FD070000FD0700FC
:1074C00001FA0B0054530D00ABAC020054510500FF
:1074D000ABAE0A00000000001800000048000000E9
:1074E0006000000020030000010000000300000015
:1074F0000A00000007000000E001000020810400F5
:10750000F8B557464E464546DE46E0B51D00D02349
:107510001B061B680C009C46304B070099460A98D6
:1075200040261C612E4B11004A4698461C61431CA4
:107530009B021E43D662482642463343D3628422CE
:1075400043011B185B0112019E181D234A461B1A9A
:1075500033431363424613636B089B009A46082625
:10756000102386408340A619E418AB009B4663466F
:107570002A0038008A448B44002B19D015F002F8F9
:107580004B461E6143462A00514638001E6114F0E6
:10759000F9FF4B461C6143462A00594638001C61DE
:1075A00014F0F0FFF0BCBB46B246A946A046F8BDB9
:1075B00015F056FE4B461E6143462A0051463800E0
:1075C0001E6115F04DFE4B461C6143462A0059468C
:1075D00038001C6115F044FEE4E7C046800000D08E
:1075E000C00000D00C4B10B51C6801006269EFF3BD
:1075F000108072B61368002BFCD0BFF35F8FA061C0
:10760000200000F01DF86269A369BFF35F8F0021BD
:10761000116083F3108810BD702F03207047C0469F
:1076200001B40248844601BC604700BF15D0081071
:1076300001B40248844601BC604700BF31BA08105B
:1076400001B40248844601BC604700BF31580910AC
:1076500001B40248844601BC604700BFC9D108108C
:1076600001B40248844601BC604700BFB10809105C
:1076700001B40248844601BC604700BF7DE00810A9
:1076800001B40248844601BC604700BF751109106F
:1076900001B40248844601BC604700BFBD06091022
:1076A00001B40248844601BC604700BFD9100910EC
:1076B000FFFFFFFF44410320100000000000000016
:1076C00000000100000000000000000000000200B7
:1076D00000000000000000000000030000000000A7
:1076E000000000000000FF000000000001B5486835
:1076F00001318E460047704609380149884701BD6F
:1077000025C80810BCB402200000000018BD0220EB
:107710005830032000000000000000006830032003
:107720000000000000000000100000000000000049
:10773000503300004C33000054330000523300003B
:107740004D5300004D43000053340000433400000B
:10775000650C091000000000B10C0910690D09103A
:10776000000000000001000058B4091038B40910EE
:10777000742F032010000C00000000000000000027
:10778000000000000000000000000000FF000000FA
:10779000FFFFFFFF000002000000000000000000EB
:1077A00038B5022038B5022040B5022040B502208D
:1077B00048B5022048B5022050B5022050B502203D
:1077C00058B5022058B5022060B5022060B50220ED
:1077D00068B5022068B5022070B5022070B502209D
:1077E00078B5022078B5022080B5022080B502204D
:1077F00088B5022088B5022090B5022090B50220FD
:1078000098B5022098B50220A0B50220A0B50220AC
:10781000A8B50220A8B50220B0B50220B0B502205C
:10782000B8B50220B8B50220C0B50220C0B502200C
:10783000C8B50220C8B50220D0B50220D0B50220BC
:10784000D8B50220D8B50220E0B50220E0B502206C
:10785000E8B50220E8B50220F0B50220F0B502201C
:10786000F8B50220F8B5022000B6022000B60220CA
:1078700008B6022008B6022010B6022010B6022078
:1078800018B6022018B6022020B6022020B6022028
:1078900028B6022028B6022030B6022030B60220D8
:1078A00038B6022038B6022040B6022040B6022088
:1078B00048B6022048B6022050B6022050B6022038
:1078C00058B6022058B6022060B6022060B60220E8
:1078D00068B6022068B6022070B6022070B6022098
:1078E00078B6022078B6022080B6022080B6022048
:1078F00088B6022088B6022090B6022090B60220F8
:1079000098B6022098B60220A0B60220A0B60220A7
:10791000A8B60220A8B60220B0B60220B0B6022057
:10792000B8B60220B8B60220C0B60220C0B6022007
:10793000C8B60220C8B60220D0B60220D0B60220B7
:10794000D8B60220D8B60220E0B60220E0B6022067
:10795000E8B60220E8B60220F0B60220F0B6022017
:10796000F8B60220F8B6022000B7022000B70220C5
:1079700008B7022008B7022010B7022010B7022073
:1079800018B7022018B7022020B7022020B7022023
:1079900028B7022028B7022030B7022030B70220D3
:1079A00038B7022038B7022040B7022040B7022083
:1079B00048B7022048B7022050B7022050B7022033
:1079C00058B7022058B7022060B7022060B70220E3
:1079D00068B7022068B7022070B7022070B7022093
:1079E00078B7022078B7022080B7022080B7022043
:1079F00088B7022088B7022090B7022090B70220F3
:107A000098B7022098B70220A0B70220A0B70220A2
:107A1000A8B70220A8B70220B0B70220B0B7022052
:107A2000B8B70220B8B70220C0B70220C0B7022002
:107A3000C8B70220C8B70220D0B70220D0B70220B2
:107A4000D8B70220D8B70220E0B70220E0B7022062
:107A5000E8B70220E8B70220F0B70220F0B7022012
:107A6000F8B70220F8B7022000B8022000B80220C0
:107A700008B8022008B8022010B8022010B802206E
:107A800018B8022018B8022020B8022020B802201E
:107A900028B8022028B8022030B8022030B80220CE
:107AA00038B8022038B8022040B8022040B802207E
:107AB00048B8022048B8022050B8022050B802202E
:107AC00058B8022058B8022060B8022060B80220DE
:107AD00068B8022068B8022070B8022070B802208E
:107AE00078B8022078B8022080B8022080B802203E
:107AF00088B8022088B8022090B8022090B80220EE
:107B000098B8022098B80220A0B80220A0B802209D
:107B1000A8B80220A8B80220B0B80220B0B802204D
:107B2000B8B80220B8B80220C0B80220C0B80220FD
:107B3000C8B80220C8B80220D0B80220D0B80220AD
:107B4000D8B80220D8B80220E0B80220E0B802205D
:107B5000E8B80220E8B80220F0B80220F0B802200D
:107B6000F8B80220F8B8022000B9022000B90220BB
:107B700008B9022008B9022010B9022010B9022069
:107B800018B9022018B9022020B9022020B9022019
:107B900028B9022028B9022030B9022030B90220C9
:107BA00048B902200000000000000000C4C202200A
:107BB0002CC3022094C3022000000000000000003B
:107BC00000000000000000000000000000000000B5
:107BD00000000000000000000000000000000000A5
:107BE0000000000000000000000000000000000095
:107BF0000000000000000000000000000000000085
:107C00000000000000000000000000000000000074
:107C10000000000000000000000000000000000064
:107C20000000000000000000000000000000000054
:107C30000000000000000000000000000000000044
:107C400001000000000000000E33CDAB34126DE6E1
:107C5000ECDE05000B00000000000000000000004A
:107C60000000000000000000000000000000000014
:107C70000000000000000000000000000000000004
:107C800000000000000000000000000000000000F4
:107C900000000000000000000000000000000000E4
:107CA00000000000000000000000000000000000D4
:107CB00000000000000000000000000000000000C4
:107CC00000000000000000000000000000000000B4
:107CD00000000000000000000000000000000000A4
:107CE0000000000000000000000000000000000094
:107CF0000000000000000000A1080910ADF9081004
:107D0000C5000910950709107DB0091031830810CE
:107D1000FCB5FCC9FCC0FCC9FCC0FCC9FCC0FCC96A
:107D2000FCC0FCC9FCC0FCC9FCC0FCC9FCC0FCC94F
:107D3000FCC0FCC9FCC0FCC9FCC0FCC9FCC0FCC93F
:107D4000FCC0FCC9FCC0FCC9FCC0FCC9FCC0FCC92F
:107D5000FCC0FCC9FCC0FCC9FCC0FCC9FCC0FCC91F
:107D6000FCC0FCC9FCC0FCC9FCC0FCC9FCC0FCC90F
:107D7000FCC0FCC9FCC0FCC9FCC0FCC9FCC0FCC9FF
:107D8000FCC0FCC9FCC0FCC9FCC0FCC9FCC0FCC9EF
:107D9000FCC0FCC9FCC0FCC9FCC0FCC9FCC0FCC9DF
:107DA000FCC0FCC9FCC0FCC9FCC0FCC9FCC0FCC9CF
:107DB000FCC0FCC9FCC0FCC9FCC0FCC9FCC0FCC9BF
:107DC000FCC0FCC9FCC0FCC9FCC0FCC9FCC0FCC9AF
:107DD000FCC0FCC9FCC0FCC9FCC0FCC9FCC0FCC99F
:107DE000FCC0FCC9FCC0FCC9FCC0FCC9FCC0FCC98F
:107DF000FCC0FCC9FCC0FCC9FCC0FCC9FCC0FCC97F
:107E0000FCC0FCC9FCC0FCC9FCC0FCC9FCC0FCC96E
:107E1000FCC0FCC9FCC0FCC9FCC0FCC9FCC0FCC95E
:107E2000FCC0FCC9FCC0FCC9FCC0FCC9FCC0FCC94E
:107E3000FCC0FCC9FCC0FCC9FCC0FCC9FCC0FCC93E
:107E4000FCC0FCC9FCC0FCC9FCC0FCC9FCC0FCC92E
:107E5000FCC0FCC9FCC0FCC9FCC0FCC9FCC0FCC91E
:107E6000FCC0FCC9FCC0FCC9FCC0FCC9FCC0FCC90E
:107E7000FCC0FCC9FCC0FCC9FCC0FCC9FCC0FCC9FE
:107E8000FCC0FCC9FCC0FCC9FCC0FCC9FCC0FCC9EE
:107E9000FCC0FCC9FCC0FCC9FCC0FCC9FCC0FCC9DE
:107EA000FCC0FCC9FCC0FCC9FCC0FCC9FCC0FCC9CE
:107EB000FCC0FCC9FCC0FCC9FCC0FCC9FCC0FCC9BE
:107EC000FCC0FCC9FCC0FCC9FCC0FCC9FCC0FCC9AE
:107ED000FCC0FCC9FCC0FCC9FCC0FCC9FCC0FCC99E
:107EE000FCC0FCC9FCC0FCC9FCC0FCC9FCC0FCC98E
:107EF000FCC0FCC9FCC0FCC9FCC0FCC9FCC0FCC97E
:107F0000FCC0FCC9FCC0FCC9FCC0FCC9FCC0FCC96D
:107F1000FCC0FCC9FCC0FCC9FCC0FCC9FCC0FCC95D
:107F2000FCC0FCC9FCC0FCC9FCC0FCC9FCC0FCC94D
:107F3000FCC0FCC9FCC0FCC9FCC0FCC9FCC0FCC93D
:107F4000FCC0FCC9FCC0FCC9FCC0FCC9FCC0FCC92D
:107F5000FCC0FCC9FCC0FCC9FCC0FCC9FCC0FCC91D
:107F6000FCC0FCC9FCC0FCC9FCC0FCC9FCC0FCC90D
:107F7000FCC0FCC9FCC0FCC9FCC0FCC9FCC0FCC9FD
:107F8000FCC0FCC9FCC0FCC9FCC0FCC9FCC0FCC9ED
:107F9000FCC0FCC9FCC0FCC9FCC0FCC9FCC0FCC9DD
:107FA000FCC0FCC9FCC0FCC9FCC0FCC9FCC0FCC9CD
:107FB000FCC0FCC9FCC0FCC9FCC0FCC9FCC0FCC9BD
:107FC000FCC0FCC9FCC0FCC9FCC0FCC9FCC0FCC9AD
:107FD000FCC0FCC9FCC0FCC9FCC0FCC9FCC0FCC99D
:107FE000FCC0FCC9FCC0FCC9FCC0FCC9FCC0FCC98D
:107FF000FCC0FCC9FCC0FCC9FCC0FCC9FCC0FCC97D
:10800000FCC0FCC9FCC0FCC9FCC0FCC9FCC0FCC96C
:10801000FCC0FCC9FCC0FCC9FCC0FCC9FCC0FCC95C
:10802000FCC0FCC9FCC0FCC9FCC0FCC9FCC0FCC94C
:10803000FCC0FCBDF0B5444610B452000A4494465E
:10804000C54A00245460E443546402A40134A046A9
:108050007CE1C04628C89C0B9B00AE0BAD001360B2
:108060001364936A1B68976E3F68BF023B431460BA
:108070001464946A2468976E3F68BF023C4315609D
:108080001564956A2D68976E3F68BF023D43166080
:108090001664966A3668976E3F68BF023E4378C1A1
:1080A00028C89C0B9B00AE0BAD0013601364936A51
:1080B0001B68976E3F68BF023B4314601464946A68
:1080C0002468976E3F68BF023C4315601564956A4B
:1080D0002D68976E3F68BF023D4316601664966A2E
:1080E0003668976E3F68BF023E4378C128C89C0B34
:1080F0009B00AE0BAD0013601364936A1B68976E10
:108100003F68BF023B4314601464946A2468976E0E
:108110003F68BF023C4315601564956A2D68976EF1
:108120003F68BF023D4316601664966A3668976ED4
:108130003F68BF023E4378C128C89C0B9B00AE0B32
:10814000AD0013601364936A1B68976E3F68BF02AB
:108150003B4314601464946A2468976E3F68BF02BE
:108160003C4315601564956A2D68976E3F68BF02A1
:108170003D4316601664966A3668976E3F68BF0284
:108180003E4378C128C89C0B9B00AE0BAD0013602A
:108190001364936A1B68976E3F68BF023B43146089
:1081A0001464946A2468976E3F68BF023C4315606C
:1081B0001564956A2D68976E3F68BF023D4316604F
:1081C0001664966A3668976E3F68BF023E4378C170
:1081D00028C89C0B9B00AE0BAD0013601364936A20
:1081E0001B68976E3F68BF023B4314601464946A37
:1081F0002468976E3F68BF023C4315601564956A1A
:108200002D68976E3F68BF023D4316601664966AFC
:108210003668976E3F68BF023E4378C128C89C0B02
:108220009B00AE0BAD0013601364936A1B68976EDE
:108230003F68BF023B4314601464946A2468976EDD
:108240003F68BF023C4315601564956A2D68976EC0
:108250003F68BF023D4316601664966A3668976EA3
:108260003F68BF023E4378C128C89C0B9B00AE0B01
:10827000AD0013601364936A1B68976E3F68BF027A
:108280003B4314601464946A2468976E3F68BF028D
:108290003C4315601564956A2D68976E3F68BF0270
:1082A0003D4316601664966A3668976E3F68BF0253
:1082B0003E4378C128C89C0B9B00AE0BAD001360F9
:1082C0001364936A1B68976E3F68BF023B43146058
:1082D0001464946A2468976E3F68BF023C4315603B
:1082E0001564956A2D68976E3F68BF023D4316601E
:1082F0001664966A3668976E3F68BF023E4378C13F
:1083000028C89C0B9B00AE0BAD0013601364936AEE
:108310001B68976E3F68BF023B4314601464946A05
:108320002468976E3F68BF023C4315601564956AE8
:108330002D68976E3F68BF023D4316601664966ACB
:108340003668976E3F68BF023E4378C1614500D0F2
:0C835000404710BCA046F0BD800000D0EB
:10835C00F0B5444610B452000A449446C54A002471
:10836C005460E443546402A40134A0467CE1C0464A
:10837C0028C89C0B9B00AE0BAD0013601364936A72
:10838C001B68976E3F68BF023B4314601464946A89
:10839C002468976E3F68BF023C4315601564956A6C
:1083AC002D68976E3F68BF023D4316601664966A4F
:1083BC003668976E3F68BF023E4378C128C89C0B55
:1083CC009B00AE0BAD0013601364936A1B68976E31
:1083DC003F68BF023B4314601464946A2468976E30
:1083EC003F68BF023C4315601564956A2D68976E13
:1083FC003F68BF023D4316601664966A3668976EF6
:10840C003F68BF023E4378C128C89C0B9B00AE0B53
:10841C00AD0013601364936A1B68976E3F68BF02CC
:10842C003B4314601464946A2468976E3F68BF02DF
:10843C003C4315601564956A2D68976E3F68BF02C2
:10844C003D4316601664966A3668976E3F68BF02A5
:10845C003E4378C128C89C0B9B00AE0BAD0013604B
:10846C001364936A1B68976E3F68BF023B431460AA
:10847C001464946A2468976E3F68BF023C4315608D
:10848C001564956A2D68976E3F68BF023D43166070
:10849C001664966A3668976E3F68BF023E4378C191
:1084AC0028C89C0B9B00AE0BAD0013601364936A41
:1084BC001B68976E3F68BF023B4314601464946A58
:1084CC002468976E3F68BF023C4315601564956A3B
:1084DC002D68976E3F68BF023D4316601664966A1E
:1084EC003668976E3F68BF023E4378C128C89C0B24
:1084FC009B00AE0BAD0013601364936A1B68976E00
:10850C003F68BF023B4314601464946A2468976EFE
:10851C003F68BF023C4315601564956A2D68976EE1
:10852C003F68BF023D4316601664966A3668976EC4
:10853C003F68BF023E4378C128C89C0B9B00AE0B22
:10854C00AD0013601364936A1B68976E3F68BF029B
:10855C003B4314601464946A2468976E3F68BF02AE
:10856C003C4315601564956A2D68976E3F68BF0291
:10857C003D4316601664966A3668976E3F68BF0274
:10858C003E4378C128C89C0B9B00AE0BAD0013601A
:10859C001364936A1B68976E3F68BF023B43146079
:1085AC001464946A2468976E3F68BF023C4315605C
:1085BC001564956A2D68976E3F68BF023D4316603F
:1085CC001664966A3668976E3F68BF023E4378C160
:1085DC0028C89C0B9B00AE0BAD0013601364936A10
:1085EC001B68976E3F68BF023B4314601464946A27
:1085FC002468976E3F68BF023C4315601564956A0A
:10860C002D68976E3F68BF023D4316601664966AEC
:10861C003668976E3F68BF023E4378C128C89C0BF2
:10862C009B00AE0BAD0013601364936A1B68976ECE
:10863C003F68BF023B4314601464946A2468976ECD
:10864C003F68BF023C4315601564956A2D68976EB0
:10865C003F68BF023D4316601664966A3668976E93
:10866C003F68BF023E4378C1614500D0404710BC13
:08867C00A046F0BD800000D013
:04000005100881E975
:00000001FF
